0;0;0;0;land;false;unknown;0
1;168;16;1;land;false;urban;7
2;231;47;1;land;false;plains;7
3;187;6;1;land;false;urban;7
4;226;44;1;land;false;plains;7
5;190;7;1;land;false;plains;7
6;213;21;1;land;false;plains;7
7;212;33;1;land;false;plains;7
8;244;27;1;land;false;urban;7
9;203;34;1;land;false;hills;7
10;243;20;1;land;false;plains;7
11;244;32;1;land;false;plains;7
12;226;28;1;land;false;plains;7
13;157;73;1;land;false;urban;7
14;157;75;1;land;false;plains;7
15;142;101;1;land;true;plains;7
16;160;78;1;land;false;plains;7
17;148;77;1;land;false;plains;7
18;116;117;1;land;true;plains;7
19;92;56;1;land;false;plains;7
20;144;77;1;land;true;plains;7
21;98;64;1;land;false;plains;7
22;131;86;1;land;true;plains;7
23;96;85;1;land;false;plains;7
24;126;78;1;land;false;urban;7
25;170;47;1;land;false;plains;7
26;128;81;1;land;false;urban;7
27;128;71;1;land;true;plains;7
28;170;38;1;land;false;plains;7
29;156;103;1;land;true;plains;7
30;156;117;1;land;false;plains;7
31;146;115;1;land;false;plains;7
32;41;18;1;land;false;plains;7
33;26;13;1;land;false;plains;7
34;24;13;1;land;false;urban;7
35;32;71;1;land;false;plains;7
36;218;206;1;land;true;urban;7
37;223;199;1;land;true;plains;7
38;209;165;1;land;false;plains;7
39;219;180;1;land;true;plains;7
40;251;170;1;land;false;plains;7
41;49;40;1;land;true;plains;7
42;11;78;1;land;false;plains;7
43;14;51;1;land;true;plains;7
44;21;12;1;land;false;plains;7
45;43;48;1;land;true;plains;7
46;168;162;1;land;false;plains;7
47;172;168;1;land;false;hills;7
48;178;193;1;land;false;plains;7
49;237;192;1;land;false;plains;7
50;213;222;1;land;false;plains;7
51;163;167;1;land;false;plains;7
52;74;42;1;land;false;urban;7
53;79;86;1;land;false;plains;7
54;83;46;1;land;false;plains;7
55;76;28;1;land;false;plains;7
56;74;67;1;land;false;plains;7
57;28;21;1;land;false;urban;7
58;46;84;1;land;false;urban;7
59;191;0;1;land;false;mountain;7
60;254;32;1;land;false;hills;7
61;233;40;1;land;false;desert;7
62;195;60;1;land;false;desert;7
63;220;31;1;land;false;desert;7
64;197;37;1;land;false;hills;7
65;240;14;1;land;false;desert;7
66;242;5;1;land;false;desert;7
67;210;33;1;land;false;desert;7
68;209;13;1;land;false;desert;7
69;222;34;1;land;false;desert;7
70;189;45;1;land;false;desert;7
71;198;47;1;land;false;desert;7
72;223;31;1;land;false;desert;7
73;192;18;1;land;false;hills;7
74;218;16;1;land;false;hills;7
75;242;29;1;land;false;desert;7
76;190;34;1;land;false;desert;7
77;218;18;1;land;false;desert;7
78;226;13;1;land;false;desert;7
79;248;64;1;land;false;desert;7
80;214;42;1;land;false;mountain;7
81;216;42;1;land;false;desert;7
82;215;25;1;land;false;mountain;7
83;232;63;1;land;false;desert;7
84;249;31;1;land;false;desert;7
85;192;3;1;land;false;mountain;7
86;217;7;1;land;false;desert;7
87;204;34;1;land;false;desert;7
88;237;17;1;land;false;hills;7
89;204;21;1;land;false;desert;7
90;199;39;1;land;false;hills;7
91;223;24;1;land;false;desert;7
92;203;10;1;land;false;desert;7
93;221;58;1;land;false;desert;7
94;246;25;1;land;false;hills;7
95;195;18;1;land;false;desert;7
96;225;13;1;land;false;desert;7
97;253;12;1;land;false;desert;7
98;208;61;1;land;false;hills;7
99;225;8;1;land;false;desert;7
100;217;1;1;land;false;desert;7
101;242;39;1;land;false;desert;7
102;203;61;1;land;false;desert;7
103;226;1;1;land;false;desert;7
104;208;26;1;land;false;desert;7
105;207;60;1;land;false;desert;7
106;248;48;1;land;false;desert;7
107;228;43;1;land;false;desert;7
108;212;10;1;land;false;desert;7
109;213;10;1;land;false;desert;7
110;218;48;1;land;false;desert;7
111;208;55;1;land;false;desert;7
112;231;9;1;land;false;desert;7
113;235;15;1;land;false;desert;7
114;242;3;1;land;false;desert;7
115;194;39;1;land;false;mountain;7
116;226;65;1;land;false;mountain;7
117;197;11;1;land;false;desert;7
118;217;4;1;land;false;desert;7
119;234;37;1;land;false;desert;7
120;225;15;1;land;false;desert;7
121;200;11;1;land;false;hills;7
122;240;30;1;land;false;mountain;7
123;220;38;1;land;false;desert;7
124;244;44;1;land;false;desert;7
125;250;64;1;land;false;desert;7
126;200;0;1;land;false;mountain;7
127;253;61;1;land;false;desert;7
128;245;54;1;land;false;desert;7
129;244;13;1;land;false;desert;7
130;253;30;1;land;false;desert;7
131;21;110;1;land;false;plains;7
132;18;146;1;land;false;hills;7
133;70;129;1;land;false;plains;7
134;73;114;1;land;false;plains;7
135;32;95;1;land;false;mountain;7
136;17;116;1;land;false;hills;7
137;31;158;1;land;false;urban;7
138;51;111;1;land;false;hills;7
139;70;132;1;land;false;plains;7
140;10;116;1;land;false;plains;7
141;63;131;1;land;false;plains;7
142;217;107;1;land;false;plains;7
143;215;139;1;land;false;plains;7
144;222;119;1;land;false;plains;7
145;229;81;1;land;false;plains;7
146;250;129;1;land;true;plains;7
147;221;98;1;land;false;plains;7
148;248;80;1;land;false;plains;7
149;209;106;1;land;true;plains;7
150;227;150;1;land;false;urban;7
151;205;233;1;land;false;plains;7
152;220;164;1;land;false;urban;7
153;242;194;1;land;false;plains;7
154;207;169;1;land;false;urban;7
155;248;219;1;land;false;plains;7
156;248;160;1;land;false;plains;7
157;233;231;1;land;false;plains;7
158;235;179;1;land;false;plains;7
159;251;209;1;land;false;urban;7
160;234;210;1;land;false;plains;7
161;196;211;1;land;false;plains;7
162;230;210;1;land;false;plains;7
163;238;168;1;land;false;plains;7
164;239;169;1;land;false;plains;7
165;225;203;1;land;false;plains;7
166;220;191;1;land;false;plains;7
167;149;192;1;land;false;plains;7
168;221;207;1;land;false;plains;7
169;178;164;1;land;false;urban;7
170;160;205;1;land;false;plains;7
171;152;169;1;land;false;plains;7
172;184;211;1;land;false;plains;7
173;195;197;1;land;false;plains;7
174;235;132;1;land;false;plains;7
175;218;79;1;land;false;urban;7
176;245;125;1;land;false;urban;7
177;239;81;1;land;false;urban;7
178;216;137;1;land;false;plains;7
179;239;95;1;land;false;plains;7
180;223;84;1;land;false;plains;7
181;210;152;1;land;false;plains;7
182;91;79;1;land;false;plains;7
183;114;58;1;land;false;plains;7
184;98;43;1;land;true;plains;7
185;94;101;1;land;false;plains;7
186;92;69;1;land;false;plains;7
187;113;115;1;land;true;plains;7
188;86;99;1;land;true;plains;7
189;122;74;1;land;false;plains;7
190;118;39;1;land;false;plains;7
191;145;93;1;land;false;plains;7
192;140;101;1;land;false;plains;7
193;128;64;1;land;true;plains;7
194;92;78;1;land;false;plains;7
195;122;47;1;land;true;plains;7
196;72;236;1;land;false;urban;7
197;84;206;1;land;true;plains;7
198;97;236;1;land;false;urban;7
199;53;207;1;land;true;plains;7
200;18;196;1;land;true;plains;7
201;96;230;1;land;true;plains;7
202;53;251;1;land;true;plains;7
203;80;209;1;land;false;plains;7
204;49;48;1;land;true;plains;7
205;24;27;1;land;true;urban;7
206;72;78;1;land;false;plains;7
207;55;15;1;land;true;plains;7
208;6;70;1;land;true;plains;7
209;225;231;1;land;false;plains;7
210;198;223;1;land;false;plains;7
211;251;174;1;land;false;urban;7
212;226;188;1;land;false;plains;7
213;208;159;1;land;false;urban;7
214;194;227;1;land;false;plains;7
215;229;220;1;land;false;hills;7
216;219;190;1;land;false;hills;7
217;231;197;1;land;false;hills;7
218;200;174;1;land;false;plains;7
219;119;172;1;land;false;urban;7
220;123;203;1;land;false;plains;7
221;169;193;1;land;false;urban;7
222;166;137;1;land;false;plains;7
223;169;194;1;land;false;plains;7
224;35;27;1;land;false;hills;7
225;10;6;1;land;false;plains;7
226;40;41;1;land;false;mountain;7
227;27;62;1;land;false;plains;7
228;17;16;1;land;false;plains;7
229;11;32;1;land;false;hills;7
230;3;8;1;land;false;plains;7
231;15;24;1;land;false;mountain;7
232;17;63;1;land;false;plains;7
233;3;9;1;land;false;hills;7
234;3;38;1;land;false;hills;7
235;199;19;1;land;false;plains;7
236;218;10;1;land;false;plains;7
237;244;46;1;land;false;hills;7
238;225;18;1;land;false;plains;7
239;205;18;1;land;false;hills;7
240;253;21;1;land;false;plains;7
241;228;60;1;land;false;plains;7
242;12;29;1;land;false;plains;7
243;53;64;1;land;false;plains;7
244;15;49;1;land;false;plains;7
245;22;23;1;land;false;plains;7
246;27;40;1;land;false;urban;7
247;14;23;1;land;true;plains;7
248;41;28;1;land;true;plains;7
249;2;20;1;land;false;plains;7
250;0;67;1;land;true;plains;7
251;2;30;1;land;true;plains;7
252;131;175;1;land;false;plains;7
253;110;127;1;land;false;plains;7
254;108;182;1;land;false;plains;7
255;123;173;1;land;false;plains;7
256;143;182;1;land;false;plains;7
257;82;191;1;land;false;plains;7
258;140;194;1;land;false;urban;7
259;96;181;1;land;false;plains;7
260;107;137;1;land;false;plains;7
261;86;119;1;land;false;plains;7
262;117;186;1;land;false;urban;7
263;132;233;1;land;false;hills;7
264;124;210;1;land;false;hills;7
265;138;250;1;land;false;mountain;7
266;140;252;1;land;false;mountain;7
267;113;229;1;land;false;hills;7
268;178;253;1;land;false;plains;7
269;152;250;1;land;false;hills;7
270;179;253;1;land;false;plains;7
271;177;247;1;land;false;plains;7
272;163;239;1;land;false;hills;7
273;178;230;1;land;false;plains;7
274;163;253;1;land;false;mountain;7
275;118;248;1;land;false;hills;7
276;180;234;1;land;false;hills;7
277;146;221;1;land;false;plains;7
278;162;210;1;land;false;hills;7
279;150;212;1;land;false;hills;7
280;162;246;1;land;false;plains;7
281;159;238;1;land;false;plains;7
282;113;212;1;land;false;mountain;7
283;132;219;1;land;false;hills;7
284;4;126;1;land;true;plains;7
285;78;158;1;land;false;urban;7
286;5;88;1;land;false;plains;7
287;72;93;1;land;false;urban;7
288;65;166;1;land;false;urban;7
289;137;200;1;land;false;plains;7
290;112;217;1;land;false;urban;7
291;114;209;1;land;false;plains;7
292;113;206;1;land;false;plains;7
293;129;250;1;land;false;urban;7
294;105;252;1;land;false;plains;7
295;102;227;1;land;false;plains;7
296;104;216;1;land;false;plains;7
297;128;201;1;land;false;plains;7
298;83;250;1;land;false;plains;7
299;89;199;1;land;false;urban;7
300;104;243;1;land;false;urban;7
301;130;218;1;land;false;plains;7
302;91;215;1;land;false;plains;7
303;127;225;1;land;false;hills;7
304;82;226;1;land;false;urban;7
305;128;213;1;land;false;plains;7
306;132;205;1;land;false;plains;7
307;136;211;1;land;false;hills;7
308;91;230;1;land;false;plains;7
309;103;217;1;land;false;plains;7
310;66;233;1;land;false;hills;7
311;71;251;1;land;false;plains;7
312;145;237;1;land;false;plains;7
313;126;212;1;land;false;urban;7
314;86;243;1;land;false;plains;7
315;45;186;1;land;false;plains;7
316;1;205;1;land;false;urban;7
317;10;239;1;land;false;plains;7
318;8;178;1;land;false;plains;7
319;41;238;1;land;false;plains;7
320;20;206;1;land;false;urban;7
321;5;183;1;land;false;plains;7
322;36;215;1;land;false;plains;7
323;37;218;1;land;false;plains;7
324;3;192;1;land;false;plains;7
325;119;213;1;land;false;plains;7
326;169;228;1;land;false;plains;7
327;189;252;1;land;false;plains;7
328;171;235;1;land;false;plains;7
329;148;213;1;land;false;plains;7
330;182;213;1;land;false;plains;7
331;185;253;1;land;false;plains;7
332;184;217;1;land;false;plains;7
333;168;239;1;land;false;plains;7
334;118;215;1;land;false;plains;7
335;189;236;1;land;false;plains;7
336;180;239;1;land;false;plains;7
337;142;224;1;land;false;plains;7
338;164;235;1;land;false;plains;7
339;79;228;1;land;true;urban;7
340;92;199;1;land;false;plains;7
341;34;219;1;land;true;plains;7
342;80;200;1;land;false;plains;7
343;82;206;1;land;true;plains;7
344;75;204;1;land;true;plains;7
345;94;229;1;land;false;plains;7
346;107;218;1;land;false;urban;7
347;87;240;1;land;false;plains;7
348;112;247;1;land;true;plains;7
349;112;235;1;land;false;plains;7
350;103;236;1;land;false;plains;7
351;118;201;1;land;false;plains;7
352;106;251;1;land;false;plains;7
353;126;202;1;land;false;plains;7
354;135;222;1;land;false;plains;7
355;137;250;1;land;false;plains;7
356;106;230;1;land;false;urban;7
357;111;76;1;land;false;urban;7
358;112;43;1;land;true;plains;7
359;79;78;1;land;true;urban;7
360;131;38;1;land;true;plains;7
361;82;84;1;land;true;plains;7
362;91;70;1;land;false;urban;7
363;61;32;1;land;true;urban;7
364;98;63;1;land;true;plains;7
365;112;27;1;land;false;plains;7
366;84;50;1;land;false;plains;7
367;73;92;1;land;true;plains;7
368;45;79;1;land;true;plains;7
369;76;116;1;land;false;plains;7
370;125;170;1;land;false;plains;7
371;117;124;1;land;false;urban;7
372;116;175;1;land;false;plains;7
373;112;118;1;land;false;urban;7
374;133;152;1;land;false;urban;7
375;111;169;1;land;false;plains;7
376;137;152;1;land;false;plains;7
377;116;155;1;land;false;urban;7
378;181;169;1;land;false;plains;7
379;143;144;1;land;false;plains;7
380;170;159;1;land;false;plains;7
381;132;166;1;land;false;plains;7
382;125;146;1;land;false;hills;7
383;181;188;1;land;false;plains;7
384;172;191;1;land;false;plains;7
385;124;138;1;land;false;plains;7
386;132;125;1;land;false;plains;7
387;208;36;1;land;false;urban;7
388;199;3;1;land;false;plains;7
389;172;4;1;land;false;plains;7
390;164;17;1;land;false;plains;7
391;153;30;1;land;false;urban;7
392;153;10;1;land;false;plains;7
393;199;13;1;land;false;plains;7
394;191;32;1;land;false;plains;7
395;203;14;1;land;false;plains;7
396;157;30;1;land;false;plains;7
397;167;40;1;land;false;plains;7
398;158;37;1;land;false;plains;7
399;44;117;1;land;false;plains;7
400;108;146;1;land;false;urban;7
401;98;149;1;land;false;plains;7
402;67;131;1;land;false;plains;7
403;75;159;1;land;false;plains;7
404;74;160;1;land;false;plains;7
405;35;105;1;land;false;plains;7
406;227;133;1;land;false;plains;7
407;209;92;1;land;false;plains;7
408;243;103;1;land;false;plains;7
409;245;108;1;land;false;plains;7
410;219;210;1;land;false;plains;7
411;187;218;1;land;false;plains;7
412;217;219;1;land;false;plains;7
413;175;172;1;land;false;mountain;7
414;227;175;1;land;false;plains;7
415;194;172;1;land;false;hills;7
416;84;174;1;land;true;plains;7
417;101;123;1;land;true;plains;7
418;101;136;1;land;true;plains;7
419;48;165;1;land;false;plains;7
420;11;112;1;land;false;plains;7
421;1;139;1;land;false;plains;7
422;37;158;1;land;false;plains;7
423;8;148;1;land;false;plains;7
424;37;150;1;land;false;urban;7
425;41;121;1;land;false;plains;7
426;39;94;1;land;false;plains;7
427;57;123;1;land;false;plains;7
428;45;159;1;land;false;hills;7
429;53;154;1;land;false;plains;7
430;3;144;1;land;false;hills;7
431;2;112;1;land;false;plains;7
432;11;156;1;land;false;plains;7
433;73;157;1;land;false;plains;7
434;57;151;1;land;false;plains;7
435;35;108;1;land;false;plains;7
436;24;103;1;land;false;plains;7
437;218;66;1;land;false;plains;7
438;212;134;1;land;false;urban;7
439;246;102;1;land;false;hills;7
440;190;104;1;land;false;plains;7
441;226;109;1;land;false;plains;7
442;179;88;1;land;false;plains;7
443;232;69;1;land;false;plains;7
444;211;58;1;land;false;plains;7
445;202;70;1;land;false;urban;7
446;166;67;1;land;false;plains;7
447;196;67;1;land;false;plains;7
448;202;122;1;land;false;plains;7
449;187;87;1;land;false;plains;7
450;198;110;1;land;false;plains;7
451;202;91;1;land;false;plains;7
452;157;107;1;land;false;plains;7
453;222;130;1;land;false;plains;7
454;196;62;1;land;false;plains;7
455;158;67;1;land;false;urban;7
456;214;140;1;land;false;plains;7
457;233;81;1;land;true;urban;7
458;222;92;1;land;true;plains;7
459;237;82;1;land;true;urban;7
460;249;85;1;land;true;plains;7
461;244;120;1;land;false;plains;7
462;122;26;1;land;true;plains;7
463;126;94;1;land;false;plains;7
464;108;64;1;land;true;plains;7
465;149;87;1;land;true;plains;7
466;152;67;1;land;false;plains;7
467;133;34;1;land;false;plains;7
468;128;35;1;land;false;plains;7
469;84;57;1;land;false;plains;7
470;113;58;1;land;true;plains;7
471;15;184;1;land;false;hills;7
472;8;215;1;land;false;hills;7
473;9;181;1;land;false;hills;7
474;33;175;1;land;false;desert;7
475;10;186;1;land;false;desert;7
476;4;171;1;land;false;desert;7
477;24;188;1;land;false;mountain;7
478;22;179;1;land;false;mountain;7
479;4;210;1;land;false;mountain;7
480;11;229;1;land;false;desert;7
481;14;171;1;land;false;desert;7
482;22;164;1;land;false;plains;7
483;29;171;1;land;false;mountain;7
484;40;177;1;land;false;hills;7
485;14;202;1;land;false;plains;7
486;0;228;1;land;false;mountain;7
487;33;236;1;land;false;desert;7
488;17;181;1;land;false;desert;7
489;38;162;1;land;false;desert;7
490;17;191;1;land;false;mountain;7
491;9;189;1;land;false;desert;7
492;35;214;1;land;false;hills;7
493;3;205;1;land;false;mountain;7
494;29;168;1;land;false;hills;7
495;38;177;1;land;false;desert;7
496;2;238;1;land;false;plains;7
497;3;206;1;land;false;desert;7
498;33;218;1;land;false;mountain;7
499;32;166;1;land;false;desert;7
500;33;210;1;land;false;hills;7
501;41;179;1;land;false;hills;7
502;10;184;1;land;false;hills;7
503;28;199;1;land;false;desert;7
504;22;198;1;land;false;mountain;7
505;44;208;1;land;false;hills;7
506;27;207;1;land;false;desert;7
507;3;227;1;land;false;hills;7
508;29;193;1;land;false;hills;7
509;43;208;1;land;false;desert;7
510;21;161;1;land;false;mountain;7
511;31;207;1;land;false;desert;7
512;0;184;1;land;false;desert;7
513;29;186;1;land;false;mountain;7
514;1;175;1;land;false;mountain;7
515;10;209;1;land;false;mountain;7
516;18;185;1;land;false;desert;7
517;1;190;1;land;false;plains;7
518;14;181;1;land;false;desert;7
519;42;227;1;land;false;desert;7
520;20;179;1;land;false;mountain;7
521;19;230;1;land;false;hills;7
522;32;184;1;land;false;desert;7
523;2;214;1;land;false;desert;7
524;40;166;1;land;false;mountain;7
525;38;191;1;land;false;plains;7
526;45;196;1;land;false;mountain;7
527;188;171;1;land;false;plains;7
528;148;159;1;land;false;plains;7
529;202;172;1;land;false;plains;7
530;169;204;1;land;false;plains;7
531;204;184;1;land;false;plains;7
532;178;205;1;land;false;plains;7
533;156;170;1;land;false;plains;7
534;145;195;1;land;false;plains;7
535;206;165;1;land;false;plains;7
536;190;133;1;land;false;plains;7
537;32;110;1;land;true;plains;7
538;95;141;1;land;true;plains;7
539;27;150;1;land;false;plains;7
540;19;136;1;land;true;urban;7
541;56;95;1;land;true;urban;7
542;35;146;1;land;false;plains;7
543;94;114;1;land;true;urban;7
544;25;162;1;land;true;plains;7
545;153;70;1;land;false;plains;7
546;151;31;1;land;false;plains;7
547;150;99;1;land;false;plains;7
548;108;107;1;land;false;plains;7
549;98;57;1;land;false;plains;7
550;132;46;1;land;false;plains;7
551;82;67;1;land;false;plains;7
552;146;60;1;land;false;plains;7
553;95;80;1;land;false;plains;7
554;69;245;1;land;false;plains;7
555;44;201;1;land;false;urban;7
556;21;190;1;land;false;plains;7
557;72;195;1;land;false;urban;7
558;33;211;1;land;false;plains;7
559;24;63;1;land;false;plains;7
560;58;37;1;land;false;plains;7
561;29;29;1;land;false;plains;7
562;30;45;1;land;false;plains;7
563;50;67;1;land;false;plains;7
564;77;16;1;land;false;plains;7
565;70;10;1;land;false;urban;7
566;4;78;1;land;false;plains;7
567;121;176;1;land;false;plains;7
568;110;172;1;land;true;plains;7
569;151;187;1;land;true;plains;7
570;132;149;1;land;false;plains;7
571;154;140;1;land;false;plains;7
572;145;155;1;land;false;plains;7
573;163;192;1;land;false;plains;7
574;136;145;1;land;true;plains;7
575;175;131;1;land;true;plains;7
576;182;180;1;land;false;plains;7
577;163;139;1;land;true;plains;7
578;244;26;1;land;false;plains;7
579;223;47;1;land;false;urban;7
580;228;30;1;land;true;urban;7
581;248;0;1;land;false;plains;7
582;222;37;1;land;true;plains;7
583;244;48;1;land;true;plains;7
584;241;0;1;land;false;plains;7
585;156;240;1;land;false;plains;7
586;139;228;1;land;false;urban;7
587;142;251;1;land;true;plains;7
588;91;203;1;land;true;plains;7
589;156;230;1;land;false;plains;7
590;145;252;1;land;false;plains;7
591;70;100;1;land;true;plains;7
592;97;110;1;land;false;plains;7
593;35;163;1;land;false;urban;7
594;63;130;1;land;false;plains;7
595;81;162;1;land;true;plains;7
596;61;138;1;land;false;plains;7
597;75;149;1;land;false;plains;7
598;47;159;1;land;false;urban;7
599;37;106;1;land;true;plains;7
600;32;146;1;land;true;urban;7
601;54;94;1;land;true;plains;7
602;37;156;1;land;false;urban;7
603;83;106;1;land;false;plains;7
604;73;112;1;land;false;plains;7
605;68;137;1;land;false;plains;7
606;79;117;1;land;false;plains;7
607;11;113;1;land;false;plains;7
608;15;149;1;land;false;urban;7
609;31;149;1;land;false;plains;7
610;59;167;1;land;false;plains;7
611;16;130;1;land;false;hills;7
612;22;116;1;land;false;plains;7
613;17;139;1;land;false;urban;7
614;76;126;1;land;false;plains;7
615;75;115;1;land;false;plains;7
616;69;158;1;land;false;urban;7
617;43;137;1;land;false;plains;7
618;31;163;1;land;false;plains;7
619;42;150;1;land;false;plains;7
620;48;144;1;land;false;hills;7
621;71;112;1;land;false;plains;7
622;81;137;1;land;false;plains;7
623;12;120;1;land;false;plains;7
624;76;97;1;land;false;plains;7
625;63;123;1;land;false;plains;7
626;56;121;1;land;false;plains;7
627;189;67;1;land;true;plains;7
628;251;85;1;land;true;plains;7
629;208;100;1;land;false;plains;7
630;253;100;1;land;true;plains;7
631;203;134;1;land;false;plains;7
632;243;100;1;land;false;plains;7
633;192;64;1;land;false;plains;7
634;241;73;1;land;false;plains;7
635;235;79;1;land;false;plains;7
636;245;136;1;land;true;plains;7
637;197;92;1;land;false;urban;7
638;250;133;1;land;false;plains;7
639;238;77;1;land;true;plains;7
640;193;72;1;land;false;urban;7
641;241;97;1;land;false;plains;7
642;206;88;1;land;false;plains;7
643;201;128;1;land;true;plains;7
644;193;69;1;land;true;plains;7
645;54;251;1;land;true;plains;7
646;108;193;1;land;true;plains;7
647;48;239;1;land;true;plains;7
648;56;195;1;land;true;plains;7
649;49;78;1;land;true;plains;7
650;41;153;1;land;true;plains;7
651;92;241;1;land;true;urban;7
652;145;42;1;land;false;plains;7
653;153;36;1;land;false;plains;7
654;181;77;1;land;false;plains;7
655;135;82;1;land;false;plains;7
656;179;71;1;land;false;plains;7
657;143;85;1;land;false;plains;7
658;107;61;1;land;false;urban;7
659;150;42;1;land;false;plains;7
660;106;57;1;land;false;plains;7
661;172;46;1;land;false;plains;7
662;226;228;1;land;false;plains;7
663;246;166;1;land;false;plains;7
664;227;179;1;land;false;plains;7
665;236;167;1;land;false;plains;7
666;219;192;1;land;false;plains;7
667;232;196;1;land;false;urban;7
668;215;199;1;land;false;plains;7
669;201;51;1;land;false;plains;7
670;162;74;1;land;false;plains;7
671;206;54;1;land;false;urban;7
672;195;126;1;land;false;urban;7
673;169;85;1;land;false;urban;7
674;220;119;1;land;true;plains;7
675;194;58;1;land;true;plains;7
676;179;48;1;land;false;urban;7
677;145;96;1;land;false;plains;7
678;162;109;1;land;false;urban;7
679;160;96;1;land;false;plains;7
680;170;66;1;land;false;urban;7
681;91;65;1;land;false;plains;7
682;38;24;1;land;false;plains;7
683;75;62;1;land;false;plains;7
684;81;37;1;land;false;plains;7
685;27;76;1;land;false;plains;7
686;98;38;1;land;false;plains;7
687;100;53;1;land;false;plains;7
688;100;99;1;land;false;plains;7
689;134;85;1;land;true;plains;7
690;117;82;1;land;true;plains;7
691;83;91;1;land;false;plains;7
692;88;73;1;land;true;plains;7
693;89;52;1;land;false;plains;7
694;226;133;1;land;false;plains;7
695;254;140;1;land;false;plains;7
696;192;94;1;land;false;plains;7
697;222;127;1;land;false;plains;7
698;214;132;1;land;false;plains;7
699;216;86;1;land;false;plains;7
700;229;75;1;land;false;plains;7
701;253;116;1;land;false;plains;7
702;228;123;1;land;false;plains;7
703;206;97;1;land;false;plains;7
704;215;135;1;land;false;plains;7
705;191;70;1;land;false;plains;7
706;220;91;1;land;false;plains;7
707;236;66;1;land;false;plains;7
708;240;94;1;land;false;plains;7
709;71;247;1;land;false;urban;7
710;56;228;1;land;true;plains;7
711;28;187;1;land;false;urban;7
712;23;238;1;land;false;plains;7
713;66;234;1;land;true;plains;7
714;2;181;1;land;false;plains;7
715;57;184;1;land;false;urban;7
716;19;180;1;land;false;plains;7
717;61;186;1;land;false;plains;7
718;55;207;1;land;false;plains;7
719;45;248;1;land;false;plains;7
720;66;242;1;land;false;plains;7
721;63;177;1;land;false;plains;7
722;162;111;1;land;false;desert;7
723;111;63;1;land;false;plains;7
724;174;85;1;land;false;hills;7
725;180;110;1;land;false;plains;7
726;145;46;1;land;false;plains;7
727;128;93;1;land;false;plains;7
728;162;42;1;land;false;hills;7
729;170;102;1;land;false;desert;7
730;130;55;1;land;false;hills;7
731;115;46;1;land;false;plains;7
732;157;40;1;land;false;desert;7
733;110;44;1;land;false;hills;7
734;128;60;1;land;false;hills;7
735;129;37;1;land;false;plains;7
736;153;103;1;land;false;hills;7
737;149;93;1;land;false;plains;7
738;167;46;1;land;false;desert;7
739;172;37;1;land;false;plains;7
740;162;60;1;land;false;plains;7
741;126;68;1;land;false;hills;7
742;131;69;1;land;false;hills;7
743;145;106;1;land;false;hills;7
744;181;101;1;land;false;desert;7
745;139;80;1;land;false;desert;7
746;136;79;1;land;false;plains;7
747;139;94;1;land;false;desert;7
748;177;56;1;land;false;hills;7
749;127;39;1;land;false;plains;7
750;122;55;1;land;false;plains;7
751;119;109;1;land;false;plains;7
752;169;80;1;land;false;hills;7
753;109;58;1;land;false;desert;7
754;161;79;1;land;false;desert;7
755;120;46;1;land;false;plains;7
756;130;45;1;land;false;plains;7
757;147;114;1;land;false;plains;7
758;147;58;1;land;false;desert;7
759;38;172;1;land;false;plains;7
760;13;158;1;land;false;plains;7
761;35;231;1;land;false;plains;7
762;26;164;1;land;false;plains;7
763;31;159;1;land;false;plains;7
764;22;181;1;land;false;plains;7
765;35;159;1;land;false;plains;7
766;5;197;1;land;false;plains;7
767;6;167;1;land;false;plains;7
768;0;175;1;land;false;plains;7
769;18;195;1;land;false;plains;7
770;7;235;1;land;false;plains;7
771;1;207;1;land;false;plains;7
772;23;223;1;land;false;plains;7
773;30;203;1;land;false;plains;7
774;94;189;1;land;false;plains;7
775;167;195;1;land;false;plains;7
776;131;139;1;land;false;plains;7
777;154;190;1;land;false;plains;7
778;10;175;1;land;false;plains;7
779;34;145;1;land;false;plains;7
780;51;146;1;land;false;plains;7
781;73;129;1;land;false;plains;7
782;65;129;1;land;false;plains;7
783;56;162;1;land;false;plains;7
784;65;182;1;land;false;hills;7
785;80;159;1;land;false;hills;7
786;42;133;1;land;false;plains;7
787;24;147;1;land;false;plains;7
788;48;114;1;land;false;plains;7
789;28;138;1;land;false;plains;7
790;85;182;1;land;false;plains;7
791;65;125;1;land;false;hills;7
792;53;158;1;land;false;plains;7
793;17;138;1;land;false;hills;7
794;59;171;1;land;false;plains;7
795;70;186;1;land;false;plains;7
796;61;239;1;land;false;plains;7
797;114;214;1;land;false;urban;7
798;71;198;1;land;false;plains;7
799;96;198;1;land;false;plains;7
800;105;209;1;land;false;urban;7
801;73;243;1;land;false;urban;7
802;128;217;1;land;false;plains;7
803;115;187;1;land;false;plains;7
804;93;184;1;land;false;plains;7
805;54;220;1;land;false;urban;7
806;97;223;1;land;false;urban;7
807;76;194;1;land;false;plains;7
808;60;238;1;land;false;plains;7
809;120;97;1;land;false;plains;7
810;125;128;1;land;false;plains;7
811;134;81;1;land;false;plains;7
812;113;104;1;land;true;plains;7
813;164;119;1;land;false;plains;7
814;139;68;1;land;false;urban;7
815;137;85;1;land;false;urban;7
816;130;67;1;land;false;urban;7
817;146;62;1;land;false;urban;7
818;105;119;1;land;false;plains;7
819;122;85;1;land;false;plains;7
820;112;58;1;land;false;plains;7
821;156;74;1;land;false;plains;7
822;119;64;1;land;false;urban;7
823;111;107;1;land;false;urban;7
824;32;179;1;land;false;plains;7
825;45;179;1;land;true;plains;7
826;27;225;1;land;true;plains;7
827;11;219;1;land;false;plains;7
828;3;212;1;land;false;plains;7
829;11;206;1;land;false;plains;7
830;65;232;1;land;false;plains;7
831;22;212;1;land;false;urban;7
832;21;176;1;land;false;plains;7
833;21;191;1;land;false;plains;7
834;53;217;1;land;false;plains;7
835;19;198;1;land;false;plains;7
836;85;210;1;land;false;plains;7
837;28;193;1;land;false;plains;7
838;31;244;1;land;false;plains;7
839;69;214;1;land;false;plains;7
840;82;91;1;land;false;hills;7
841;82;93;1;land;false;plains;7
842;74;92;1;land;false;plains;7
843;25;78;1;land;false;plains;7
844;39;57;1;land;false;plains;7
845;117;219;1;land;false;plains;7
846;110;249;1;land;false;plains;7
847;61;222;1;land;false;urban;7
848;45;249;1;land;false;urban;7
849;109;242;1;land;false;plains;7
850;96;225;1;land;false;hills;7
851;98;249;1;land;false;plains;7
852;114;228;1;land;false;plains;7
853;116;215;1;land;false;plains;7
854;142;4;1;land;false;plains;7
855;116;38;1;land;false;urban;7
856;158;7;1;land;false;plains;7
857;140;6;1;land;false;plains;7
858;134;78;1;land;false;plains;7
859;145;73;1;land;false;plains;7
860;161;55;1;land;false;urban;7
861;157;49;1;land;false;urban;7
862;182;96;1;land;false;plains;7
863;124;80;1;land;false;plains;7
864;183;50;1;land;false;plains;7
865;108;83;1;land;false;plains;7
866;61;73;1;land;false;hills;7
867;104;56;1;land;false;plains;7
868;109;69;1;land;false;plains;7
869;57;37;1;land;false;plains;7
870;64;31;1;land;true;plains;7
871;85;59;1;land;false;plains;7
872;117;13;1;land;false;plains;7
873;80;62;1;land;true;plains;7
874;72;37;1;land;false;plains;7
875;66;55;1;land;false;urban;7
876;57;86;1;land;false;plains;7
877;111;66;1;land;true;plains;7
878;64;81;1;land;false;plains;7
879;113;158;1;land;false;urban;7
880;94;167;1;land;false;plains;7
881;63;129;1;land;false;plains;7
882;130;174;1;land;true;plains;7
883;116;146;1;land;false;urban;7
884;74;125;1;land;false;plains;7
885;111;155;1;land;false;plains;7
886;69;136;1;land;false;plains;7
887;55;166;1;land;false;plains;7
888;54;158;1;land;false;plains;7
889;27;186;1;land;false;plains;7
890;24;182;1;land;false;plains;7
891;64;149;1;land;false;plains;7
892;73;138;1;land;false;plains;7
893;33;177;1;land;false;plains;7
894;9;146;1;land;false;plains;7
895;70;140;1;land;false;plains;7
896;23;115;1;land;false;plains;7
897;100;126;1;land;false;hills;7
898;71;161;1;land;false;mountain;7
899;81;161;1;land;false;plains;7
900;112;126;1;land;false;mountain;7
901;79;182;1;land;false;plains;7
902;106;133;1;land;false;plains;7
903;117;127;1;land;false;hills;7
904;106;156;1;land;false;plains;7
905;73;144;1;land;false;hills;7
906;78;160;1;land;false;hills;7
907;117;122;1;land;false;mountain;7
908;44;183;1;land;false;plains;7
909;116;129;1;land;false;hills;7
910;62;158;1;land;false;mountain;7
911;60;155;1;land;false;plains;7
912;69;180;1;land;false;plains;7
913;90;180;1;land;false;hills;7
914;161;1;1;land;false;plains;7
915;167;16;1;land;false;hills;7
916;171;8;1;land;false;plains;7
917;228;7;1;land;false;plains;7
918;227;25;1;land;false;plains;7
919;198;22;1;land;false;plains;7
920;215;10;1;land;false;plains;7
921;220;18;1;land;false;urban;7
922;190;10;1;land;false;urban;7
923;233;21;1;land;false;plains;7
924;164;8;1;land;false;plains;7
925;182;22;1;land;false;plains;7
926;226;41;1;land;false;plains;7
927;185;42;1;land;false;plains;7
928;201;21;1;land;false;plains;7
929;175;16;1;land;false;plains;7
930;237;27;1;land;false;hills;7
931;172;22;1;land;false;urban;7
932;201;25;1;land;false;urban;7
933;196;12;1;land;false;plains;7
934;241;168;1;land;false;urban;7
935;245;104;1;land;false;plains;7
936;213;111;1;land;false;urban;7
937;224;168;1;land;false;plains;7
938;224;159;1;land;false;plains;7
939;237;104;1;land;false;plains;7
940;222;165;1;land;false;plains;7
941;245;113;1;land;false;urban;7
942;238;172;1;land;false;urban;7
943;249;127;1;land;false;urban;7
944;220;145;1;land;false;plains;7
945;239;102;1;land;false;plains;7
946;230;102;1;land;true;plains;7
947;251;115;1;land;false;plains;7
948;226;135;1;land;false;plains;7
949;237;100;1;land;false;urban;7
950;242;98;1;land;false;plains;7
951;244;151;1;land;false;urban;7
952;245;126;1;land;false;plains;7
953;252;97;1;land;false;urban;7
954;83;135;1;land;false;plains;7
955;48;127;1;land;false;plains;7
956;69;102;1;land;false;plains;7
957;91;121;1;land;true;plains;7
958;30;153;1;land;true;plains;7
959;68;160;1;land;true;plains;7
960;55;132;1;land;true;plains;7
961;26;146;1;land;true;plains;7
962;94;160;1;land;true;plains;7
963;37;117;1;land;true;plains;7
964;23;144;1;land;true;plains;7
965;26;150;1;land;false;plains;7
966;97;154;1;land;true;plains;7
967;18;155;1;land;true;plains;7
968;240;224;1;land;false;plains;7
969;228;192;1;land;false;urban;7
970;229;206;1;land;false;plains;7
971;246;187;1;land;false;urban;7
972;254;204;1;land;true;plains;7
973;204;205;1;land;false;urban;7
974;224;202;1;land;false;urban;7
975;223;193;1;land;true;plains;7
976;217;200;1;land;false;urban;7
977;212;175;1;land;false;plains;7
978;217;122;1;land;false;urban;7
979;198;132;1;land;false;plains;7
980;230;123;1;land;false;urban;7
981;242;60;1;land;false;plains;7
982;195;102;1;land;false;plains;7
983;239;101;1;land;false;plains;7
984;196;124;1;land;true;urban;7
985;193;55;1;land;false;plains;7
986;17;141;1;land;false;urban;7
987;9;133;1;land;false;plains;7
988;1;125;1;land;false;plains;7
989;18;74;1;land;false;plains;7
990;22;110;1;land;false;plains;7
991;33;111;1;land;false;plains;7
992;174;89;1;land;true;plains;7
993;100;92;1;land;false;plains;7
994;167;104;1;land;true;plains;7
995;114;97;1;land;false;plains;7
996;133;65;1;land;false;plains;7
997;110;88;1;land;false;plains;7
998;127;27;1;land;false;urban;7
999;162;203;1;land;false;hills;7
1000;215;168;1;land;false;hills;7
1001;207;196;1;land;false;plains;7
1002;229;233;1;land;false;mountain;7
1003;150;175;1;land;false;urban;7
1004;226;211;1;land;false;plains;7
1005;201;235;1;land;false;plains;7
1006;198;235;1;land;false;plains;7
1007;159;177;1;land;false;hills;7
1008;167;161;1;land;false;plains;7
1009;177;232;1;land;false;hills;7
1010;182;192;1;land;false;plains;7
1011;208;198;1;land;false;hills;7
1012;157;214;1;land;false;mountain;7
1013;153;172;1;land;false;mountain;7
1014;191;158;1;land;false;plains;7
1015;194;236;1;land;false;hills;7
1016;229;168;1;land;false;hills;7
1017;169;229;1;land;false;urban;7
1018;80;153;1;land;false;plains;7
1019;147;146;1;land;false;plains;7
1020;100;184;1;land;false;plains;7
1021;103;144;1;land;false;hills;7
1022;128;138;1;land;false;plains;7
1023;114;148;1;land;false;plains;7
1024;142;152;1;land;false;hills;7
1025;68;131;1;land;false;mountain;7
1026;128;137;1;land;false;plains;7
1027;129;140;1;land;false;plains;7
1028;82;101;1;land;true;urban;7
1029;73;117;1;land;false;plains;7
1030;112;95;1;land;false;plains;7
1031;213;141;1;land;false;hills;7
1032;247;147;1;land;false;plains;7
1033;212;174;1;land;false;hills;7
1034;195;205;1;land;false;plains;7
1035;171;169;1;land;false;hills;7
1036;197;144;1;land;false;plains;7
1037;220;155;1;land;false;plains;7
1038;183;195;1;land;false;plains;7
1039;251;215;1;land;false;plains;7
1040;239;164;1;land;true;plains;7
1041;242;172;1;land;false;plains;7
1042;222;205;1;land;false;plains;7
1043;233;217;1;land;true;plains;7
1044;226;213;1;land;true;plains;7
1045;211;204;1;land;false;urban;7
1046;46;21;1;land;true;plains;7
1047;24;84;1;land;false;plains;7
1048;43;27;1;land;true;plains;7
1049;28;83;1;land;false;plains;7
1050;45;36;1;land;false;plains;7
1051;14;30;1;land;true;plains;7
1052;11;11;1;land;true;urban;7
1053;34;87;1;land;false;plains;7
1054;177;26;1;land;false;plains;7
1055;214;33;1;land;false;plains;7
1056;150;10;1;land;true;plains;7
1057;150;45;1;land;false;urban;7
1058;209;26;1;land;false;plains;7
1059;220;35;1;land;true;urban;7
1060;201;49;1;land;true;plains;7
1061;59;126;1;land;false;plains;7
1062;120;105;1;land;false;hills;7
1063;56;148;1;land;false;urban;7
1064;115;175;1;land;false;plains;7
1065;80;105;1;land;false;hills;7
1066;53;169;1;land;false;hills;7
1067;52;97;1;land;false;plains;7
1068;66;137;1;land;false;plains;7
1069;107;146;1;land;false;plains;7
1070;114;107;1;land;false;plains;7
1071;107;141;1;land;false;plains;7
1072;97;143;1;land;false;urban;7
1073;108;104;1;land;false;mountain;7
1074;65;111;1;land;false;hills;7
1075;88;148;1;land;false;plains;7
1076;75;105;1;land;false;plains;7
1077;83;137;1;land;false;plains;7
1078;102;115;1;land;false;plains;7
1079;78;122;1;land;false;urban;7
1080;124;142;1;land;false;plains;7
1081;65;171;1;land;false;plains;7
1082;104;128;1;land;false;plains;7
1083;63;213;1;land;true;plains;7
1084;67;249;1;land;false;plains;7
1085;117;226;1;land;false;plains;7
1086;109;253;1;land;false;urban;7
1087;137;218;1;land;true;plains;7
1088;96;96;1;land;false;urban;7
1089;35;132;1;land;false;plains;7
1090;47;125;1;land;false;urban;7
1091;81;166;1;land;false;desert;7
1092;88;106;1;land;true;plains;7
1093;54;142;1;land;false;urban;7
1094;55;97;1;land;false;plains;7
1095;72;133;1;land;true;plains;7
1096;112;106;1;land;true;plains;7
1097;99;123;1;land;false;desert;7
1098;85;148;1;land;false;desert;7
1099;71;100;1;land;true;plains;7
1100;72;119;1;land;false;desert;7
1101;52;144;1;land;false;urban;7
1102;68;156;1;land;false;urban;7
1103;90;96;1;land;false;urban;7
1104;75;170;1;land;true;plains;7
1105;45;167;1;land;false;urban;7
1106;49;209;1;land;false;plains;7
1107;83;213;1;land;false;plains;7
1108;70;215;1;land;false;urban;7
1109;79;253;1;land;false;urban;7
1110;123;236;1;land;true;plains;7
1111;75;215;1;land;false;urban;7
1112;70;253;1;land;false;plains;7
1113;57;250;1;land;false;plains;7
1114;123;242;1;land;false;urban;7
1115;96;235;1;land;true;plains;7
1116;19;181;1;land;true;urban;7
1117;29;210;1;land;false;plains;7
1118;12;246;1;land;false;plains;7
1119;6;226;1;land;false;plains;7
1120;30;196;1;land;true;plains;7
1121;3;240;1;land;false;plains;7
1122;18;182;1;land;false;plains;7
1123;8;226;1;land;false;urban;7
1124;40;198;1;land;true;plains;7
1125;4;218;1;land;true;plains;7
1126;42;238;1;land;false;plains;7
1127;7;93;1;land;false;plains;7
1128;54;124;1;land;false;plains;7
1129;201;57;1;land;false;plains;7
1130;210;73;1;land;false;plains;7
1131;169;124;1;land;false;plains;7
1132;193;98;1;land;false;plains;7
1133;188;73;1;land;false;plains;7
1134;211;80;1;land;false;plains;7
1135;220;113;1;land;false;plains;7
1136;244;94;1;land;false;plains;7
1137;232;76;1;land;false;plains;7
1138;206;80;1;land;false;plains;7
1139;168;52;1;land;false;plains;7
1140;78;63;1;land;true;plains;7
1141;91;64;1;land;true;plains;7
1142;64;11;1;land;false;urban;7
1143;112;77;1;land;true;plains;7
1144;52;36;1;land;true;plains;7
1145;65;148;1;land;false;plains;7
1146;109;176;1;land;true;urban;7
1147;99;196;1;land;true;plains;7
1148;103;195;1;land;false;plains;7
1149;237;93;1;land;false;plains;7
1150;201;108;1;land;false;plains;7
1151;236;78;1;land;false;urban;7
1152;230;135;1;land;false;plains;7
1153;164;106;1;land;false;urban;7
1154;188;124;1;land;false;urban;7
1155;161;94;1;land;false;plains;7
1156;190;87;1;land;false;urban;7
1157;165;111;1;land;false;plains;7
1158;182;108;1;land;false;plains;7
1159;221;120;1;land;false;plains;7
1160;36;251;1;land;false;urban;7
1161;96;213;1;land;false;urban;7
1162;25;180;1;land;false;plains;7
1163;38;202;1;land;false;plains;7
1164;41;205;1;land;false;plains;7
1165;61;250;1;land;false;urban;7
1166;59;185;1;land;false;plains;7
1167;56;210;1;land;false;urban;7
1168;95;228;1;land;false;urban;7
1169;50;230;1;land;false;plains;7
1170;28;236;1;land;false;plains;7
1171;54;234;1;land;false;plains;7
1172;73;224;1;land;false;plains;7
1173;77;214;1;land;false;urban;7
1174;25;248;1;land;false;plains;7
1175;38;226;1;land;false;plains;7
1176;86;201;1;land;true;plains;7
1177;27;230;1;land;false;plains;7
1178;94;234;1;land;false;urban;7
1179;35;198;1;land;false;plains;7
1180;54;226;1;land;false;urban;7
1181;83;232;1;land;false;desert;7
1182;130;211;1;land;false;mountain;7
1183;143;239;1;land;false;desert;7
1184;95;232;1;land;false;desert;7
1185;143;214;1;land;false;desert;7
1186;67;199;1;land;false;desert;7
1187;74;213;1;land;false;desert;7
1188;108;236;1;land;false;desert;7
1189;102;234;1;land;false;desert;7
1190;107;215;1;land;false;desert;7
1191;123;189;1;land;false;hills;7
1192;122;250;1;land;false;desert;7
1193;108;231;1;land;false;desert;7
1194;92;192;1;land;false;hills;7
1195;119;210;1;land;false;hills;7
1196;120;244;1;land;false;desert;7
1197;92;240;1;land;false;desert;7
1198;110;239;1;land;false;desert;7
1199;126;190;1;land;false;hills;7
1200;95;208;1;land;false;desert;7
1201;133;221;1;land;false;mountain;7
1202;89;193;1;land;false;desert;7
1203;125;205;1;land;false;desert;7
1204;141;243;1;land;false;hills;7
1205;100;218;1;land;false;desert;7
1206;110;195;1;land;false;desert;7
1207;71;191;1;land;false;desert;7
1208;91;250;1;land;false;desert;7
1209;116;226;1;land;false;desert;7
1210;108;251;1;land;false;desert;7
1211;110;228;1;land;false;desert;7
1212;103;211;1;land;false;mountain;7
1213;117;196;1;land;false;mountain;7
1214;125;202;1;land;false;desert;7
1215;126;251;1;land;false;desert;7
1216;67;232;1;land;false;desert;7
1217;68;208;1;land;false;desert;7
1218;122;221;1;land;false;desert;7
1219;111;193;1;land;false;desert;7
1220;130;207;1;land;false;mountain;7
1221;67;216;1;land;false;hills;7
1222;96;195;1;land;false;desert;7
1223;127;192;1;land;false;mountain;7
1224;121;187;1;land;false;desert;7
1225;92;229;1;land;false;mountain;7
1226;139;206;1;land;false;desert;7
1227;95;236;1;land;false;desert;7
1228;125;248;1;land;false;desert;7
1229;98;197;1;land;false;desert;7
1230;145;232;1;land;false;hills;7
1231;78;191;1;land;false;desert;7
1232;84;212;1;land;false;hills;7
1233;77;245;1;land;false;hills;7
1234;103;202;1;land;false;hills;7
1235;68;201;1;land;false;hills;7
1236;84;202;1;land;false;desert;7
1237;89;200;1;land;false;desert;7
1238;125;197;1;land;false;desert;7
1239;112;244;1;land;false;desert;7
1240;122;206;1;land;false;desert;7
1241;83;196;1;land;false;desert;7
1242;127;222;1;land;false;desert;7
1243;107;197;1;land;false;mountain;7
1244;113;207;1;land;false;hills;7
1245;105;244;1;land;false;desert;7
1246;143;252;1;land;false;desert;7
1247;69;210;1;land;false;desert;7
1248;110;246;1;land;false;desert;7
1249;236;24;1;land;true;plains;7
1250;248;8;1;land;false;plains;7
1251;219;80;1;land;true;plains;7
1252;211;6;1;land;false;plains;7
1253;230;62;1;land;false;plains;7
1254;7;170;1;land;false;hills;7
1255;11;181;1;land;false;urban;7
1256;62;189;1;land;false;plains;7
1257;14;188;1;land;false;hills;7
1258;7;183;1;land;false;plains;7
1259;32;232;1;land;false;plains;7
1260;34;178;1;land;false;plains;7
1261;155;28;1;land;false;plains;7
1262;131;17;1;land;false;plains;7
1263;164;3;1;land;false;urban;7
1264;188;32;1;land;false;plains;7
1265;197;2;1;land;false;plains;7
1266;157;0;1;land;false;plains;7
1267;148;4;1;land;false;plains;7
1268;169;150;1;land;false;plains;7
1269;211;169;1;land;false;plains;7
1270;184;142;1;land;false;plains;7
1271;189;201;1;land;false;urban;7
1272;209;209;1;land;false;plains;7
1273;220;141;1;land;false;urban;7
1274;197;162;1;land;false;urban;7
1275;212;59;1;land;false;plains;7
1276;226;45;1;land;false;urban;7
1277;232;55;1;land;false;plains;7
1278;196;40;1;land;false;plains;7
1279;197;68;1;land;false;plains;7
1280;213;55;1;land;false;plains;7
1281;225;57;1;land;false;plains;7
1282;248;1;1;land;false;plains;7
1283;25;40;1;land;false;plains;7
1284;10;20;1;land;false;urban;7
1285;6;45;1;land;false;plains;7
1286;26;7;1;land;false;urban;7
1287;34;33;1;land;false;plains;7
1288;22;53;1;land;false;plains;7
1289;29;21;1;land;false;plains;7
1290;55;5;1;land;false;plains;7
1291;51;50;1;land;false;plains;7
1292;20;49;1;land;false;plains;7
1293;26;41;1;land;false;plains;7
1294;27;127;1;land;false;plains;7
1295;67;176;1;land;false;urban;7
1296;11;171;1;land;false;plains;7
1297;7;147;1;land;false;urban;7
1298;42;152;1;land;false;plains;7
1299;20;159;1;land;false;plains;7
1300;60;170;1;land;false;plains;7
1301;24;116;1;land;false;plains;7
1302;68;106;1;land;false;urban;7
1303;40;106;1;land;false;plains;7
1304;70;148;1;land;false;plains;7
1305;36;135;1;land;false;plains;7
1306;17;140;1;land;false;plains;7
1307;14;152;1;land;false;plains;7
1308;45;31;1;land;false;urban;7
1309;25;58;1;land;false;plains;7
1310;59;58;1;land;false;plains;7
1311;44;42;1;land;false;plains;7
1312;101;39;1;land;false;urban;7
1313;95;65;1;land;false;plains;7
1314;60;40;1;land;false;plains;7
1315;86;38;1;land;false;urban;7
1316;28;72;1;land;false;urban;7
1317;38;63;1;land;false;plains;7
1318;69;12;1;land;false;plains;7
1319;68;51;1;land;false;plains;7
1320;36;48;1;land;false;plains;7
1321;40;62;1;land;false;urban;7
1322;170;86;1;land;true;plains;7
1323;187;104;1;land;true;plains;7
1324;169;117;1;land;true;plains;7
1325;214;90;1;land;false;plains;7
1326;113;103;1;land;false;hills;7
1327;57;32;1;land;false;plains;7
1328;66;33;1;land;false;hills;7
1329;56;67;1;land;false;hills;7
1330;110;48;1;land;false;plains;7
1331;108;78;1;land;false;plains;7
1332;78;84;1;land;false;hills;7
1333;54;31;1;land;false;plains;7
1334;68;96;1;land;false;plains;7
1335;96;33;1;land;false;plains;7
1336;82;133;1;land;false;urban;7
1337;77;163;1;land;false;plains;7
1338;105;134;1;land;false;plains;7
1339;60;95;1;land;false;plains;7
1340;115;101;1;land;false;plains;7
1341;71;144;1;land;false;plains;7
1342;98;172;1;land;false;plains;7
1343;116;171;1;land;false;plains;7
1344;127;247;1;land;false;plains;7
1345;133;218;1;land;false;plains;7
1346;141;244;1;land;false;plains;7
1347;135;245;1;land;false;urban;7
1348;97;253;1;land;false;plains;7
1349;90;254;1;land;false;plains;7
1350;99;241;1;land;false;plains;7
1351;138;6;1;land;false;plains;7
1352;181;28;1;land;false;plains;7
1353;140;13;1;land;false;urban;7
1354;164;19;1;land;false;plains;7
1355;114;29;1;land;false;plains;7
1356;122;31;1;land;false;plains;7
1357;177;42;1;land;false;plains;7
1358;110;35;1;land;false;plains;7
1359;145;38;1;land;false;plains;7
1360;110;15;1;land;false;plains;7
1361;155;29;1;land;false;plains;7
1362;144;8;1;land;false;plains;7
1363;107;8;1;land;false;plains;7
1364;186;39;1;land;false;plains;7
1365;151;11;1;land;false;plains;7
1366;133;15;1;land;false;urban;7
1367;51;114;1;land;false;plains;7
1368;39;106;1;land;false;plains;7
1369;22;133;1;land;false;plains;7
1370;15;113;1;land;false;plains;7
1371;0;108;1;land;false;plains;7
1372;202;38;1;land;false;plains;7
1373;221;109;1;land;false;plains;7
1374;157;105;1;land;false;urban;7
1375;182;97;1;land;false;plains;7
1376;182;54;1;land;false;urban;7
1377;172;186;1;land;false;plains;7
1378;195;189;1;land;false;plains;7
1379;181;218;1;land;false;plains;7
1380;210;206;1;land;false;urban;7
1381;78;190;1;land;false;plains;7
1382;159;192;1;land;false;plains;7
1383;180;154;1;land;false;plains;7
1384;200;177;1;land;false;plains;7
1385;145;224;1;land;false;urban;7
1386;185;216;1;land;false;plains;7
1387;155;159;1;land;false;plains;7
1388;147;190;1;land;false;plains;7
1389;229;24;1;land;false;plains;7
1390;230;3;1;land;false;plains;7
1391;249;32;1;land;false;plains;7
1392;237;19;1;land;false;plains;7
1393;202;14;1;land;false;plains;7
1394;229;34;1;land;false;plains;7
1395;198;37;1;land;false;plains;7
1396;223;17;1;land;false;plains;7
1397;187;29;1;land;false;urban;7
1398;202;31;1;land;false;plains;7
1399;252;4;1;land;false;plains;7
1400;221;25;1;land;false;urban;7
1401;195;26;1;land;false;plains;7
1402;190;44;1;land;false;urban;7
1403;185;4;1;land;false;plains;7
1404;190;28;1;land;false;plains;7
1405;219;35;1;land;false;urban;7
1406;200;19;1;land;false;plains;7
1407;246;115;1;land;false;plains;7
1408;245;92;1;land;false;plains;7
1409;223;151;1;land;false;plains;7
1410;253;85;1;land;false;plains;7
1411;218;141;1;land;false;plains;7
1412;232;85;1;land;false;plains;7
1413;169;241;1;land;false;plains;7
1414;181;219;1;land;false;hills;7
1415;187;232;1;land;false;hills;7
1416;148;224;1;land;false;plains;7
1417;197;236;1;land;false;plains;7
1418;195;79;1;land;false;urban;7
1419;197;124;1;land;false;urban;7
1420;220;121;1;land;true;plains;7
1421;169;132;1;land;false;urban;7
1422;199;137;1;land;true;plains;7
1423;176;76;1;land;false;plains;7
1424;208;69;1;land;false;plains;7
1425;206;169;1;land;false;plains;7
1426;172;165;1;land;false;plains;7
1427;216;182;1;land;false;plains;7
1428;243;186;1;land;false;plains;7
1429;198;145;1;land;false;plains;7
1430;194;202;1;land;false;plains;7
1431;181;199;1;land;false;urban;7
1432;182;184;1;land;false;plains;7
1433;209;176;1;land;false;plains;7
1434;235;186;1;land;false;plains;7
1435;179;135;1;land;false;plains;7
1436;184;153;1;land;false;plains;7
1437;184;145;1;land;false;plains;7
1438;212;24;1;land;true;urban;7
1439;218;54;1;land;false;urban;7
1440;238;10;1;land;false;plains;7
1441;181;47;1;land;false;plains;7
1442;179;40;1;land;true;plains;7
1443;216;21;1;land;false;plains;7
1444;226;39;1;land;false;urban;7
1445;206;9;1;land;true;plains;7
1446;218;39;1;land;true;plains;7
1447;188;21;1;land;true;plains;7
1448;39;63;1;land;false;urban;7
1449;37;20;1;land;false;plains;7
1450;11;53;1;land;false;urban;7
1451;20;33;1;land;false;plains;7
1452;38;32;1;land;false;plains;7
1453;40;48;1;land;false;urban;7
1454;122;147;1;land;false;plains;7
1455;97;156;1;land;false;plains;7
1456;115;167;1;land;false;plains;7
1457;128;180;1;land;false;plains;7
1458;101;128;1;land;false;plains;7
1459;139;146;1;land;false;plains;7
1460;145;153;1;land;false;urban;7
1461;156;180;1;land;false;hills;7
1462;96;130;1;land;false;plains;7
1463;99;113;1;land;false;plains;7
1464;102;170;1;land;false;plains;7
1465;158;11;1;land;false;plains;7
1466;139;2;1;land;false;plains;7
1467;141;16;1;land;false;urban;7
1468;164;15;1;land;false;plains;7
1469;170;41;1;land;false;plains;7
1470;136;5;1;land;false;plains;7
1471;137;5;1;land;false;urban;7
1472;3;93;1;land;false;urban;7
1473;32;136;1;land;false;plains;7
1474;80;75;1;land;false;plains;7
1475;21;138;1;land;false;plains;7
1476;46;101;1;land;false;plains;7
1477;4;87;1;land;false;plains;7
1478;33;76;1;land;false;plains;7
1479;61;210;1;land;false;urban;7
1480;22;236;1;land;true;plains;7
1481;46;196;1;land;false;plains;7
1482;33;193;1;land;false;plains;7
1483;55;195;1;land;true;urban;7
1484;66;201;1;land;false;urban;7
1485;16;241;1;land;true;urban;7
1486;71;208;1;land;true;plains;7
1487;44;196;1;land;false;plains;7
1488;28;221;1;land;true;plains;7
1489;85;252;1;land;false;plains;7
1490;127;233;1;land;true;plains;7
1491;86;232;1;land;false;urban;7
1492;113;242;1;land;true;plains;7
1493;98;242;1;land;false;plains;7
1494;119;207;1;land;true;plains;7
1495;104;231;1;land;true;plains;7
1496;232;119;1;land;true;plains;7
1497;201;86;1;land;true;plains;7
1498;217;77;1;land;true;plains;7
1499;7;189;1;land;false;urban;7
1500;5;240;1;land;true;plains;7
1501;11;184;1;land;true;urban;7
1502;48;242;1;land;false;urban;7
1503;35;223;1;land;false;plains;7
1504;2;228;1;land;false;urban;7
1505;26;241;1;land;true;plains;7
1506;3;213;1;land;false;plains;7
1507;23;197;1;land;true;plains;7
1508;38;215;1;land;true;urban;7
1509;46;199;1;land;true;plains;7
1510;23;207;1;land;true;plains;7
1511;41;209;1;land;false;urban;7
1512;228;58;1;land;true;plains;7
1513;35;217;1;land;false;plains;7
1514;78;222;1;land;false;plains;7
1515;27;223;1;land;false;plains;7
1516;33;231;1;land;true;plains;7
1517;39;206;1;land;false;plains;7
1518;40;240;1;land;false;plains;7
1519;14;235;1;land;false;plains;7
1520;13;221;1;land;false;urban;7
1521;8;206;1;land;false;plains;7
1522;25;241;1;land;true;plains;7
1523;35;224;1;land;false;urban;7
1524;67;214;1;land;false;plains;7
1525;70;233;1;land;false;urban;7
1526;131;64;1;land;false;plains;7
1527;111;48;1;land;false;hills;7
1528;143;22;1;land;false;plains;7
1529;156;17;1;land;false;plains;7
1530;95;25;1;land;false;plains;7
1531;145;83;1;land;false;hills;7
1532;94;63;1;land;false;plains;7
1533;101;92;1;land;false;plains;7
1534;86;86;1;land;false;plains;7
1535;132;33;1;land;false;plains;7
1536;119;22;1;land;false;hills;7
1537;91;47;1;land;false;hills;7
1538;123;89;1;land;false;plains;7
1539;113;49;1;land;false;plains;7
1540;126;167;1;land;false;urban;7
1541;124;172;1;land;false;plains;7
1542;100;195;1;land;false;urban;7
1543;135;139;1;land;false;plains;7
1544;145;161;1;land;false;plains;7
1545;98;163;1;land;false;plains;7
1546;125;203;1;land;false;plains;7
1547;105;156;1;land;false;urban;7
1548;159;134;1;land;false;plains;7
1549;92;174;1;land;false;plains;7
1550;98;140;1;land;false;plains;7
1551;155;135;1;land;false;plains;7
1552;143;189;1;land;false;plains;7
1553;137;180;1;land;false;plains;7
1554;154;178;1;land;false;plains;7
1555;251;47;1;land;false;plains;7
1556;235;35;1;land;false;plains;7
1557;247;24;1;land;false;plains;7
1558;251;32;1;land;false;plains;7
1559;250;47;1;land;false;plains;7
1560;49;36;1;land;false;urban;7
1561;78;34;1;land;false;plains;7
1562;37;18;1;land;false;plains;7
1563;5;18;1;land;false;plains;7
1564;27;17;1;land;false;plains;7
1565;1;27;1;land;false;plains;7
1566;65;3;1;land;false;plains;7
1567;68;52;1;land;false;plains;7
1568;64;59;1;land;false;plains;7
1569;74;15;1;land;false;plains;7
1570;19;27;1;land;false;plains;7
1571;17;54;1;land;false;plains;7
1572;71;35;1;land;false;urban;7
1573;62;41;1;land;false;plains;7
1574;44;204;1;land;true;plains;7
1575;83;206;1;land;false;urban;7
1576;28;191;1;land;true;plains;7
1577;62;205;1;land;false;plains;7
1578;63;195;1;land;true;plains;7
1579;39;207;1;land;false;urban;7
1580;41;223;1;land;true;urban;7
1581;30;189;1;land;false;plains;7
1582;73;47;1;land;false;plains;7
1583;105;69;1;land;false;plains;7
1584;115;115;1;land;false;hills;7
1585;73;73;1;land;false;plains;7
1586;95;56;1;land;false;plains;7
1587;196;160;1;land;true;plains;7
1588;212;167;1;land;true;plains;7
1589;244;30;1;land;false;plains;7
1590;220;77;1;land;false;plains;7
1591;211;34;1;land;false;urban;7
1592;223;43;1;land;false;urban;7
1593;224;44;1;land;false;plains;7
1594;241;50;1;land;false;urban;7
1595;219;36;1;land;false;plains;7
1596;232;18;1;land;false;urban;7
1597;165;40;1;land;true;plains;7
1598;137;39;1;land;false;plains;7
1599;153;26;1;land;false;plains;7
1600;163;11;1;land;true;plains;7
1601;178;44;1;land;true;plains;7
1602;226;14;1;land;false;urban;7
1603;182;63;1;land;false;plains;7
1604;234;26;1;land;false;plains;7
1605;207;41;1;land;false;plains;7
1606;229;16;1;land;true;plains;7
1607;171;58;1;land;false;plains;7
1608;178;60;1;land;false;plains;7
1609;242;40;1;land;false;plains;7
1610;195;12;1;land;false;plains;7
1611;205;43;1;land;false;urban;7
1612;191;19;1;land;true;plains;7
1613;186;46;1;land;false;plains;7
1614;108;131;1;land;true;plains;7
1615;48;121;1;land;false;plains;7
1616;89;160;1;land;false;plains;7
1617;39;144;1;land;false;urban;7
1618;56;99;1;land;true;plains;7
1619;50;144;1;land;true;urban;7
1620;71;87;1;land;false;plains;7
1621;81;147;1;land;false;plains;7
1622;145;172;1;land;false;plains;7
1623;114;127;1;land;false;plains;7
1624;133;151;1;land;false;plains;7
1625;79;164;1;land;false;plains;7
1626;97;111;1;land;false;plains;7
1627;117;106;1;land;false;plains;7
1628;80;156;1;land;false;plains;7
1629;120;141;1;land;false;plains;7
1630;61;126;1;land;false;plains;7
1631;121;110;1;land;false;plains;7
1632;143;233;1;land;false;hills;7
1633;91;248;1;land;false;hills;7
1634;78;208;1;land;false;plains;7
1635;148;244;1;land;false;hills;7
1636;79;219;1;land;false;desert;7
1637;149;244;1;land;false;plains;7
1638;107;249;1;land;false;plains;7
1639;108;243;1;land;false;hills;7
1640;132;252;1;land;false;hills;7
1641;108;229;1;land;false;plains;7
1642;98;210;1;land;false;hills;7
1643;76;226;1;land;false;hills;7
1644;148;254;1;land;false;hills;7
1645;83;208;1;land;false;hills;7
1646;114;217;1;land;false;hills;7
1647;81;253;1;land;false;hills;7
1648;96;228;1;land;false;plains;7
1649;148;245;1;land;false;hills;7
1650;107;219;1;land;false;hills;7
1651;97;243;1;land;false;plains;7
1652;149;223;1;land;false;hills;7
1653;137;253;1;land;false;hills;7
1654;139;31;1;land;false;plains;7
1655;166;39;1;land;false;hills;7
1656;127;6;1;land;false;plains;7
1657;185;27;1;land;false;plains;7
1658;126;42;1;land;false;plains;7
1659;4;85;1;land;false;plains;7
1660;0;89;1;land;false;urban;7
1661;12;97;1;land;false;plains;7
1662;2;88;1;land;false;plains;7
1663;8;70;1;land;false;plains;7
1664;55;128;1;land;false;plains;7
1665;39;122;1;land;false;plains;7
1666;17;91;1;land;false;plains;7
1667;48;191;1;land;false;urban;7
1668;15;253;1;land;true;plains;7
1669;51;228;1;land;true;plains;7
1670;14;246;1;land;true;plains;7
1671;64;240;1;land;true;plains;7
1672;26;203;1;land;false;urban;7
1673;183;221;1;land;false;plains;7
1674;212;185;1;land;true;urban;7
1675;196;158;1;land;false;plains;7
1676;228;197;1;land;false;plains;7
1677;231;219;1;land;false;plains;7
1678;185;190;1;land;false;plains;7
1679;220;227;1;land;true;plains;7
1680;234;218;1;land;true;plains;7
1681;208;178;1;land;false;urban;7
1682;226;230;1;land;false;plains;7
1683;231;214;1;land;false;plains;7
1684;212;117;1;land;false;urban;7
1685;225;84;1;land;false;plains;7
1686;196;53;1;land;false;plains;7
1687;248;86;1;land;false;plains;7
1688;252;88;1;land;false;plains;7
1689;244;78;1;land;false;plains;7
1690;200;54;1;land;false;urban;7
1691;230;82;1;land;false;plains;7
1692;238;109;1;land;false;plains;7
1693;219;90;1;land;false;plains;7
1694;236;59;1;land;false;plains;7
1695;215;90;1;land;false;plains;7
1696;242;68;1;land;false;plains;7
1697;215;118;1;land;false;plains;7
1698;246;96;1;land;false;plains;7
1699;227;107;1;land;false;plains;7
1700;238;179;1;land;false;plains;7
1701;218;176;1;land;false;plains;7
1702;236;236;1;land;false;plains;7
1703;230;240;1;land;false;plains;7
1704;229;193;1;land;false;hills;7
1705;224;180;1;land;false;plains;7
1706;237;242;1;land;false;urban;7
1707;233;228;1;land;false;urban;7
1708;244;211;1;land;false;hills;7
1709;212;222;1;land;false;plains;7
1710;219;214;1;land;false;plains;7
1711;232;214;1;land;false;mountain;7
1712;147;78;1;land;false;plains;7
1713;185;59;1;land;false;plains;7
1714;119;61;1;land;false;hills;7
1715;159;24;1;land;false;plains;7
1716;184;66;1;land;false;plains;7
1717;133;38;1;land;false;plains;7
1718;181;103;1;land;false;plains;7
1719;117;90;1;land;false;plains;7
1720;168;100;1;land;false;plains;7
1721;192;158;1;land;false;plains;7
1722;144;186;1;land;false;plains;7
1723;155;213;1;land;false;urban;7
1724;190;175;1;land;false;plains;7
1725;133;177;1;land;false;plains;7
1726;136;208;1;land;false;plains;7
1727;170;161;1;land;false;plains;7
1728;173;166;1;land;false;plains;7
1729;153;222;1;land;false;urban;7
1730;192;210;1;land;false;plains;7
1731;185;203;1;land;false;urban;7
1732;189;232;1;land;true;plains;7
1733;177;231;1;land;false;plains;7
1734;168;233;1;land;true;plains;7
1735;189;203;1;land;false;plains;7
1736;151;238;1;land;false;plains;7
1737;195;221;1;land;false;plains;7
1738;188;245;1;land;false;plains;7
1739;204;110;1;land;false;plains;7
1740;187;118;1;land;false;plains;7
1741;197;99;1;land;false;plains;7
1742;200;86;1;land;false;plains;7
1743;186;124;1;land;false;plains;7
1744;220;69;1;land;false;plains;7
1745;197;96;1;land;false;plains;7
1746;190;129;1;land;false;urban;7
1747;173;62;1;land;false;plains;7
1748;148;119;1;land;false;plains;7
1749;100;236;1;land;false;plains;7
1750;59;249;1;land;false;plains;7
1751;115;196;1;land;false;plains;7
1752;121;204;1;land;false;urban;7
1753;71;223;1;land;false;plains;7
1754;52;246;1;land;false;plains;7
1755;52;238;1;land;false;plains;7
1756;95;111;1;land;false;urban;7
1757;113;92;1;land;false;plains;7
1758;64;108;1;land;false;plains;7
1759;80;99;1;land;false;plains;7
1760;90;35;1;land;false;urban;7
1761;90;50;1;land;false;urban;7
1762;119;86;1;land;false;hills;7
1763;105;52;1;land;false;hills;7
1764;130;79;1;land;false;plains;7
1765;127;80;1;land;false;plains;7
1766;123;77;1;land;false;plains;7
1767;163;95;1;land;false;plains;7
1768;169;92;1;land;false;plains;7
1769;116;108;1;land;false;plains;7
1770;160;60;1;land;false;plains;7
1771;150;90;1;land;false;plains;7
1772;171;127;1;land;false;plains;7
1773;140;100;1;land;false;urban;7
1774;209;14;1;land;false;plains;7
1775;170;0;1;land;false;plains;7
1776;200;26;1;land;false;urban;7
1777;189;46;1;land;false;plains;7
1778;38;25;1;land;true;plains;7
1779;49;52;1;land;true;plains;7
1780;134;55;1;land;false;plains;7
1781;136;23;1;land;false;plains;7
1782;144;57;1;land;false;plains;7
1783;129;30;1;land;false;plains;7
1784;156;64;1;land;false;plains;7
1785;150;41;1;land;false;plains;7
1786;127;7;1;land;false;plains;7
1787;113;52;1;land;false;plains;7
1788;170;46;1;land;false;plains;7
1789;176;27;1;land;false;plains;7
1790;188;54;1;land;false;plains;7
1791;112;32;1;land;false;urban;7
1792;135;59;1;land;false;plains;7
1793;166;53;1;land;false;plains;7
1794;145;59;1;land;false;plains;7
1795;195;229;1;land;false;plains;7
1796;221;227;1;land;false;plains;7
1797;222;238;1;land;false;urban;7
1798;237;247;1;land;false;plains;7
1799;217;226;1;land;false;plains;7
1800;241;239;1;land;false;plains;7
1801;182;228;1;land;false;plains;7
1802;207;252;1;land;false;hills;7
1803;191;215;1;land;false;plains;7
1804;198;245;1;land;false;plains;7
1805;242;239;1;land;false;plains;7
1806;100;32;1;land;false;plains;7
1807;86;3;1;land;false;urban;7
1808;34;23;1;land;false;plains;7
1809;252;55;1;land;false;mountain;7
1810;219;93;1;land;false;mountain;7
1811;205;126;1;land;false;hills;7
1812;205;90;1;land;false;mountain;7
1813;209;111;1;land;false;plains;7
1814;214;111;1;land;false;mountain;7
1815;224;130;1;land;false;hills;7
1816;216;117;1;land;false;mountain;7
1817;231;106;1;land;false;plains;7
1818;213;54;1;land;false;hills;7
1819;220;61;1;land;false;hills;7
1820;226;98;1;land;false;hills;7
1821;171;93;1;land;false;plains;7
1822;152;73;1;land;false;plains;7
1823;138;102;1;land;false;plains;7
1824;132;63;1;land;false;plains;7
1825;197;28;1;land;false;plains;7
1826;182;100;1;land;false;plains;7
1827;64;15;1;land;false;hills;7
1828;47;29;1;land;false;plains;7
1829;113;38;1;land;false;urban;7
1830;85;10;1;land;false;plains;7
1831;98;33;1;land;false;plains;7
1832;110;12;1;land;false;plains;7
1833;73;14;1;land;false;hills;7
1834;51;22;1;land;false;plains;7
1835;113;1;1;land;false;plains;7
1836;68;35;1;land;false;plains;7
1837;87;26;1;land;false;plains;7
1838;78;36;1;land;false;plains;7
1839;89;18;1;land;false;plains;7
1840;97;3;1;land;false;plains;7
1841;38;40;1;land;false;hills;7
1842;54;99;1;land;false;hills;7
1843;35;129;1;land;false;desert;7
1844;10;103;1;land;false;desert;7
1845;53;74;1;land;false;desert;7
1846;10;128;1;land;false;hills;7
1847;1;116;1;land;false;desert;7
1848;2;139;1;land;false;desert;7
1849;19;146;1;land;false;desert;7
1850;57;137;1;land;false;desert;7
1851;26;84;1;land;false;desert;7
1852;13;123;1;land;false;desert;7
1853;73;116;1;land;false;desert;7
1854;47;71;1;land;false;desert;7
1855;2;109;1;land;false;desert;7
1856;27;118;1;land;false;desert;7
1857;43;107;1;land;false;desert;7
1858;67;127;1;land;false;desert;7
1859;19;132;1;land;false;hills;7
1860;14;132;1;land;false;desert;7
1861;45;106;1;land;false;desert;7
1862;8;146;1;land;false;desert;7
1863;17;119;1;land;false;desert;7
1864;7;88;1;land;false;desert;7
1865;59;120;1;land;false;desert;7
1866;54;133;1;land;false;desert;7
1867;59;121;1;land;false;desert;7
1868;56;134;1;land;false;hills;7
1869;15;125;1;land;false;hills;7
1870;21;113;1;land;false;hills;7
1871;10;131;1;land;false;desert;7
1872;31;105;1;land;false;desert;7
1873;75;91;1;land;false;desert;7
1874;7;103;1;land;false;desert;7
1875;54;76;1;land;false;desert;7
1876;62;80;1;land;false;desert;7
1877;58;89;1;land;false;desert;7
1878;18;102;1;land;false;desert;7
1879;72;83;1;land;false;desert;7
1880;48;91;1;land;false;desert;7
1881;75;114;1;land;false;desert;7
1882;66;73;1;land;false;desert;7
1883;0;145;1;land;false;mountain;7
1884;29;104;1;land;false;desert;7
1885;8;75;1;land;false;hills;7
1886;41;116;1;land;false;hills;7
1887;67;89;1;land;false;desert;7
1888;72;79;1;land;false;desert;7
1889;32;111;1;land;false;desert;7
1890;68;79;1;land;false;desert;7
1891;59;86;1;land;false;desert;7
1892;62;137;1;land;false;hills;7
1893;63;93;1;land;false;hills;7
1894;74;146;1;land;false;desert;7
1895;38;87;1;land;false;mountain;7
1896;39;133;1;land;false;desert;7
1897;27;96;1;land;false;desert;7
1898;35;85;1;land;false;desert;7
1899;41;75;1;land;false;desert;7
1900;61;123;1;land;false;hills;7
1901;45;82;1;land;false;desert;7
1902;75;102;1;land;false;hills;7
1903;65;78;1;land;false;desert;7
1904;17;68;1;land;false;desert;7
1905;49;141;1;land;false;desert;7
1906;34;78;1;land;false;desert;7
1907;7;136;1;land;false;hills;7
1908;39;110;1;land;false;desert;7
1909;66;118;1;land;false;desert;7
1910;2;129;1;land;false;hills;7
1911;11;108;1;land;false;desert;7
1912;11;132;1;land;false;desert;7
1913;20;143;1;land;false;desert;7
1914;24;81;1;land;false;desert;7
1915;20;110;1;land;false;desert;7
1916;41;69;1;land;false;desert;7
1917;63;74;1;land;false;desert;7
1918;18;73;1;land;false;mountain;7
1919;4;83;1;land;false;desert;7
1920;7;76;1;land;false;desert;7
1921;34;121;1;land;false;desert;7
1922;0;131;1;land;false;desert;7
1923;39;86;1;land;false;desert;7
1924;5;106;1;land;false;desert;7
1925;20;85;1;land;false;desert;7
1926;6;126;1;land;false;hills;7
1927;50;105;1;land;false;hills;7
1928;33;77;1;land;false;desert;7
1929;73;120;1;land;false;desert;7
1930;44;144;1;land;false;desert;7
1931;33;117;1;land;false;hills;7
1932;45;96;1;land;false;desert;7
1933;64;106;1;land;false;hills;7
1934;58;84;1;land;false;desert;7
1935;6;71;1;land;false;mountain;7
1936;70;143;1;land;false;desert;7
1937;59;112;1;land;false;desert;7
1938;13;130;1;land;false;desert;7
1939;34;103;1;land;false;desert;7
1940;46;99;1;land;false;desert;7
1941;61;124;1;land;false;desert;7
1942;33;96;1;land;false;desert;7
1943;24;77;1;land;false;desert;7
1944;9;119;1;land;false;desert;7
1945;39;137;1;land;false;desert;7
1946;28;116;1;land;false;desert;7
1947;119;113;1;land;false;urban;7
1948;138;113;1;land;false;plains;7
1949;176;112;1;land;false;plains;7
1950;159;77;1;land;false;plains;7
1951;131;80;1;land;false;plains;7
1952;179;81;1;land;false;urban;7
1953;173;104;1;land;false;plains;7
1954;145;92;1;land;false;plains;7
1955;174;135;1;land;false;plains;7
1956;214;200;1;land;false;plains;7
1957;229;196;1;land;false;urban;7
1958;248;230;1;land;false;plains;7
1959;239;201;1;land;false;urban;7
1960;249;249;1;land;false;plains;7
1961;213;243;1;land;false;plains;7
1962;211;191;1;land;false;urban;7
1963;88;239;1;land;false;plains;7
1964;96;237;1;land;true;urban;7
1965;28;227;1;land;false;plains;7
1966;23;221;1;land;false;plains;7
1967;64;228;1;land;true;plains;7
1968;92;180;1;land;true;plains;7
1969;72;113;1;land;true;plains;7
1970;59;82;1;land;false;plains;7
1971;36;87;1;land;true;plains;7
1972;59;48;1;land;true;plains;7
1973;87;83;1;land;true;plains;7
1974;80;104;1;land;false;plains;7
1975;22;102;1;land;false;plains;7
1976;79;102;1;land;true;plains;7
1977;108;29;1;land;false;plains;7
1978;121;62;1;land;false;urban;7
1979;159;45;1;land;false;plains;7
1980;99;76;1;land;false;plains;7
1981;118;38;1;land;true;plains;7
1982;160;79;1;land;false;plains;7
1983;110;60;1;land;false;urban;7
1984;117;37;1;land;false;urban;7
1985;118;84;1;land;false;urban;7
1986;107;90;1;land;false;plains;7
1987;142;40;1;land;false;plains;7
1988;105;87;1;land;false;urban;7
1989;119;40;1;land;true;plains;7
1990;100;16;1;land;false;plains;7
1991;243;47;1;land;false;plains;7
1992;220;78;1;land;false;plains;7
1993;229;74;1;land;false;plains;7
1994;221;41;1;land;false;plains;7
1995;202;36;1;land;false;plains;7
1996;144;210;1;land;false;plains;7
1997;133;187;1;land;false;plains;7
1998;134;203;1;land;false;urban;7
1999;80;186;1;land;false;plains;7
2000;105;184;1;land;false;plains;7
2001;137;156;1;land;false;plains;7
2002;66;184;1;land;false;plains;7
2003;59;161;1;land;false;plains;7
2004;11;141;1;land;false;plains;7
2005;13;171;1;land;false;plains;7
2006;34;150;1;land;false;plains;7
2007;28;147;1;land;false;plains;7
2008;246;34;1;land;false;plains;7
2009;239;41;1;land;false;urban;7
2010;212;34;1;land;false;plains;7
2011;248;43;1;land;false;plains;7
2012;250;30;1;land;false;plains;7
2013;157;232;1;land;false;urban;7
2014;163;233;1;land;false;plains;7
2015;199;249;1;land;false;plains;7
2016;134;212;1;land;false;plains;7
2017;184;247;1;land;false;urban;7
2018;52;119;1;land;false;plains;7
2019;7;104;1;land;false;plains;7
2020;51;82;1;land;false;plains;7
2021;20;119;1;land;false;plains;7
2022;17;105;1;land;false;plains;7
2023;44;98;1;land;false;plains;7
2024;235;209;1;land;false;plains;7
2025;219;168;1;land;false;plains;7
2026;220;146;1;land;false;plains;7
2027;210;165;1;land;false;plains;7
2028;233;137;1;land;false;urban;7
2029;227;192;1;land;false;plains;7
2030;212;173;1;land;false;plains;7
2031;240;176;1;land;false;plains;7
2032;159;179;1;land;false;plains;7
2033;126;106;1;land;false;plains;7
2034;161;140;1;land;false;plains;7
2035;181;108;1;land;false;plains;7
2036;123;182;1;land;false;plains;7
2037;115;137;1;land;false;plains;7
2038;115;156;1;land;false;plains;7
2039;135;118;1;land;false;plains;7
2040;168;123;1;land;false;plains;7
2041;176;151;1;land;false;plains;7
2042;140;150;1;land;false;plains;7
2043;142;166;1;land;false;plains;7
2044;165;120;1;land;false;plains;7
2045;238;7;1;land;false;hills;7
2046;250;23;1;land;false;urban;7
2047;254;23;1;land;false;plains;7
2048;226;23;1;land;false;plains;7
2049;220;10;1;land;false;hills;7
2050;234;47;1;land;false;plains;7
2051;244;5;1;land;false;plains;7
2052;220;13;1;land;false;hills;7
2053;253;36;1;land;false;plains;7
2054;250;7;1;land;false;plains;7
2055;216;8;1;land;false;plains;7
2056;228;5;1;land;false;plains;7
2057;229;2;1;land;false;plains;7
2058;230;131;1;land;false;plains;7
2059;223;133;1;land;false;plains;7
2060;249;122;1;land;false;plains;7
2061;218;119;1;land;false;plains;7
2062;221;185;1;land;false;urban;7
2063;240;129;1;land;false;plains;7
2064;147;236;1;land;false;plains;7
2065;200;241;1;land;false;plains;7
2066;133;226;1;land;false;plains;7
2067;169;244;1;land;false;urban;7
2068;196;207;1;land;false;urban;7
2069;154;212;1;land;false;plains;7
2070;178;198;1;land;false;plains;7
2071;179;245;1;land;false;plains;7
2072;228;62;1;land;false;urban;7
2073;200;79;1;land;false;plains;7
2074;201;123;1;land;false;plains;7
2075;253;95;1;land;false;plains;7
2076;209;122;1;land;false;urban;7
2077;253;59;1;land;false;urban;7
2078;238;120;1;land;false;plains;7
2079;247;74;1;land;false;urban;7
2080;213;110;1;land;false;plains;7
2081;219;75;1;land;true;plains;7
2082;245;103;1;land;false;plains;7
2083;222;120;1;land;false;plains;7
2084;219;124;1;land;false;plains;7
2085;233;100;1;land;false;urban;7
2086;237;74;1;land;false;urban;7
2087;39;78;1;land;false;urban;7
2088;35;91;1;land;false;urban;7
2089;14;67;1;land;false;plains;7
2090;34;84;1;land;false;plains;7
2091;4;109;1;land;false;plains;7
2092;35;58;1;land;false;plains;7
2093;121;223;1;land;false;urban;7
2094;89;189;1;land;false;urban;7
2095;128;178;1;land;false;plains;7
2096;141;216;1;land;false;plains;7
2097;81;190;1;land;false;plains;7
2098;150;193;1;land;false;plains;7
2099;153;225;1;land;false;plains;7
2100;102;112;1;land;false;urban;7
2101;154;124;1;land;false;plains;7
2102;141;97;1;land;false;plains;7
2103;134;70;1;land;false;plains;7
2104;127;96;1;land;false;plains;7
2105;147;119;1;land;false;plains;7
2106;93;127;1;land;false;plains;7
2107;110;96;1;land;false;urban;7
2108;144;137;1;land;false;plains;7
2109;145;61;1;land;false;plains;7
2110;111;111;1;land;false;plains;7
2111;91;88;1;land;false;urban;7
2112;214;212;1;land;false;plains;7
2113;238;182;1;land;false;plains;7
2114;251;219;1;land;false;urban;7
2115;217;207;1;land;true;plains;7
2116;227;193;1;land;false;plains;7
2117;199;248;1;land;false;plains;7
2118;236;211;1;land;true;plains;7
2119;185;225;1;land;false;plains;7
2120;214;221;1;land;false;urban;7
2121;194;235;1;land;false;urban;7
2122;192;246;1;land;true;urban;7
2123;240;244;1;land;true;plains;7
2124;248;211;1;land;false;plains;7
2125;79;18;1;land;false;plains;7
2126;142;47;1;land;false;plains;7
2127;66;170;1;land;false;plains;7
2128;50;213;1;land;false;plains;7
2129;99;189;1;land;false;plains;7
2130;178;35;1;land;false;urban;7
2131;227;47;1;land;false;plains;7
2132;228;105;1;land;false;plains;7
2133;167;86;1;land;false;plains;7
2134;190;59;1;land;false;plains;7
2135;163;73;1;land;false;plains;7
2136;158;102;1;land;false;plains;7
2137;178;101;1;land;false;plains;7
2138;24;37;1;land;false;urban;7
2139;29;53;1;land;false;plains;7
2140;67;42;1;land;false;plains;7
2141;2;45;1;land;false;hills;7
2142;4;14;1;land;false;plains;7
2143;55;20;1;land;false;plains;7
2144;46;23;1;land;false;hills;7
2145;64;9;1;land;false;urban;7
2146;1;12;1;land;false;plains;7
2147;63;56;1;land;false;urban;7
2148;8;32;1;land;false;plains;7
2149;61;34;1;land;false;urban;7
2150;7;6;1;land;false;plains;7
2151;56;33;1;land;false;plains;7
2152;12;8;1;land;false;plains;7
2153;17;47;1;land;false;plains;7
2154;60;36;1;land;false;plains;7
2155;11;47;1;land;false;plains;7
2156;183;251;1;land;false;plains;7
2157;214;242;1;land;false;urban;7
2158;215;248;1;land;false;plains;7
2159;240;253;1;land;false;urban;7
2160;214;215;1;land;false;urban;7
2161;215;243;1;land;false;urban;7
2162;214;206;1;land;false;plains;7
2163;84;243;1;land;false;plains;7
2164;47;216;1;land;false;hills;7
2165;45;239;1;land;false;hills;7
2166;11;239;1;land;false;plains;7
2167;33;253;1;land;false;hills;7
2168;60;209;1;land;false;plains;7
2169;71;237;1;land;false;hills;7
2170;75;210;1;land;false;hills;7
2171;54;225;1;land;false;plains;7
2172;12;219;1;land;false;hills;7
2173;26;250;1;land;false;plains;7
2174;155;132;1;land;true;plains;7
2175;98;134;1;land;false;plains;7
2176;111;161;1;land;false;plains;7
2177;118;173;1;land;true;plains;7
2178;96;117;1;land;false;plains;7
2179;83;120;1;land;false;plains;7
2180;123;115;1;land;true;urban;7
2181;89;133;1;land;true;plains;7
2182;91;132;1;land;false;plains;7
2183;125;132;1;land;true;plains;7
2184;124;159;1;land;false;urban;7
2185;122;169;1;land;true;plains;7
2186;128;158;1;land;false;plains;7
2187;113;168;1;land;true;urban;7
2188;133;129;1;land;false;plains;7
2189;152;142;1;land;false;plains;7
2190;111;98;1;land;false;urban;7
2191;86;168;1;land;false;plains;7
2192;44;41;1;land;true;plains;7
2193;99;37;1;land;false;plains;7
2194;106;28;1;land;false;plains;7
2195;90;40;1;land;false;plains;7
2196;75;18;1;land;true;plains;7
2197;253;234;1;land;false;plains;7
2198;218;202;1;land;false;plains;7
2199;218;210;1;land;false;plains;7
2200;246;248;1;land;false;urban;7
2201;245;196;1;land;false;urban;7
2202;238;192;1;land;false;plains;7
2203;234;197;1;land;false;plains;7
2204;254;218;1;land;false;plains;7
2205;215;234;1;land;false;plains;7
2206;230;243;1;land;false;plains;7
2207;240;194;1;land;false;urban;7
2208;245;240;1;land;false;urban;7
2209;203;159;1;land;false;urban;7
2210;244;168;1;land;false;plains;7
2211;248;161;1;land;false;urban;7
2212;225;181;1;land;false;plains;7
2213;226;148;1;land;false;hills;7
2214;244;137;1;land;false;plains;7
2215;231;210;1;land;false;plains;7
2216;254;167;1;land;false;hills;7
2217;239;138;1;land;false;plains;7
2218;232;185;1;land;false;plains;7
2219;224;172;1;land;false;plains;7
2220;226;157;1;land;false;plains;7
2221;70;242;1;land;false;urban;7
2222;62;228;1;land;false;plains;7
2223;65;229;1;land;true;plains;7
2224;32;238;1;land;true;plains;7
2225;56;235;1;land;true;plains;7
2226;59;243;1;land;true;plains;7
2227;71;212;1;land;false;plains;7
2228;118;62;1;land;false;plains;7
2229;127;60;1;land;false;plains;7
2230;134;35;1;land;false;plains;7
2231;111;92;1;land;false;plains;7
2232;133;47;1;land;false;plains;7
2233;99;79;1;land;false;plains;7
2234;172;41;1;land;false;plains;7
2235;149;78;1;land;false;plains;7
2236;109;51;1;land;false;plains;7
2237;160;33;1;land;false;plains;7
2238;125;14;1;land;false;urban;7
2239;110;81;1;land;false;plains;7
2240;137;50;1;land;false;plains;7
2241;170;91;1;land;false;plains;7
2242;37;59;1;land;false;plains;7
2243;79;60;1;land;false;plains;7
2244;92;13;1;land;false;urban;7
2245;56;27;1;land;false;plains;7
2246;65;60;1;land;false;plains;7
2247;85;9;1;land;false;urban;7
2248;88;137;1;land;false;plains;7
2249;84;176;1;land;false;plains;7
2250;64;144;1;land;false;plains;7
2251;24;131;1;land;false;plains;7
2252;67;124;1;land;false;plains;7
2253;165;29;1;land;false;plains;7
2254;165;64;1;land;false;plains;7
2255;140;23;1;land;false;plains;7
2256;142;44;1;land;false;plains;7
2257;182;30;1;land;false;plains;7
2258;3;156;1;land;false;plains;7
2259;24;122;1;land;false;plains;7
2260;3;172;1;land;true;plains;7
2261;56;110;1;land;false;plains;7
2262;26;140;1;land;false;plains;7
2263;38;148;1;land;true;plains;7
2264;1;140;1;land;false;plains;7
2265;71;150;1;land;false;plains;7
2266;79;105;1;land;false;plains;7
2267;95;128;1;land;false;plains;7
2268;133;109;1;land;false;plains;7
2269;108;132;1;land;false;plains;7
2270;129;103;1;land;false;plains;7
2271;82;117;1;land;false;urban;7
2272;94;133;1;land;false;plains;7
2273;107;136;1;land;false;plains;7
2274;70;89;1;land;false;plains;7
2275;130;241;1;land;false;plains;7
2276;132;218;1;land;true;plains;7
2277;177;199;1;land;true;plains;7
2278;172;221;1;land;false;plains;7
2279;133;237;1;land;true;plains;7
2280;131;216;1;land;true;plains;7
2281;30;248;1;land;false;plains;7
2282;7;225;1;land;true;plains;7
2283;28;224;1;land;false;plains;7
2284;10;221;1;land;false;urban;7
2285;29;199;1;land;true;plains;7
2286;4;201;1;land;false;plains;7
2287;8;210;1;land;true;plains;7
2288;3;194;1;land;true;plains;7
2289;11;200;1;land;false;plains;7
2290;97;85;1;land;true;plains;7
2291;132;124;1;land;false;plains;7
2292;110;106;1;land;true;plains;7
2293;86;133;1;land;false;plains;7
2294;97;129;1;land;false;plains;7
2295;120;108;1;land;false;plains;7
2296;134;90;1;land;false;plains;7
2297;87;70;1;land;false;urban;7
2298;96;70;1;land;true;plains;7
2299;84;109;1;land;false;plains;7
2300;127;119;1;land;false;plains;7
2301;125;96;1;land;false;plains;7
2302;102;88;1;land;true;plains;7
2303;116;220;1;land;false;plains;7
2304;92;213;1;land;false;plains;7
2305;58;203;1;land;false;plains;7
2306;89;212;1;land;false;plains;7
2307;87;194;1;land;false;plains;7
2308;77;160;1;land;false;plains;7
2309;64;213;1;land;false;urban;7
2310;79;166;1;land;false;urban;7
2311;44;164;1;land;false;plains;7
2312;58;165;1;land;false;plains;7
2313;90;219;1;land;false;plains;7
2314;67;196;1;land;false;plains;7
2315;78;211;1;land;false;plains;7
2316;73;181;1;land;false;plains;7
2317;68;236;1;land;false;plains;7
2318;85;180;1;land;false;plains;7
2319;172;235;1;land;false;plains;7
2320;203;221;1;land;false;plains;7
2321;201;228;1;land;false;plains;7
2322;210;177;1;land;false;plains;7
2323;155;195;1;land;false;plains;7
2324;148;190;1;land;false;plains;7
2325;204;175;1;land;false;hills;7
2326;208;209;1;land;false;hills;7
2327;215;165;1;land;false;plains;7
2328;169;176;1;land;false;plains;7
2329;206;209;1;land;false;plains;7
2330;45;56;1;land;false;plains;7
2331;12;72;1;land;false;plains;7
2332;75;67;1;land;false;plains;7
2333;15;38;1;land;false;plains;7
2334;41;37;1;land;false;plains;7
2335;237;8;1;land;false;plains;7
2336;218;29;1;land;false;plains;7
2337;242;21;1;land;false;plains;7
2338;246;10;1;land;false;urban;7
2339;226;24;1;land;false;plains;7
2340;32;205;1;land;true;plains;7
2341;5;237;1;land;false;plains;7
2342;43;228;1;land;true;plains;7
2343;38;231;1;land;true;plains;7
2344;17;198;1;land;false;plains;7
2345;13;201;1;land;true;plains;7
2346;243;87;1;land;true;urban;7
2347;200;75;1;land;false;plains;7
2348;233;85;1;land;false;plains;7
2349;113;204;1;land;false;plains;7
2350;80;178;1;land;false;plains;7
2351;122;177;1;land;false;plains;7
2352;63;182;1;land;false;urban;7
2353;100;221;1;land;false;plains;7
2354;72;203;1;land;false;plains;7
2355;123;196;1;land;false;plains;7
2356;43;121;1;land;false;hills;7
2357;86;105;1;land;false;hills;7
2358;79;108;1;land;false;plains;7
2359;94;60;1;land;false;plains;7
2360;76;83;1;land;false;plains;7
2361;50;74;1;land;false;plains;7
2362;56;52;1;land;false;hills;7
2363;82;69;1;land;false;hills;7
2364;71;102;1;land;false;hills;7
2365;77;53;1;land;false;plains;7
2366;101;70;1;land;false;plains;7
2367;44;61;1;land;false;plains;7
2368;46;115;1;land;false;plains;7
2369;90;76;1;land;false;plains;7
2370;78;106;1;land;false;mountain;7
2371;93;70;1;land;false;plains;7
2372;90;82;1;land;false;plains;7
2373;72;98;1;land;false;plains;7
2374;67;56;1;land;false;plains;7
2375;47;55;1;land;false;hills;7
2376;51;104;1;land;false;hills;7
2377;113;100;1;land;false;plains;7
2378;197;221;1;land;true;plains;7
2379;153;173;1;land;false;plains;7
2380;156;211;1;land;true;plains;7
2381;157;207;1;land;true;urban;7
2382;217;198;1;land;false;urban;7
2383;173;227;1;land;true;urban;7
2384;175;244;1;land;true;plains;7
2385;217;101;1;land;false;plains;7
2386;162;93;1;land;false;plains;7
2387;181;98;1;land;false;plains;7
2388;159;56;1;land;false;plains;7
2389;49;191;1;land;false;plains;7
2390;22;188;1;land;false;plains;7
2391;2;160;1;land;false;plains;7
2392;1;159;1;land;false;plains;7
2393;21;222;1;land;false;urban;7
2394;62;160;1;land;false;plains;7
2395;15;203;1;land;false;plains;7
2396;31;214;1;land;false;plains;7
2397;53;34;1;land;false;plains;7
2398;35;21;1;land;false;plains;7
2399;1;208;1;land;false;hills;7
2400;73;210;1;land;false;hills;7
2401;51;226;1;land;false;hills;7
2402;46;251;1;land;false;plains;7
2403;66;208;1;land;false;mountain;7
2404;239;143;1;land;false;plains;7
2405;232;175;1;land;false;urban;7
2406;243;152;1;land;false;plains;7
2407;224;181;1;land;false;plains;7
2408;213;186;1;land;false;urban;7
2409;244;152;1;land;false;plains;7
2410;238;198;1;land;false;plains;7
2411;216;158;1;land;false;urban;7
2412;222;140;1;land;false;urban;7
2413;221;210;1;land;false;plains;7
2414;234;174;1;land;false;plains;7
2415;223;178;1;land;true;plains;7
2416;240;180;1;land;false;plains;7
2417;242;168;1;land;true;plains;7
2418;238;207;1;land;false;plains;7
2419;253;182;1;land;false;urban;7
2420;214;178;1;land;false;plains;7
2421;237;205;1;land;false;plains;7
2422;234;148;1;land;false;urban;7
2423;249;149;1;land;false;plains;7
2424;232;171;1;land;false;plains;7
2425;243;196;1;land;false;urban;7
2426;234;176;1;land;false;plains;7
2427;252;142;1;land;false;urban;7
2428;202;53;1;land;false;plains;7
2429;189;44;1;land;false;plains;7
2430;248;49;1;land;false;urban;7
2431;217;9;1;land;false;plains;7
2432;188;65;1;land;false;plains;7
2433;234;16;1;land;false;plains;7
2434;239;24;1;land;false;plains;7
2435;234;77;1;land;false;plains;7
2436;242;53;1;land;true;plains;7
2437;247;28;1;land;false;plains;7
2438;206;69;1;land;false;plains;7
2439;207;75;1;land;false;plains;7
2440;196;13;1;land;false;plains;7
2441;220;44;1;land;false;plains;7
2442;195;36;1;land;false;plains;7
2443;202;67;1;land;false;plains;7
2444;228;1;1;land;false;plains;7
2445;175;63;1;land;false;plains;7
2446;196;59;1;land;false;urban;7
2447;196;78;1;land;false;plains;7
2448;91;28;1;land;false;plains;7
2449;105;13;1;land;false;plains;7
2450;96;25;1;land;false;plains;7
2451;122;52;1;land;false;plains;7
2452;96;46;1;land;false;plains;7
2453;141;33;1;land;false;plains;7
2454;88;115;1;land;false;plains;7
2455;107;114;1;land;false;plains;7
2456;104;123;1;land;false;urban;7
2457;101;135;1;land;false;plains;7
2458;95;78;1;land;false;urban;7
2459;78;131;1;land;false;plains;7
2460;126;90;1;land;false;plains;7
2461;78;89;1;land;false;plains;7
2462;127;128;1;land;false;urban;7
2463;26;77;1;land;true;plains;7
2464;42;118;1;land;true;urban;7
2465;25;123;1;land;true;urban;7
2466;9;103;1;land;true;plains;7
2467;38;113;1;land;true;plains;7
2468;45;78;1;land;false;plains;7
2469;32;129;1;land;true;plains;7
2470;4;55;1;land;true;plains;7
2471;132;62;1;land;false;plains;7
2472;167;135;1;land;true;urban;7
2473;168;83;1;land;false;plains;7
2474;164;65;1;land;false;plains;7
2475;126;124;1;land;true;urban;7
2476;163;64;1;land;false;plains;7
2477;213;174;1;land;false;plains;7
2478;229;153;1;land;false;plains;7
2479;240;185;1;land;false;urban;7
2480;244;179;1;land;true;plains;7
2481;195;134;1;land;false;plains;7
2482;206;183;1;land;false;urban;7
2483;199;153;1;land;false;urban;7
2484;103;155;1;land;false;plains;7
2485;116;168;1;land;false;urban;7
2486;120;178;1;land;true;urban;7
2487;48;157;1;land;true;plains;7
2488;49;159;1;land;false;plains;7
2489;123;172;1;land;false;urban;7
2490;68;130;1;land;false;plains;7
2491;110;180;1;land;false;plains;7
2492;52;154;1;land;false;urban;7
2493;74;201;1;land;true;plains;7
2494;174;132;1;land;false;urban;7
2495;189;133;1;land;false;plains;7
2496;134;168;1;land;false;plains;7
2497;150;132;1;land;false;plains;7
2498;158;171;1;land;false;urban;7
2499;150;161;1;land;false;plains;7
2500;176;145;1;land;false;plains;7
2501;157;158;1;land;false;plains;7
2502;155;14;1;land;true;plains;7
2503;169;42;1;land;true;plains;7
2504;162;18;1;land;true;plains;7
2505;180;43;1;land;true;plains;7
2506;189;82;1;land;false;urban;7
2507;217;60;1;land;false;plains;7
2508;202;109;1;land;false;urban;7
2509;193;111;1;land;false;plains;7
2510;224;77;1;land;false;plains;7
2511;239;92;1;land;false;plains;7
2512;242;72;1;land;false;plains;7
2513;181;87;1;land;false;plains;7
2514;248;112;1;land;false;plains;7
2515;228;88;1;land;false;urban;7
2516;234;203;1;land;false;plains;7
2517;208;175;1;land;false;plains;7
2518;197;196;1;land;false;plains;7
2519;19;216;1;land;false;urban;7
2520;5;171;1;land;false;plains;7
2521;49;173;1;land;false;plains;7
2522;47;208;1;land;false;plains;7
2523;14;211;1;land;false;plains;7
2524;57;144;1;land;false;plains;7
2525;23;158;1;land;false;plains;7
2526;12;143;1;land;false;plains;7
2527;45;145;1;land;false;plains;7
2528;45;141;1;land;false;plains;7
2529;42;201;1;land;false;plains;7
2530;23;211;1;land;false;plains;7
2531;18;149;1;land;false;plains;7
2532;59;220;1;land;false;plains;7
2533;46;184;1;land;false;plains;7
2534;50;170;1;land;false;plains;7
2535;228;187;1;land;true;plains;7
2536;167;140;1;land;false;plains;7
2537;180;153;1;land;false;plains;7
2538;236;191;1;land;false;plains;7
2539;217;173;1;land;false;plains;7
2540;191;133;1;land;false;plains;7
2541;175;193;1;land;true;plains;7
2542;222;144;1;land;false;plains;7
2543;172;137;1;land;false;plains;7
2544;166;124;1;land;false;plains;7
2545;164;154;1;land;false;plains;7
2546;201;131;1;land;true;plains;7
2547;220;190;1;land;false;plains;7
2548;183;164;1;land;false;plains;7
2549;202;169;1;land;false;plains;7
2550;177;133;1;land;true;plains;7
2551;237;144;1;land;false;plains;7
2552;182;131;1;land;false;plains;7
2553;161;155;1;land;false;plains;7
2554;31;10;1;land;false;plains;7
2555;14;59;1;land;false;urban;7
2556;88;58;1;land;false;plains;7
2557;29;173;1;land;false;urban;7
2558;83;139;1;land;true;urban;7
2559;87;163;1;land;true;urban;7
2560;63;191;1;land;false;urban;7
2561;44;167;1;land;false;plains;7
2562;15;146;1;land;false;plains;7
2563;60;186;1;land;false;plains;7
2564;86;192;1;land;false;urban;7
2565;28;183;1;land;true;plains;7
2566;39;145;1;land;false;plains;7
2567;88;141;1;land;false;plains;7
2568;203;220;1;land;false;plains;7
2569;212;247;1;land;false;plains;7
2570;249;213;1;land;false;plains;7
2571;186;235;1;land;false;plains;7
2572;115;152;1;land;false;plains;7
2573;154;105;1;land;false;hills;7
2574;135;165;1;land;false;plains;7
2575;110;151;1;land;false;plains;7
2576;149;137;1;land;false;hills;7
2577;148;169;1;land;false;plains;7
2578;136;142;1;land;false;plains;7
2579;153;82;1;land;false;plains;7
2580;201;145;1;land;false;urban;7
2581;146;143;1;land;false;urban;7
2582;145;144;1;land;false;plains;7
2583;131;135;1;land;false;plains;7
2584;147;129;1;land;false;plains;7
2585;40;200;1;land;false;desert;7
2586;53;244;1;land;false;plains;7
2587;7;207;1;land;false;plains;7
2588;6;220;1;land;false;desert;7
2589;57;209;1;land;false;desert;7
2590;7;215;1;land;false;plains;7
2591;27;241;1;land;false;hills;7
2592;234;60;1;land;false;hills;7
2593;219;64;1;land;false;plains;7
2594;231;81;1;land;false;plains;7
2595;215;84;1;land;false;plains;7
2596;220;85;1;land;false;plains;7
2597;253;104;1;land;false;plains;7
2598;223;70;1;land;false;plains;7
2599;248;44;1;land;false;hills;7
2600;107;217;1;land;false;plains;7
2601;102;244;1;land;false;plains;7
2602;115;217;1;land;false;plains;7
2603;108;239;1;land;false;plains;7
2604;146;227;1;land;true;plains;7
2605;152;170;1;land;true;plains;7
2606;211;139;1;land;false;urban;7
2607;218;134;1;land;true;plains;7
2608;62;190;1;land;true;plains;7
2609;61;9;1;land;false;plains;7
2610;96;1;1;land;false;plains;7
2611;61;6;1;land;false;plains;7
2612;124;11;1;land;false;urban;7
2613;75;55;1;land;false;plains;7
2614;120;18;1;land;false;plains;7
2615;106;125;1;land;false;plains;7
2616;27;102;1;land;true;urban;7
2617;61;90;1;land;true;plains;7
2618;124;26;1;land;false;plains;7
2619;134;26;1;land;false;urban;7
2620;117;8;1;land;false;plains;7
2621;81;25;1;land;true;plains;7
2622;100;17;1;land;true;plains;7
2623;123;8;1;land;true;plains;7
2624;86;19;1;land;true;plains;7
2625;152;13;1;land;true;plains;7
2626;108;13;1;land;true;plains;7
2627;88;40;1;land;false;plains;7
2628;136;18;1;land;true;plains;7
2629;219;176;1;land;false;hills;7
2630;187;205;1;land;false;hills;7
2631;210;231;1;land;false;plains;7
2632;171;251;1;land;false;plains;7
2633;158;235;1;land;true;plains;7
2634;213;230;1;land;false;urban;7
2635;146;252;1;land;true;urban;7
2636;205;231;1;land;true;plains;7
2637;176;230;1;land;true;plains;7
2638;12;179;1;land;false;plains;7
2639;28;148;1;land;false;plains;7
2640;3;162;1;land;false;urban;7
2641;15;155;1;land;false;urban;7
2642;37;173;1;land;false;plains;7
2643;9;173;1;land;false;plains;7
2644;14;117;1;land;false;plains;7
2645;32;108;1;land;false;urban;7
2646;28;100;1;land;false;plains;7
2647;35;179;1;land;false;plains;7
2648;8;175;1;land;false;plains;7
2649;4;116;1;land;false;plains;7
2650;11;121;1;land;false;plains;7
2651;10;101;1;land;false;plains;7
2652;38;171;1;land;false;plains;7
2653;39;10;1;land;false;plains;7
2654;57;29;1;land;false;plains;7
2655;46;8;1;land;false;plains;7
2656;22;2;1;land;false;plains;7
2657;18;10;1;land;false;plains;7
2658;47;137;1;land;true;plains;7
2659;47;122;1;land;true;plains;7
2660;102;74;1;land;false;plains;7
2661;121;94;1;land;false;plains;7
2662;79;111;1;land;false;plains;7
2663;97;217;1;land;false;hills;7
2664;79;209;1;land;false;urban;7
2665;83;252;1;land;false;plains;7
2666;102;186;1;land;false;plains;7
2667;91;233;1;land;false;plains;7
2668;90;204;1;land;false;plains;7
2669;125;208;1;land;false;plains;7
2670;56;207;1;land;false;plains;7
2671;118;196;1;land;false;plains;7
2672;59;225;1;land;false;desert;7
2673;96;218;1;land;false;desert;7
2674;172;196;1;land;true;urban;7
2675;238;251;1;land;false;urban;7
2676;184;219;1;land;false;urban;7
2677;202;213;1;land;false;plains;7
2678;215;229;1;land;true;plains;7
2679;185;249;1;land;false;plains;7
2680;213;202;1;land;true;plains;7
2681;235;197;1;land;true;plains;7
2682;3;207;1;land;false;urban;7
2683;31;234;1;land;false;plains;7
2684;33;176;1;land;false;plains;7
2685;44;226;1;land;false;hills;7
2686;24;211;1;land;false;plains;7
2687;29;194;1;land;false;plains;7
2688;46;174;1;land;false;plains;7
2689;21;173;1;land;false;plains;7
2690;43;211;1;land;false;plains;7
2691;142;165;1;land;false;plains;7
2692;81;178;1;land;false;plains;7
2693;140;208;1;land;false;plains;7
2694;147;162;1;land;false;plains;7
2695;119;175;1;land;false;plains;7
2696;144;204;1;land;false;plains;7
2697;87;191;1;land;false;plains;7
2698;125;196;1;land;false;plains;7
2699;99;199;1;land;false;plains;7
2700;147;178;1;land;false;plains;7
2701;238;175;1;land;false;plains;7
2702;250;146;1;land;false;plains;7
2703;183;209;1;land;false;plains;7
2704;106;27;1;land;true;plains;7
2705;201;19;1;land;false;plains;7
2706;220;40;1;land;false;urban;7
2707;188;5;1;land;false;plains;7
2708;212;11;1;land;false;plains;7
2709;202;74;1;land;false;plains;7
2710;217;44;1;land;false;plains;7
2711;214;38;1;land;false;plains;7
2712;28;0;1;land;false;plains;7
2713;58;5;1;land;false;hills;7
2714;13;6;1;land;false;plains;7
2715;45;8;1;land;false;plains;7
2716;43;3;1;land;false;plains;7
2717;65;33;1;land;false;plains;7
2718;21;19;1;land;false;urban;7
2719;45;23;1;land;false;plains;7
2720;29;14;1;land;false;plains;7
2721;170;16;1;land;false;plains;7
2722;165;20;1;land;false;plains;7
2723;166;6;1;land;false;plains;7
2724;140;30;1;land;false;plains;7
2725;109;24;1;land;false;urban;7
2726;112;0;1;land;false;plains;7
2727;177;50;1;land;false;plains;7
2728;109;29;1;land;false;plains;7
2729;161;23;1;land;false;plains;7
2730;155;136;1;land;false;urban;7
2731;161;107;1;land;false;plains;7
2732;222;206;1;land;false;urban;7
2733;241;214;1;land;false;plains;7
2734;236;226;1;land;false;plains;7
2735;223;232;1;land;false;urban;7
2736;221;213;1;land;false;urban;7
2737;175;248;1;land;false;plains;7
2738;212;223;1;land;false;plains;7
2739;239;203;1;land;false;urban;7
2740;184;225;1;land;false;plains;7
2741;181;197;1;land;false;plains;7
2742;191;201;1;land;false;plains;7
2743;205;200;1;land;false;urban;7
2744;113;140;1;land;false;urban;7
2745;113;138;1;land;false;plains;7
2746;145;205;1;land;false;plains;7
2747;162;146;1;land;false;plains;7
2748;92;198;1;land;false;plains;7
2749;91;205;1;land;false;plains;7
2750;170;30;1;land;false;hills;7
2751;176;41;1;land;false;plains;7
2752;239;7;1;land;false;hills;7
2753;192;42;1;land;false;hills;7
2754;218;0;1;land;false;hills;7
2755;222;23;1;land;false;hills;7
2756;179;24;1;land;false;plains;7
2757;230;24;1;land;false;plains;7
2758;210;41;1;land;false;hills;7
2759;245;1;1;land;false;plains;7
2760;243;27;1;land;false;plains;7
2761;183;22;1;land;false;hills;7
2762;209;43;1;land;false;hills;7
2763;205;13;1;land;false;plains;7
2764;205;29;1;land;false;plains;7
2765;245;32;1;land;false;urban;7
2766;26;44;1;land;true;plains;7
2767;49;26;1;land;false;plains;7
2768;59;10;1;land;true;urban;7
2769;32;17;1;land;true;plains;7
2770;31;16;1;land;false;plains;7
2771;51;5;1;land;true;plains;7
2772;46;14;1;land;false;plains;7
2773;35;35;1;land;true;urban;7
2774;152;232;1;land;false;plains;7
2775;141;222;1;land;false;mountain;7
2776;159;231;1;land;false;plains;7
2777;157;227;1;land;false;hills;7
2778;147;234;1;land;false;mountain;7
2779;126;253;1;land;false;hills;7
2780;86;217;1;land;false;mountain;7
2781;131;232;1;land;false;plains;7
2782;141;212;1;land;false;mountain;7
2783;87;210;1;land;false;hills;7
2784;145;251;1;land;false;plains;7
2785;163;203;1;land;false;plains;7
2786;109;230;1;land;false;mountain;7
2787;140;222;1;land;false;hills;7
2788;197;120;1;land;false;plains;7
2789;239;93;1;land;false;plains;7
2790;220;107;1;land;true;plains;7
2791;187;150;1;land;false;urban;7
2792;242;155;1;land;false;plains;7
2793;242;93;1;land;false;plains;7
2794;198;90;1;land;true;urban;7
2795;179;153;1;land;false;plains;7
2796;29;85;1;land;false;plains;7
2797;61;95;1;land;true;plains;7
2798;39;79;1;land;true;plains;7
2799;2;54;1;land;false;plains;7
2800;130;111;1;land;true;plains;7
2801;161;54;1;land;false;urban;7
2802;137;95;1;land;false;plains;7
2803;133;113;1;land;false;plains;7
2804;140;122;1;land;true;urban;7
2805;129;101;1;land;false;plains;7
2806;102;109;1;land;false;plains;7
2807;116;173;1;land;false;plains;7
2808;127;210;1;land;true;plains;7
2809;139;190;1;land;true;plains;7
2810;135;239;1;land;false;plains;7
2811;126;209;1;land;true;plains;7
2812;164;192;1;land;false;plains;7
2813;130;232;1;land;true;plains;7
2814;164;193;1;land;false;plains;7
2815;112;229;1;land;false;plains;7
2816;107;192;1;land;false;plains;7
2817;150;238;1;land;true;plains;7
2818;139;232;1;land;false;plains;7
2819;64;178;1;land;false;urban;7
2820;49;225;1;land;true;plains;7
2821;39;211;1;land;false;plains;7
2822;94;208;1;land;false;plains;7
2823;169;105;1;land;false;plains;7
2824;170;105;1;land;false;plains;7
2825;144;72;1;land;false;plains;7
2826;165;90;1;land;false;plains;7
2827;174;106;1;land;false;plains;7
2828;170;82;1;land;false;urban;7
2829;226;64;1;land;false;plains;7
2830;237;44;1;land;false;plains;7
2831;218;51;1;land;false;plains;7
2832;217;67;1;land;false;plains;7
2833;247;90;1;land;false;plains;7
2834;246;68;1;land;false;urban;7
2835;225;43;1;land;false;plains;7
2836;212;72;1;land;false;plains;7
2837;233;221;1;land;true;plains;7
2838;224;201;1;land;false;plains;7
2839;247;158;1;land;false;plains;7
2840;205;163;1;land;false;urban;7
2841;223;209;1;land;false;plains;7
2842;209;195;1;land;false;plains;7
2843;228;162;1;land;false;plains;7
2844;216;155;1;land;false;plains;7
2845;235;216;1;land;true;plains;7
2846;227;197;1;land;false;plains;7
2847;210;200;1;land;false;urban;7
2848;244;188;1;land;false;plains;7
2849;39;81;1;land;false;plains;7
2850;27;75;1;land;false;plains;7
2851;3;29;1;land;false;plains;7
2852;3;74;1;land;false;urban;7
2853;17;43;1;land;false;urban;7
2854;31;12;1;land;false;plains;7
2855;6;68;1;land;false;urban;7
2856;28;71;1;land;false;plains;7
2857;1;53;1;land;false;plains;7
2858;38;18;1;land;false;plains;7
2859;36;20;1;land;false;plains;7
2860;0;34;1;land;false;plains;7
2861;15;39;1;land;false;plains;7
2862;148;55;1;land;false;plains;7
2863;155;2;1;land;false;plains;7
2864;199;5;1;land;true;plains;7
2865;184;48;1;land;true;plains;7
2866;161;60;1;land;false;plains;7
2867;165;57;1;land;true;plains;7
2868;204;31;1;land;true;plains;7
2869;188;49;1;land;false;plains;7
2870;184;7;1;land;false;plains;7
2871;167;4;1;land;false;plains;7
2872;168;35;1;land;false;plains;7
2873;150;15;1;land;false;plains;7
2874;188;47;1;land;true;plains;7
2875;135;41;1;land;false;plains;7
2876;177;51;1;land;true;plains;7
2877;209;125;1;land;false;plains;7
2878;166;156;1;land;true;plains;7
2879;186;114;1;land;false;plains;7
2880;171;116;1;land;false;urban;7
2881;214;114;1;land;false;plains;7
2882;211;145;1;land;false;plains;7
2883;156;108;1;land;false;plains;7
2884;193;99;1;land;false;plains;7
2885;163;147;1;land;false;plains;7
2886;123;179;1;land;false;plains;7
2887;142;190;1;land;false;urban;7
2888;164;204;1;land;false;plains;7
2889;152;183;1;land;false;plains;7
2890;133;189;1;land;false;urban;7
2891;226;178;1;land;false;hills;7
2892;221;219;1;land;false;hills;7
2893;245;206;1;land;false;hills;7
2894;241;192;1;land;false;plains;7
2895;254;233;1;land;false;plains;7
2896;204;238;1;land;false;plains;7
2897;205;243;1;land;false;plains;7
2898;254;250;1;land;false;plains;7
2899;229;189;1;land;false;plains;7
2900;238;240;1;land;false;plains;7
2901;252;248;1;land;false;plains;7
2902;254;182;1;land;false;plains;7
2903;254;178;1;land;false;hills;7
2904;203;232;1;land;false;plains;7
2905;240;193;1;land;false;plains;7
2906;212;214;1;land;false;plains;7
2907;201;223;1;land;false;plains;7
2908;86;5;1;land;false;plains;7
2909;72;80;1;land;false;plains;7
2910;97;38;1;land;false;urban;7
2911;44;29;1;land;false;plains;7
2912;63;11;1;land;false;urban;7
2913;84;38;1;land;false;plains;7
2914;61;45;1;land;false;plains;7
2915;58;47;1;land;false;plains;7
2916;128;219;1;land;false;plains;7
2917;116;197;1;land;false;plains;7
2918;118;217;1;land;false;plains;7
2919;133;171;1;land;false;plains;7
2920;162;170;1;land;false;plains;7
2921;165;205;1;land;false;plains;7
2922;169;224;1;land;false;plains;7
2923;166;199;1;land;false;urban;7
2924;116;213;1;land;false;plains;7
2925;120;222;1;land;false;plains;7
2926;157;223;1;land;false;plains;7
2927;136;210;1;land;false;plains;7
2928;158;205;1;land;false;plains;7
2929;178;148;1;land;false;plains;7
2930;245;157;1;land;false;urban;7
2931;251;188;1;land;false;plains;7
2932;206;179;1;land;false;plains;7
2933;215;128;1;land;false;plains;7
2934;249;156;1;land;false;plains;7
2935;207;118;1;land;false;plains;7
2936;194;139;1;land;false;urban;7
2937;201;170;1;land;false;plains;7
2938;236;152;1;land;false;urban;7
2939;192;182;1;land;false;plains;7
2940;220;117;1;land;false;plains;7
2941;207;49;1;land;false;plains;7
2942;202;30;1;land;true;urban;7
2943;220;47;1;land;true;plains;7
2944;233;1;1;land;false;urban;7
2945;227;9;1;land;true;plains;7
2946;221;43;1;land;false;plains;7
2947;129;248;1;land;false;plains;7
2948;141;215;1;land;false;plains;7
2949;188;227;1;land;false;plains;7
2950;186;253;1;land;false;plains;7
2951;117;206;1;land;false;plains;7
2952;119;226;1;land;true;plains;7
2953;149;247;1;land;false;plains;7
2954;169;233;1;land;false;plains;7
2955;168;226;1;land;false;plains;7
2956;169;219;1;land;false;plains;7
2957;161;252;1;land;false;plains;7
2958;147;227;1;land;false;plains;7
2959;160;243;1;land;false;plains;7
2960;166;208;1;land;false;plains;7
2961;131;213;1;land;false;plains;7
2962;167;214;1;land;false;plains;7
2963;9;210;1;land;true;plains;7
2964;38;237;1;land;false;plains;7
2965;28;232;1;land;true;plains;7
2966;39;213;1;land;true;plains;7
2967;8;208;1;land;false;plains;7
2968;3;237;1;land;false;plains;7
2969;37;240;1;land;true;urban;7
2970;27;210;1;land;false;plains;7
2971;21;232;1;land;false;plains;7
2972;26;207;1;land;false;plains;7
2973;11;211;1;land;true;urban;7
2974;6;218;1;land;true;plains;7
2975;30;238;1;land;false;plains;7
2976;9;221;1;land;false;plains;7
2977;7;206;1;land;false;plains;7
2978;7;240;1;land;false;plains;7
2979;12;245;1;land;false;urban;7
2980;191;150;1;land;true;plains;7
2981;208;173;1;land;true;plains;7
2982;206;149;1;land;false;plains;7
2983;110;84;1;land;false;urban;7
2984;98;88;1;land;false;plains;7
2985;57;131;1;land;false;plains;7
2986;109;115;1;land;true;plains;7
2987;87;146;1;land;false;urban;7
2988;101;69;1;land;false;plains;7
2989;82;92;1;land;false;plains;7
2990;194;214;1;land;false;urban;7
2991;229;207;1;land;false;plains;7
2992;239;213;1;land;false;plains;7
2993;193;225;1;land;false;plains;7
2994;173;213;1;land;false;plains;7
2995;167;199;1;land;false;plains;7
2996;174;229;1;land;false;urban;7
2997;212;226;1;land;false;plains;7
2998;180;241;1;land;false;urban;7
2999;8;227;1;land;false;plains;7
3000;53;177;1;land;false;plains;7
3001;16;192;1;land;false;plains;7
3002;52;174;1;land;false;plains;7
3003;4;183;1;land;false;plains;7
3004;9;188;1;land;false;plains;7
3005;30;194;1;land;false;plains;7
3006;46;215;1;land;false;urban;7
3007;57;210;1;land;false;urban;7
3008;23;188;1;land;false;plains;7
3009;14;94;1;land;false;urban;7
3010;36;63;1;land;false;urban;7
3011;57;92;1;land;true;plains;7
3012;39;65;1;land;true;plains;7
3013;15;68;1;land;true;plains;7
3014;25;32;1;land;true;plains;7
3015;41;83;1;land;false;plains;7
3016;62;75;1;land;false;plains;7
3017;137;206;1;land;false;urban;7
3018;194;242;1;land;false;plains;7
3019;172;216;1;land;false;plains;7
3020;123;194;1;land;false;plains;7
3021;157;231;1;land;false;plains;7
3022;154;250;1;land;false;plains;7
3023;137;247;1;land;false;plains;7
3024;146;244;1;land;false;plains;7
3025;135;196;1;land;false;plains;7
3026;0;235;1;land;false;plains;7
3027;14;242;1;land;false;plains;7
3028;39;226;1;land;false;urban;7
3029;27;240;1;land;false;urban;7
3030;8;217;1;land;false;plains;7
3031;48;220;1;land;false;plains;7
3032;21;208;1;land;false;plains;7
3033;49;188;1;land;false;plains;7
3034;16;193;1;land;false;plains;7
3035;94;176;1;land;false;plains;7
3036;58;210;1;land;false;plains;7
3037;78;182;1;land;false;urban;7
3038;58;197;1;land;false;plains;7
3039;112;151;1;land;false;plains;7
3040;100;203;1;land;false;plains;7
3041;101;186;1;land;false;plains;7
3042;92;195;1;land;false;plains;7
3043;43;227;1;land;false;urban;7
3044;105;46;1;land;false;urban;7
3045;52;43;1;land;false;plains;7
3046;60;49;1;land;false;urban;7
3047;111;40;1;land;false;plains;7
3048;65;19;1;land;false;plains;7
3049;75;89;1;land;false;plains;7
3050;144;181;1;land;false;urban;7
3051;189;192;1;land;true;plains;7
3052;205;159;1;land;false;urban;7
3053;178;163;1;land;false;plains;7
3054;185;205;1;land;true;plains;7
3055;181;168;1;land;false;plains;7
3056;210;156;1;land;false;plains;7
3057;145;227;1;land;true;plains;7
3058;211;154;1;land;false;plains;7
3059;185;228;1;land;false;urban;7
3060;148;163;1;land;false;urban;7
3061;84;143;1;land;false;plains;7
3062;117;164;1;land;false;urban;7
3063;62;139;1;land;false;plains;7
3064;122;190;1;land;false;plains;7
3065;115;203;1;land;false;urban;7
3066;75;183;1;land;false;urban;7
3067;78;198;1;land;false;plains;7
3068;140;175;1;land;false;urban;7
3069;117;163;1;land;false;urban;7
3070;75;137;1;land;false;plains;7
3071;150;29;1;land;false;urban;7
3072;103;33;1;land;false;plains;7
3073;152;36;1;land;false;plains;7
3074;161;113;1;land;false;plains;7
3075;110;126;1;land;false;plains;7
3076;146;152;1;land;false;plains;7
3077;215;4;1;land;true;plains;7
3078;241;33;1;land;true;plains;7
3079;216;31;1;land;false;urban;7
3080;202;15;1;land;true;plains;7
3081;217;65;1;land;true;urban;7
3082;202;24;1;land;false;plains;7
3083;250;24;1;land;false;plains;7
3084;206;14;1;land;false;urban;7
3085;214;53;1;land;false;plains;7
3086;209;10;1;land;false;urban;7
3087;236;15;1;land;true;plains;7
3088;232;142;1;land;false;hills;7
3089;248;123;1;land;false;hills;7
3090;214;163;1;land;false;hills;7
3091;223;127;1;land;false;plains;7
3092;245;135;1;land;false;plains;7
3093;227;177;1;land;false;plains;7
3094;222;164;1;land;false;plains;7
3095;214;170;1;land;false;plains;7
3096;242;130;1;land;false;plains;7
3097;210;132;1;land;false;hills;7
3098;224;184;1;land;false;plains;7
3099;229;118;1;land;false;plains;7
3100;244;108;1;land;false;hills;7
3101;242;146;1;land;false;plains;7
3102;210;125;1;land;false;plains;7
3103;240;122;1;land;false;hills;7
3104;66;16;1;land;false;plains;7
3105;75;10;1;land;false;plains;7
3106;4;13;1;land;false;plains;7
3107;59;33;1;land;false;plains;7
3108;13;25;1;land;false;urban;7
3109;11;136;1;land;false;plains;7
3110;15;108;1;land;false;plains;7
3111;72;149;1;land;false;plains;7
3112;52;127;1;land;true;plains;7
3113;16;115;1;land;false;plains;7
3114;48;112;1;land;false;plains;7
3115;33;127;1;land;true;plains;7
3116;36;140;1;land;true;plains;7
3117;86;146;1;land;true;plains;7
3118;14;133;1;land;false;plains;7
3119;66;152;1;land;false;plains;7
3120;74;142;1;land;false;plains;7
3121;61;100;1;land;false;plains;7
3122;26;99;1;land;true;plains;7
3123;134;10;1;land;true;plains;7
3124;178;33;1;land;true;plains;7
3125;78;224;1;land;true;urban;7
3126;86;251;1;land;false;plains;7
3127;67;221;1;land;false;plains;7
3128;37;233;1;land;true;plains;7
3129;31;236;1;land;false;plains;7
3130;83;199;1;land;true;plains;7
3131;65;198;1;land;false;plains;7
3132;135;48;1;land;false;plains;7
3133;162;79;1;land;false;plains;7
3134;150;47;1;land;false;plains;7
3135;115;38;1;land;false;urban;7
3136;31;155;1;land;false;urban;7
3137;38;154;1;land;false;plains;7
3138;75;173;1;land;false;plains;7
3139;29;178;1;land;false;plains;7
3140;45;170;1;land;false;plains;7
3141;49;121;1;land;false;urban;7
3142;32;153;1;land;false;urban;7
3143;67;159;1;land;false;plains;7
3144;77;153;1;land;false;plains;7
3145;19;118;1;land;false;plains;7
3146;174;125;1;land;false;plains;7
3147;198;78;1;land;false;plains;7
3148;238;102;1;land;false;urban;7
3149;251;76;1;land;false;plains;7
3150;214;79;1;land;false;urban;7
3151;241;118;1;land;false;plains;7
3152;186;90;1;land;false;urban;7
3153;221;137;1;land;false;urban;7
3154;220;131;1;land;false;plains;7
3155;222;135;1;land;false;plains;7
3156;239;106;1;land;false;plains;7
3157;186;126;1;land;false;urban;7
3158;194;127;1;land;false;plains;7
3159;208;124;1;land;false;urban;7
3160;229;147;1;land;false;plains;7
3161;221;251;1;land;false;plains;7
3162;249;212;1;land;false;plains;7
3163;209;228;1;land;true;plains;7
3164;187;190;1;land;false;plains;7
3165;251;193;1;land;true;plains;7
3166;212;207;1;land;false;plains;7
3167;251;247;1;land;false;plains;7
3168;252;218;1;land;false;urban;7
3169;187;221;1;land;true;plains;7
3170;217;240;1;land;true;plains;7
3171;10;200;1;land;false;urban;7
3172;46;231;1;land;false;plains;7
3173;51;237;1;land;false;plains;7
3174;19;232;1;land;false;plains;7
3175;68;226;1;land;false;plains;7
3176;31;217;1;land;false;plains;7
3177;76;169;1;land;false;plains;7
3178;21;214;1;land;false;plains;7
3179;64;234;1;land;false;urban;7
3180;16;211;1;land;false;plains;7
3181;69;161;1;land;false;urban;7
3182;74;238;1;land;false;plains;7
3183;40;162;1;land;false;plains;7
3184;41;207;1;land;false;plains;7
3185;49;195;1;land;false;plains;7
3186;25;212;1;land;false;plains;7
3187;50;171;1;land;false;plains;7
3188;154;122;1;land;false;plains;7
3189;163;119;1;land;false;plains;7
3190;153;63;1;land;false;plains;7
3191;99;69;1;land;false;plains;7
3192;169;87;1;land;false;plains;7
3193;154;101;1;land;false;urban;7
3194;94;106;1;land;false;plains;7
3195;117;74;1;land;false;plains;7
3196;126;59;1;land;false;plains;7
3197;142;238;1;land;false;hills;7
3198;110;194;1;land;false;hills;7
3199;116;187;1;land;false;hills;7
3200;178;176;1;land;false;desert;7
3201;109;227;1;land;false;desert;7
3202;104;187;1;land;false;mountain;7
3203;104;189;1;land;false;hills;7
3204;153;214;1;land;false;plains;7
3205;119;215;1;land;false;desert;7
3206;171;232;1;land;false;desert;7
3207;113;225;1;land;false;desert;7
3208;169;189;1;land;false;mountain;7
3209;129;165;1;land;false;mountain;7
3210;141;240;1;land;false;desert;7
3211;154;170;1;land;false;plains;7
3212;137;221;1;land;false;mountain;7
3213;179;191;1;land;false;desert;7
3214;128;207;1;land;false;hills;7
3215;140;169;1;land;false;hills;7
3216;128;175;1;land;false;desert;7
3217;165;227;1;land;false;hills;7
3218;169;201;1;land;false;hills;7
3219;179;230;1;land;false;desert;7
3220;140;191;1;land;false;hills;7
3221;102;196;1;land;false;mountain;7
3222;107;240;1;land;false;desert;7
3223;165;212;1;land;false;mountain;7
3224;164;171;1;land;false;hills;7
3225;167;222;1;land;false;hills;7
3226;157;198;1;land;false;desert;7
3227;131;184;1;land;false;desert;7
3228;114;179;1;land;false;desert;7
3229;161;168;1;land;false;desert;7
3230;173;200;1;land;false;desert;7
3231;135;230;1;land;false;desert;7
3232;132;175;1;land;false;mountain;7
3233;108;191;1;land;false;mountain;7
3234;175;222;1;land;false;desert;7
3235;124;221;1;land;false;desert;7
3236;106;202;1;land;false;desert;7
3237;130;187;1;land;false;desert;7
3238;166;180;1;land;false;hills;7
3239;161;189;1;land;false;desert;7
3240;157;215;1;land;false;hills;7
3241;58;92;1;land;true;plains;7
3242;54;50;1;land;true;urban;7
3243;42;34;1;land;true;plains;7
3244;45;46;1;land;false;plains;7
3245;53;61;1;land;false;plains;7
3246;11;30;1;land;true;urban;7
3247;79;61;1;land;false;urban;7
3248;63;41;1;land;true;plains;7
3249;13;23;1;land;true;plains;7
3250;176;152;1;land;true;plains;7
3251;163;162;1;land;true;plains;7
3252;194;173;1;land;true;plains;7
3253;158;114;1;land;true;plains;7
3254;245;25;1;land;false;urban;7
3255;222;29;1;land;false;plains;7
3256;222;53;1;land;false;plains;7
3257;224;75;1;land;false;plains;7
3258;21;136;1;land;false;plains;7
3259;21;158;1;land;false;plains;7
3260;29;179;1;land;false;plains;7
3261;15;145;1;land;false;urban;7
3262;38;27;1;land;true;plains;7
3263;26;28;1;land;false;plains;7
3264;100;42;1;land;true;plains;7
3265;54;36;1;land;true;urban;7
3266;71;16;1;land;false;urban;7
3267;66;27;1;land;true;urban;7
3268;236;214;1;land;false;plains;7
3269;253;215;1;land;false;plains;7
3270;230;199;1;land;false;plains;7
3271;226;223;1;land;false;urban;7
3272;249;231;1;land;false;plains;7
3273;236;252;1;land;false;plains;7
3274;226;219;1;land;false;plains;7
3275;242;230;1;land;false;plains;7
3276;242;224;1;land;false;plains;7
3277;238;250;1;land;false;plains;7
3278;254;253;1;land;false;plains;7
3279;224;220;1;land;false;urban;7
3280;235;224;1;land;false;plains;7
3281;219;218;1;land;false;hills;7
3282;244;219;1;land;false;plains;7
3283;250;249;1;land;false;plains;7
3284;63;69;1;land;false;plains;7
3285;47;70;1;land;true;plains;7
3286;65;66;1;land;true;urban;7
3287;46;109;1;land;false;plains;7
3288;96;94;1;land;false;urban;7
3289;116;124;1;land;false;urban;7
3290;62;121;1;land;false;plains;7
3291;71;188;1;land;false;plains;7
3292;104;209;1;land;true;urban;7
3293;92;203;1;land;false;plains;7
3294;65;187;1;land;true;plains;7
3295;73;204;1;land;true;plains;7
3296;127;228;1;land;true;plains;7
3297;116;236;1;land;true;plains;7
3298;110;98;1;land;false;plains;7
3299;125;41;1;land;false;plains;7
3300;75;49;1;land;false;plains;7
3301;78;52;1;land;false;urban;7
3302;141;67;1;land;false;plains;7
3303;93;89;1;land;false;plains;7
3304;120;55;1;land;false;plains;7
3305;44;151;1;land;false;urban;7
3306;32;147;1;land;false;urban;7
3307;47;176;1;land;false;plains;7
3308;35;190;1;land;false;plains;7
3309;19;160;1;land;false;plains;7
3310;21;171;1;land;false;plains;7
3311;53;146;1;land;false;plains;7
3312;50;191;1;land;false;plains;7
3313;49;154;1;land;false;urban;7
3314;74;166;1;land;false;plains;7
3315;70;203;1;land;false;plains;7
3316;55;187;1;land;false;plains;7
3317;124;165;1;land;false;plains;7
3318;111;100;1;land;false;plains;7
3319;137;100;1;land;false;hills;7
3320;132;97;1;land;false;plains;7
3321;90;145;1;land;false;plains;7
3322;91;113;1;land;false;plains;7
3323;87;161;1;land;false;urban;7
3324;112;59;1;land;false;plains;7
3325;53;11;1;land;false;plains;7
3326;113;39;1;land;false;plains;7
3327;59;6;1;land;false;plains;7
3328;74;79;1;land;false;plains;7
3329;111;14;1;land;false;urban;7
3330;52;77;1;land;false;plains;7
3331;116;16;1;land;false;plains;7
3332;93;58;1;land;false;urban;7
3333;201;67;1;land;true;plains;7
3334;169;77;1;land;false;plains;7
3335;186;79;1;land;true;plains;7
3336;183;7;1;land;false;plains;7
3337;159;49;1;land;true;urban;7
3338;191;28;1;land;false;plains;7
3339;229;25;1;land;false;plains;7
3340;223;82;1;land;true;urban;7
3341;238;117;1;land;false;plains;7
3342;238;152;1;land;false;plains;7
3343;211;150;1;land;false;plains;7
3344;216;187;1;land;false;plains;7
3345;236;157;1;land;false;plains;7
3346;210;155;1;land;false;plains;7
3347;245;122;1;land;false;hills;7
3348;225;168;1;land;false;plains;7
3349;214;144;1;land;false;hills;7
3350;252;126;1;land;false;plains;7
3351;222;171;1;land;false;hills;7
3352;224;193;1;land;false;plains;7
3353;210;191;1;land;false;plains;7
3354;225;129;1;land;false;plains;7
3355;232;143;1;land;false;plains;7
3356;234;132;1;land;false;plains;7
3357;223;212;1;land;false;plains;7
3358;211;214;1;land;false;plains;7
3359;190;240;1;land;false;plains;7
3360;215;241;1;land;false;plains;7
3361;33;4;1;land;false;hills;7
3362;53;5;1;land;false;desert;7
3363;48;15;1;land;false;desert;7
3364;78;32;1;land;false;mountain;7
3365;20;30;1;land;false;desert;7
3366;30;20;1;land;false;mountain;7
3367;63;0;1;land;false;desert;7
3368;34;22;1;land;false;desert;7
3369;36;36;1;land;false;desert;7
3370;41;8;1;land;false;mountain;7
3371;91;32;1;land;false;mountain;7
3372;55;25;1;land;false;desert;7
3373;49;1;1;land;false;mountain;7
3374;61;19;1;land;false;desert;7
3375;16;13;1;land;false;desert;7
3376;17;2;1;land;false;desert;7
3377;83;32;1;land;false;desert;7
3378;82;35;1;land;false;desert;7
3379;38;10;1;land;false;desert;7
3380;79;28;1;land;false;hills;7
3381;49;7;1;land;false;hills;7
3382;75;39;1;land;false;mountain;7
3383;78;15;1;land;false;desert;7
3384;87;16;1;land;false;hills;7
3385;72;22;1;land;false;desert;7
3386;88;24;1;land;false;desert;7
3387;85;26;1;land;false;hills;7
3388;56;13;1;land;false;desert;7
3389;21;22;1;land;false;desert;7
3390;36;26;1;land;false;hills;7
3391;75;32;1;land;false;desert;7
3392;94;24;1;land;false;desert;7
3393;80;21;1;land;false;desert;7
3394;23;9;1;land;false;mountain;7
3395;74;27;1;land;false;mountain;7
3396;33;6;1;land;false;desert;7
3397;38;30;1;land;false;mountain;7
3398;34;19;1;land;false;desert;7
3399;92;10;1;land;false;hills;7
3400;62;4;1;land;false;desert;7
3401;67;17;1;land;false;desert;7
3402;44;11;1;land;false;desert;7
3403;113;252;1;land;false;hills;7
3404;86;244;1;land;false;hills;7
3405;112;197;1;land;false;urban;7
3406;119;188;1;land;false;plains;7
3407;113;232;1;land;false;plains;7
3408;163;191;1;land;false;hills;7
3409;91;204;1;land;false;hills;7
3410;80;228;1;land;false;plains;7
3411;48;214;1;land;false;plains;7
3412;17;209;1;land;false;plains;7
3413;25;201;1;land;false;urban;7
3414;29;160;1;land;false;plains;7
3415;30;235;1;land;false;plains;7
3416;46;198;1;land;false;urban;7
3417;18;181;1;land;false;plains;7
3418;19;176;1;land;false;plains;7
3419;53;222;1;land;false;plains;7
3420;96;54;1;land;false;urban;7
3421;151;49;1;land;false;plains;7
3422;120;96;1;land;false;plains;7
3423;158;47;1;land;false;plains;7
3424;152;64;1;land;false;plains;7
3425;111;119;1;land;false;plains;7
3426;139;85;1;land;false;plains;7
3427;161;57;1;land;false;plains;7
3428;127;149;1;land;false;plains;7
3429;94;74;1;land;false;plains;7
3430;133;76;1;land;false;plains;7
3431;228;51;1;land;false;plains;7
3432;233;90;1;land;false;plains;7
3433;182;71;1;land;false;urban;7
3434;173;90;1;land;false;plains;7
3435;197;102;1;land;false;plains;7
3436;163;108;1;land;false;plains;7
3437;73;185;1;land;false;plains;7
3438;101;203;1;land;false;plains;7
3439;94;34;1;land;true;urban;7
3440;129;90;1;land;false;plains;7
3441;137;91;1;land;false;plains;7
3442;123;80;1;land;false;plains;7
3443;106;60;1;land;false;plains;7
3444;145;55;1;land;false;plains;7
3445;101;57;1;land;false;plains;7
3446;129;43;1;land;false;plains;7
3447;130;71;1;land;false;urban;7
3448;146;83;1;land;false;plains;7
3449;229;162;1;land;false;plains;7
3450;184;196;1;land;false;urban;7
3451;189;196;1;land;false;plains;7
3452;246;233;1;land;false;plains;7
3453;179;160;1;land;false;plains;7
3454;228;184;1;land;false;plains;7
3455;177;165;1;land;false;plains;7
3456;108;39;1;land;false;plains;7
3457;164;14;1;land;false;hills;7
3458;148;62;1;land;false;plains;7
3459;100;97;1;land;true;plains;7
3460;100;143;1;land;false;plains;7
3461;146;164;1;land;true;plains;7
3462;102;100;1;land;true;plains;7
3463;186;208;1;land;false;urban;7
3464;174;221;1;land;false;plains;7
3465;187;226;1;land;false;plains;7
3466;160;214;1;land;false;plains;7
3467;215;235;1;land;false;plains;7
3468;216;239;1;land;false;urban;7
3469;197;207;1;land;false;plains;7
3470;147;206;1;land;false;plains;7
3471;194;207;1;land;false;plains;7
3472;189;224;1;land;false;plains;7
3473;203;152;1;land;false;plains;7
3474;181;111;1;land;false;urban;7
3475;154;90;1;land;true;plains;7
3476;202;116;1;land;true;plains;7
3477;167;93;1;land;false;plains;7
3478;188;150;1;land;true;plains;7
3479;202;126;1;land;false;plains;7
3480;139;20;1;land;false;plains;7
3481;126;17;1;land;false;plains;7
3482;137;55;1;land;false;hills;7
3483;67;54;1;land;false;plains;7
3484;103;1;1;land;false;plains;7
3485;78;23;1;land;false;plains;7
3486;137;15;1;land;false;plains;7
3487;123;10;1;land;false;urban;7
3488;91;55;1;land;false;plains;7
3489;84;10;1;land;false;urban;7
3490;134;40;1;land;false;plains;7
3491;66;20;1;land;false;plains;7
3492;98;29;1;land;false;plains;7
3493;122;16;1;land;false;desert;7
3494;82;41;1;land;false;plains;7
3495;114;8;1;land;false;plains;7
3496;119;4;1;land;false;plains;7
3497;80;109;1;land;false;plains;7
3498;85;99;1;land;false;plains;7
3499;47;96;1;land;false;urban;7
3500;251;232;1;land;false;plains;7
3501;237;203;1;land;false;plains;7
3502;198;192;1;land;false;plains;7
3503;244;253;1;land;false;plains;7
3504;219;222;1;land;false;plains;7
3505;190;107;1;land;false;plains;7
3506;182;86;1;land;false;plains;7
3507;245;42;1;land;false;plains;7
3508;213;60;1;land;false;plains;7
3509;166;155;1;land;false;plains;7
3510;154;132;1;land;false;hills;7
3511;146;169;1;land;false;plains;7
3512;105;94;1;land;false;hills;7
3513;101;130;1;land;false;plains;7
3514;161;147;1;land;false;plains;7
3515;164;144;1;land;false;plains;7
3516;157;100;1;land;false;plains;7
3517;92;104;1;land;false;plains;7
3518;94;165;1;land;false;plains;7
3519;88;167;1;land;false;plains;7
3520;115;171;1;land;false;plains;7
3521;132;106;1;land;false;plains;7
3522;158;132;1;land;false;hills;7
3523;123;141;1;land;false;mountain;7
3524;157;152;1;land;false;plains;7
3525;98;139;1;land;false;plains;7
3526;89;132;1;land;false;plains;7
3527;111;115;1;land;false;plains;7
3528;159;145;1;land;false;plains;7
3529;162;162;1;land;false;hills;7
3530;160;93;1;land;false;hills;7
3531;186;141;1;land;false;plains;7
3532;137;116;1;land;false;plains;7
3533;163;109;1;land;false;plains;7
3534;145;159;1;land;false;plains;7
3535;186;220;1;land;false;plains;7
3536;198;208;1;land;false;plains;7
3537;237;236;1;land;false;hills;7
3538;178;215;1;land;false;hills;7
3539;225;245;1;land;false;plains;7
3540;202;196;1;land;false;hills;7
3541;190;231;1;land;false;plains;7
3542;126;178;1;land;false;plains;7
3543;139;225;1;land;false;plains;7
3544;107;228;1;land;false;plains;7
3545;159;233;1;land;false;plains;7
3546;140;187;1;land;false;plains;7
3547;138;232;1;land;false;urban;7
3548;158;208;1;land;false;plains;7
3549;153;149;1;land;false;plains;7
3550;173;140;1;land;false;urban;7
3551;227;123;1;land;false;plains;7
3552;175;125;1;land;false;plains;7
3553;226;151;1;land;false;plains;7
3554;151;114;1;land;false;plains;7
3555;34;40;1;land;false;plains;7
3556;39;24;1;land;false;plains;7
3557;127;235;1;land;false;hills;7
3558;136;185;1;land;false;desert;7
3559;117;203;1;land;false;desert;7
3560;145;182;1;land;false;mountain;7
3561;149;201;1;land;false;desert;7
3562;100;196;1;land;false;desert;7
3563;97;208;1;land;false;desert;7
3564;127;178;1;land;false;desert;7
3565;160;234;1;land;false;desert;7
3566;173;231;1;land;false;desert;7
3567;151;249;1;land;false;desert;7
3568;146;202;1;land;false;desert;7
3569;128;210;1;land;false;desert;7
3570;136;197;1;land;false;hills;7
3571;129;251;1;land;false;desert;7
3572;142;246;1;land;false;hills;7
3573;127;197;1;land;false;desert;7
3574;108;201;1;land;false;desert;7
3575;110;188;1;land;false;hills;7
3576;166;242;1;land;false;desert;7
3577;161;187;1;land;false;desert;7
3578;136;245;1;land;false;desert;7
3579;98;240;1;land;false;desert;7
3580;173;182;1;land;false;mountain;7
3581;120;251;1;land;false;desert;7
3582;97;247;1;land;false;mountain;7
3583;103;216;1;land;false;desert;7
3584;132;235;1;land;false;desert;7
3585;114;197;1;land;false;desert;7
3586;154;223;1;land;false;desert;7
3587;104;192;1;land;false;desert;7
3588;136;227;1;land;false;desert;7
3589;134;240;1;land;false;desert;7
3590;143;227;1;land;false;hills;7
3591;170;217;1;land;false;hills;7
3592;104;203;1;land;false;desert;7
3593;101;232;1;land;false;desert;7
3594;101;202;1;land;false;desert;7
3595;165;197;1;land;false;desert;7
3596;108;205;1;land;false;desert;7
3597;104;224;1;land;false;desert;7
3598;171;185;1;land;false;desert;7
3599;165;191;1;land;false;mountain;7
3600;101;250;1;land;false;hills;7
3601;135;192;1;land;false;desert;7
3602;101;208;1;land;false;desert;7
3603;168;181;1;land;false;hills;7
3604;125;187;1;land;false;desert;7
3605;150;214;1;land;false;hills;7
3606;167;220;1;land;false;desert;7
3607;146;200;1;land;false;desert;7
3608;128;179;1;land;false;hills;7
3609;50;223;1;land;true;plains;7
3610;31;252;1;land;true;plains;7
3611;37;225;1;land;true;plains;7
3612;36;235;1;land;false;plains;7
3613;115;35;1;land;false;plains;7
3614;35;136;1;land;false;plains;7
3615;5;177;1;land;false;plains;7
3616;30;132;1;land;false;hills;7
3617;50;161;1;land;false;plains;7
3618;66;160;1;land;false;plains;7
3619;40;176;1;land;false;mountain;7
3620;72;10;1;land;false;plains;7
3621;200;60;1;land;false;plains;7
3622;214;44;1;land;false;plains;7
3623;199;112;1;land;false;plains;7
3624;214;61;1;land;false;urban;7
3625;211;49;1;land;false;plains;7
3626;221;89;1;land;false;plains;7
3627;184;80;1;land;false;plains;7
3628;169;41;1;land;false;plains;7
3629;167;85;1;land;false;plains;7
3630;213;84;1;land;false;plains;7
3631;201;48;1;land;false;plains;7
3632;175;88;1;land;false;plains;7
3633;215;49;1;land;false;plains;7
3634;174;46;1;land;false;plains;7
3635;223;110;1;land;false;urban;7
3636;83;101;1;land;true;plains;7
3637;134;214;1;land;false;plains;7
3638;82;236;1;land;false;plains;7
3639;66;211;1;land;false;plains;7
3640;126;191;1;land;false;plains;7
3641;119;202;1;land;false;plains;7
3642;82;232;1;land;false;plains;7
3643;78;179;1;land;false;plains;7
3644;62;171;1;land;false;plains;7
3645;114;239;1;land;false;plains;7
3646;66;226;1;land;false;plains;7
3647;65;190;1;land;false;plains;7
3648;69;67;1;land;false;urban;7
3649;86;57;1;land;false;plains;7
3650;54;60;1;land;false;plains;7
3651;102;99;1;land;false;plains;7
3652;95;63;1;land;false;urban;7
3653;45;93;1;land;false;plains;7
3654;224;129;1;land;false;plains;7
3655;240;175;1;land;false;hills;7
3656;250;101;1;land;false;mountain;7
3657;212;100;1;land;false;mountain;7
3658;247;172;1;land;false;hills;7
3659;199;131;1;land;false;mountain;7
3660;208;132;1;land;false;plains;7
3661;246;132;1;land;false;hills;7
3662;250;127;1;land;false;hills;7
3663;241;133;1;land;false;hills;7
3664;189;103;1;land;false;hills;7
3665;208;113;1;land;false;plains;7
3666;254;173;1;land;false;plains;7
3667;234;125;1;land;false;mountain;7
3668;188;122;1;land;false;plains;7
3669;232;145;1;land;false;hills;7
3670;252;169;1;land;false;hills;7
3671;212;143;1;land;false;desert;7
3672;249;124;1;land;false;mountain;7
3673;215;178;1;land;false;hills;7
3674;239;128;1;land;false;hills;7
3675;223;120;1;land;false;desert;7
3676;207;101;1;land;false;mountain;7
3677;233;112;1;land;false;plains;7
3678;236;129;1;land;false;hills;7
3679;189;173;1;land;false;mountain;7
3680;230;176;1;land;false;desert;7
3681;254;157;1;land;false;mountain;7
3682;241;116;1;land;false;plains;7
3683;221;113;1;land;false;plains;7
3684;187;157;1;land;false;plains;7
3685;250;123;1;land;false;plains;7
3686;230;109;1;land;false;hills;7
3687;253;125;1;land;false;hills;7
3688;198;107;1;land;false;plains;7
3689;250;141;1;land;false;hills;7
3690;132;12;1;land;false;plains;7
3691;169;67;1;land;false;plains;7
3692;148;48;1;land;false;plains;7
3693;132;28;1;land;false;plains;7
3694;155;232;1;land;false;plains;7
3695;196;233;1;land;false;plains;7
3696;184;240;1;land;false;plains;7
3697;181;223;1;land;false;urban;7
3698;179;203;1;land;false;plains;7
3699;174;246;1;land;false;plains;7
3700;160;242;1;land;false;plains;7
3701;211;230;1;land;false;plains;7
3702;161;250;1;land;false;plains;7
3703;188;172;1;land;false;plains;7
3704;194;200;1;land;false;plains;7
3705;92;28;1;land;false;urban;7
3706;86;42;1;land;false;plains;7
3707;85;79;1;land;false;urban;7
3708;130;39;1;land;false;plains;7
3709;110;32;1;land;false;plains;7
3710;154;44;1;land;false;urban;7
3711;143;8;1;land;false;plains;7
3712;112;75;1;land;false;plains;7
3713;186;158;1;land;false;plains;7
3714;154;157;1;land;false;urban;7
3715;173;149;1;land;false;urban;7
3716;205;156;1;land;false;plains;7
3717;211;124;1;land;false;plains;7
3718;180;143;1;land;false;plains;7
3719;157;112;1;land;false;plains;7
3720;185;126;1;land;false;urban;7
3721;203;173;1;land;false;urban;7
3722;177;173;1;land;false;plains;7
3723;194;170;1;land;false;urban;7
3724;166;186;1;land;false;plains;7
3725;215;153;1;land;false;plains;7
3726;190;149;1;land;false;plains;7
3727;164;170;1;land;false;plains;7
3728;204;122;1;land;false;plains;7
3729;150;141;1;land;false;plains;7
3730;181;125;1;land;false;plains;7
3731;185;141;1;land;false;plains;7
3732;149;37;1;land;true;plains;7
3733;156;30;1;land;false;plains;7
3734;64;94;1;land;true;plains;7
3735;40;125;1;land;false;plains;7
3736;98;121;1;land;false;plains;7
3737;57;108;1;land;true;plains;7
3738;51;76;1;land;false;urban;7
3739;99;88;1;land;false;plains;7
3740;38;78;1;land;false;plains;7
3741;175;218;1;land;true;urban;7
3742;216;243;1;land;true;plains;7
3743;202;234;1;land;true;plains;7
3744;139;157;1;land;false;plains;7
3745;132;108;1;land;false;plains;7
3746;111;166;1;land;false;plains;7
3747;116;115;1;land;false;plains;7
3748;125;8;1;land;false;plains;7
3749;75;30;1;land;false;urban;7
3750;85;7;1;land;false;plains;7
3751;87;3;1;land;false;plains;7
3752;113;9;1;land;false;plains;7
3753;13;92;1;land;true;plains;7
3754;15;82;1;land;true;plains;7
3755;208;143;1;land;false;plains;7
3756;166;164;1;land;false;plains;7
3757;168;99;1;land;false;plains;7
3758;207;150;1;land;false;plains;7
3759;40;61;1;land;false;plains;7
3760;43;106;1;land;false;plains;7
3761;87;82;1;land;false;plains;7
3762;23;62;1;land;false;hills;7
3763;50;80;1;land;false;urban;7
3764;23;57;1;land;false;plains;7
3765;33;101;1;land;false;plains;7
3766;66;67;1;land;false;plains;7
3767;67;47;1;land;false;plains;7
3768;81;80;1;land;false;plains;7
3769;21;56;1;land;false;urban;7
3770;77;104;1;land;false;hills;7
3771;31;94;1;land;false;plains;7
3772;35;113;1;land;false;urban;7
3773;83;90;1;land;false;plains;7
3774;202;49;1;land;false;plains;7
3775;198;69;1;land;false;plains;7
3776;233;58;1;land;false;plains;7
3777;198;100;1;land;false;plains;7
3778;66;157;1;land;false;plains;7
3779;40;217;1;land;false;plains;7
3780;107;189;1;land;false;plains;7
3781;40;216;1;land;false;urban;7
3782;84;181;1;land;false;plains;7
3783;48;194;1;land;false;urban;7
3784;44;173;1;land;false;plains;7
3785;43;153;1;land;false;plains;7
3786;93;217;1;land;false;plains;7
3787;44;176;1;land;false;plains;7
3788;56;183;1;land;false;plains;7
3789;49;197;1;land;false;plains;7
3790;107;166;1;land;false;plains;7
3791;57;196;1;land;false;plains;7
3792;49;157;1;land;false;plains;7
3793;44;185;1;land;false;plains;7
3794;29;77;1;land;false;plains;7
3795;15;53;1;land;false;plains;7
3796;50;106;1;land;false;plains;7
3797;26;75;1;land;false;plains;7
3798;12;117;1;land;false;plains;7
3799;43;83;1;land;false;plains;7
3800;41;129;1;land;false;plains;7
3801;43;55;1;land;false;plains;7
3802;54;108;1;land;false;plains;7
3803;13;64;1;land;false;plains;7
3804;159;95;1;land;false;hills;7
3805;195;127;1;land;false;plains;7
3806;218;94;1;land;false;plains;7
3807;168;93;1;land;false;plains;7
3808;166;109;1;land;false;plains;7
3809;191;104;1;land;false;hills;7
3810;237;220;1;land;false;plains;7
3811;230;205;1;land;false;plains;7
3812;254;219;1;land;false;plains;7
3813;239;233;1;land;false;plains;7
3814;218;196;1;land;false;urban;7
3815;248;218;1;land;false;plains;7
3816;213;234;1;land;false;plains;7
3817;230;232;1;land;false;urban;7
3818;215;216;1;land;false;plains;7
3819;246;213;1;land;false;plains;7
3820;243;214;1;land;false;plains;7
3821;232;226;1;land;false;plains;7
3822;233;244;1;land;false;plains;7
3823;212;225;1;land;false;urban;7
3824;231;195;1;land;false;plains;7
3825;248;217;1;land;false;plains;7
3826;42;55;1;land;false;plains;7
3827;32;49;1;land;false;plains;7
3828;35;88;1;land;false;plains;7
3829;32;83;1;land;false;urban;7
3830;10;86;1;land;false;plains;7
3831;28;99;1;land;false;plains;7
3832;14;71;1;land;false;plains;7
3833;39;48;1;land;false;plains;7
3834;9;42;1;land;false;plains;7
3835;21;53;1;land;false;urban;7
3836;44;83;1;land;false;plains;7
3837;183;118;1;land;false;plains;7
3838;133;134;1;land;false;plains;7
3839;163;112;1;land;false;plains;7
3840;198;167;1;land;false;plains;7
3841;203;114;1;land;false;plains;7
3842;205;109;1;land;false;plains;7
3843;159;129;1;land;false;plains;7
3844;142;148;1;land;false;plains;7
3845;121;42;1;land;false;plains;7
3846;165;13;1;land;false;plains;7
3847;156;29;1;land;false;plains;7
3848;191;2;1;land;false;plains;7
3849;141;41;1;land;false;urban;7
3850;85;17;1;land;false;plains;7
3851;50;32;1;land;false;plains;7
3852;56;54;1;land;false;urban;7
3853;85;5;1;land;false;plains;7
3854;133;117;1;land;false;plains;7
3855;180;128;1;land;false;plains;7
3856;172;166;1;land;true;urban;7
3857;108;140;1;land;true;plains;7
3858;146;134;1;land;true;plains;7
3859;112;165;1;land;false;plains;7
3860;144;117;1;land;true;plains;7
3861;110;121;1;land;true;urban;7
3862;106;94;1;land;false;urban;7
3863;114;153;1;land;false;plains;7
3864;151;106;1;land;true;plains;7
3865;150;130;1;land;false;plains;7
3866;105;142;1;land;false;plains;7
3867;56;10;1;land;false;plains;7
3868;47;3;1;land;false;plains;7
3869;70;49;1;land;false;plains;7
3870;79;63;1;land;false;plains;7
3871;69;52;1;land;false;urban;7
3872;78;14;1;land;false;plains;7
3873;55;8;1;land;false;plains;7
3874;86;31;1;land;false;plains;7
3875;101;29;1;land;false;plains;7
3876;142;23;1;land;false;plains;7
3877;123;33;1;land;false;plains;7
3878;144;45;1;land;false;plains;7
3879;139;47;1;land;true;plains;7
3880;114;2;1;land;true;plains;7
3881;92;5;1;land;false;plains;7
3882;157;31;1;land;false;plains;7
3883;125;29;1;land;false;plains;7
3884;104;87;1;land;false;plains;7
3885;133;83;1;land;false;urban;7
3886;75;147;1;land;false;plains;7
3887;130;109;1;land;false;plains;7
3888;70;113;1;land;false;plains;7
3889;96;113;1;land;false;plains;7
3890;99;98;1;land;false;hills;7
3891;247;231;1;land;false;plains;7
3892;218;193;1;land;false;plains;7
3893;181;186;1;land;false;urban;7
3894;229;251;1;land;false;urban;7
3895;193;240;1;land;false;plains;7
3896;198;210;1;land;false;plains;7
3897;238;246;1;land;false;plains;7
3898;240;195;1;land;false;plains;7
3899;177;219;1;land;false;plains;7
3900;188;223;1;land;false;hills;7
3901;209;182;1;land;false;plains;7
3902;252;193;1;land;false;plains;7
3903;246;215;1;land;false;plains;7
3904;182;210;1;land;false;plains;7
3905;246;228;1;land;false;plains;7
3906;203;187;1;land;false;urban;7
3907;215;228;1;land;false;plains;7
3908;237;201;1;land;false;plains;7
3909;201;253;1;land;false;plains;7
3910;231;216;1;land;false;urban;7
3911;202;220;1;land;false;urban;7
3912;216;56;1;land;false;plains;7
3913;225;49;1;land;false;plains;7
3914;230;84;1;land;false;urban;7
3915;176;84;1;land;false;urban;7
3916;165;94;1;land;false;plains;7
3917;229;83;1;land;false;plains;7
3918;194;66;1;land;false;plains;7
3919;201;26;1;land;false;plains;7
3920;235;39;1;land;false;urban;7
3921;215;100;1;land;false;plains;7
3922;176;39;1;land;false;plains;7
3923;199;34;1;land;false;plains;7
3924;197;61;1;land;false;plains;7
3925;157;50;1;land;false;urban;7
3926;164;43;1;land;false;plains;7
3927;189;78;1;land;false;plains;7
3928;177;66;1;land;false;plains;7
3929;215;96;1;land;false;plains;7
3930;232;67;1;land;false;urban;7
3931;115;151;1;land;false;plains;7
3932;130;163;1;land;false;plains;7
3933;37;126;1;land;false;plains;7
3934;16;113;1;land;false;plains;7
3935;29;106;1;land;false;plains;7
3936;14;66;1;land;false;plains;7
3937;33;130;1;land;false;urban;7
3938;34;125;1;land;false;plains;7
3939;7;59;1;land;true;plains;7
3940;5;83;1;land;false;urban;7
3941;43;90;1;land;false;urban;7
3942;76;202;1;land;false;plains;7
3943;28;204;1;land;false;plains;7
3944;227;185;1;land;false;plains;7
3945;183;213;1;land;false;plains;7
3946;185;196;1;land;false;urban;7
3947;199;222;1;land;false;plains;7
3948;84;46;1;land;false;plains;7
3949;83;50;1;land;true;plains;7
3950;154;12;1;land;false;plains;7
3951;134;11;1;land;true;urban;7
3952;101;55;1;land;false;plains;7
3953;88;1;1;land;true;plains;7
3954;126;54;1;land;false;plains;7
3955;114;3;1;land;false;plains;7
3956;116;20;1;land;true;urban;7
3957;71;10;1;land;false;plains;7
3958;62;52;1;land;false;plains;7
3959;51;21;1;land;false;hills;7
3960;69;1;1;land;false;plains;7
3961;74;57;1;land;false;hills;7
3962;104;32;1;land;false;plains;7
3963;79;27;1;land;false;plains;7
3964;97;48;1;land;false;plains;7
3965;74;14;1;land;false;plains;7
3966;104;16;1;land;false;urban;7
3967;68;55;1;land;false;plains;7
3968;75;56;1;land;false;urban;7
3969;42;46;1;land;false;plains;7
3970;74;47;1;land;false;plains;7
3971;106;18;1;land;false;plains;7
3972;47;42;1;land;false;plains;7
3973;28;33;1;land;false;plains;7
3974;48;19;1;land;false;urban;7
3975;86;39;1;land;false;plains;7
3976;75;140;1;land;false;urban;7
3977;27;122;1;land;false;urban;7
3978;23;178;1;land;false;plains;7
3979;12;198;1;land;false;urban;7
3980;40;138;1;land;false;plains;7
3981;61;132;1;land;false;plains;7
3982;9;163;1;land;false;plains;7
3983;202;180;1;land;false;plains;7
3984;90;34;1;land;false;plains;7
3985;141;47;1;land;true;plains;7
3986;120;43;1;land;true;plains;7
3987;120;116;1;land;false;urban;7
3988;88;108;1;land;false;urban;7
3989;66;95;1;land;true;plains;7
3990;122;107;1;land;false;plains;7
3991;91;139;1;land;false;plains;7
3992;129;76;1;land;false;urban;7
3993;85;104;1;land;false;plains;7
3994;53;95;1;land;true;plains;7
3995;54;97;1;land;true;plains;7
3996;86;108;1;land;false;plains;7
3997;109;126;1;land;false;plains;7
3998;54;117;1;land;false;plains;7
3999;56;15;1;land;false;plains;7
4000;47;9;1;land;false;mountain;7
4001;14;28;1;land;false;plains;7
4002;52;23;1;land;false;mountain;7
4003;49;14;1;land;false;hills;7
4004;53;9;1;land;false;mountain;7
4005;39;3;1;land;false;plains;7
4006;7;12;1;land;false;mountain;7
4007;53;39;1;land;false;mountain;7
4008;31;42;1;land;false;mountain;7
4009;9;14;1;land;false;plains;7
4010;60;18;1;land;false;plains;7
4011;45;38;1;land;false;hills;7
4012;24;185;1;land;false;urban;7
4013;39;112;1;land;false;plains;7
4014;7;138;1;land;false;plains;7
4015;15;147;1;land;true;plains;7
4016;15;177;1;land;false;urban;7
4017;36;125;1;land;false;urban;7
4018;20;130;1;land;false;plains;7
4019;18;151;1;land;true;plains;7
4020;13;131;1;land;false;plains;7
4021;189;218;1;land;false;urban;7
4022;156;196;1;land;false;plains;7
4023;179;215;1;land;false;urban;7
4024;57;218;1;land;false;plains;7
4025;107;252;1;land;false;plains;7
4026;75;196;1;land;true;plains;7
4027;110;166;1;land;true;plains;7
4028;72;147;1;land;true;urban;7
4029;120;179;1;land;true;plains;7
4030;127;181;1;land;false;plains;7
4031;33;169;1;land;false;plains;7
4032;45;191;1;land;false;urban;7
4033;11;146;1;land;false;plains;7
4034;11;172;1;land;false;urban;7
4035;36;204;1;land;false;plains;7
4036;25;191;1;land;false;urban;7
4037;15;148;1;land;false;urban;7
4038;34;209;1;land;false;plains;7
4039;37;154;1;land;false;plains;7
4040;12;180;1;land;false;plains;7
4041;124;144;1;land;false;plains;7
4042;173;102;1;land;false;plains;7
4043;135;126;1;land;false;plains;7
4044;132;113;1;land;false;plains;7
4045;129;98;1;land;false;urban;7
4046;151;158;1;land;false;plains;7
4047;94;4;1;land;false;plains;7
4048;135;53;1;land;true;plains;7
4049;98;24;1;land;false;urban;7
4050;110;45;1;land;true;plains;7
4051;96;5;1;land;false;plains;7
4052;147;44;1;land;true;plains;7
4053;125;2;1;land;true;urban;7
4054;106;31;1;land;false;plains;7
4055;181;184;1;land;true;plains;7
4056;130;233;1;land;false;urban;7
4057;201;196;1;land;false;plains;7
4058;131;185;1;land;true;plains;7
4059;90;170;1;land;false;plains;7
4060;152;235;1;land;false;urban;7
4061;124;231;1;land;false;plains;7
4062;147;239;1;land;false;plains;7
4063;138;206;1;land;false;plains;7
4064;158;200;1;land;false;plains;7
4065;136;92;1;land;false;plains;7
4066;114;138;1;land;false;plains;7
4067;165;127;1;land;false;plains;7
4068;124;109;1;land;false;plains;7
4069;134;87;1;land;false;plains;7
4070;103;83;1;land;false;plains;7
4071;124;116;1;land;false;plains;7
4072;169;89;1;land;false;plains;7
4073;167;97;1;land;false;plains;7
4074;79;115;1;land;false;urban;7
4075;48;64;1;land;false;plains;7
4076;62;61;1;land;true;plains;7
4077;61;105;1;land;true;plains;7
4078;11;60;1;land;false;plains;7
4079;80;131;1;land;false;plains;7
4080;62;124;1;land;true;plains;7
4081;76;131;1;land;false;urban;7
4082;17;135;1;land;false;plains;7
4083;60;120;1;land;true;plains;7
4084;193;33;1;land;false;plains;7
4085;210;21;1;land;false;plains;7
4086;169;15;1;land;false;plains;7
4087;162;20;1;land;false;plains;7
4088;141;31;1;land;false;plains;7
4089;162;43;1;land;false;plains;7
4090;169;61;1;land;false;plains;7
4091;109;66;1;land;false;plains;7
4092;127;100;1;land;false;plains;7
4093;128;102;1;land;false;plains;7
4094;94;119;1;land;false;plains;7
4095;62;96;1;land;false;plains;7
4096;201;109;1;land;true;plains;7
4097;152;119;1;land;false;plains;7
4098;171;99;1;land;false;plains;7
4099;193;146;1;land;false;plains;7
4100;184;98;1;land;false;plains;7
4101;149;170;1;land;false;urban;7
4102;160;157;1;land;false;plains;7
4103;179;124;1;land;false;plains;7
4104;126;135;1;land;false;plains;7
4105;181;107;1;land;false;plains;7
4106;228;226;1;land;false;plains;7
4107;187;249;1;land;false;plains;7
4108;217;187;1;land;false;plains;7
4109;206;228;1;land;false;plains;7
4110;214;216;1;land;false;plains;7
4111;191;207;1;land;false;plains;7
4112;186;213;1;land;false;plains;7
4113;169;232;1;land;false;plains;7
4114;223;205;1;land;false;urban;7
4115;198;249;1;land;false;plains;7
4116;218;216;1;land;false;plains;7
4117;209;236;1;land;false;plains;7
4118;252;173;1;land;false;plains;7
4119;254;160;1;land;false;urban;7
4120;217;190;1;land;false;plains;7
4121;248;176;1;land;false;plains;7
4122;242;140;1;land;false;plains;7
4123;254;148;1;land;true;plains;7
4124;243;176;1;land;false;plains;7
4125;229;174;1;land;true;plains;7
4126;252;192;1;land;false;plains;7
4127;231;134;1;land;false;plains;7
4128;232;188;1;land;false;plains;7
4129;232;54;1;land;false;plains;7
4130;226;25;1;land;false;plains;7
4131;247;82;1;land;false;plains;7
4132;0;42;1;land;false;urban;7
4133;48;16;1;land;false;plains;7
4134;56;12;1;land;false;hills;7
4135;41;22;1;land;false;plains;7
4136;2;5;1;land;false;hills;7
4137;24;32;1;land;false;plains;7
4138;40;4;1;land;false;urban;7
4139;38;13;1;land;false;hills;7
4140;51;0;1;land;false;plains;7
4141;20;4;1;land;false;plains;7
4142;30;29;1;land;false;plains;7
4143;210;45;1;land;false;urban;7
4144;189;76;1;land;false;plains;7
4145;181;33;1;land;false;plains;7
4146;204;71;1;land;false;plains;7
4147;205;35;1;land;false;plains;7
4148;234;145;1;land;false;plains;7
4149;216;116;1;land;true;urban;7
4150;207;214;1;land;false;plains;7
4151;211;205;1;land;false;urban;7
4152;224;211;1;land;false;plains;7
4153;238;150;1;land;false;plains;7
4154;226;137;1;land;false;urban;7
4155;248;135;1;land;false;urban;7
4156;206;100;1;land;false;plains;7
4157;235;103;1;land;false;urban;7
4158;248;129;1;land;false;plains;7
4159;231;164;1;land;false;plains;7
4160;246;104;1;land;false;plains;7
4161;183;254;1;land;false;plains;7
4162;194;239;1;land;false;urban;7
4163;227;216;1;land;false;plains;7
4164;238;220;1;land;false;urban;7
4165;222;233;1;land;false;plains;7
4166;212;249;1;land;false;urban;7
4167;247;244;1;land;false;plains;7
4168;245;200;1;land;false;plains;7
4169;204;252;1;land;false;plains;7
4170;245;228;1;land;false;plains;7
4171;183;247;1;land;false;plains;7
4172;173;24;1;land;false;plains;7
4173;148;1;1;land;false;plains;7
4174;144;36;1;land;true;plains;7
4175;160;13;1;land;true;plains;7
4176;117;36;1;land;false;plains;7
4177;99;22;1;land;true;plains;7
4178;36;103;1;land;false;plains;7
4179;6;105;1;land;true;plains;7
4180;6;89;1;land;true;plains;7
4181;19;73;1;land;true;plains;7
4182;72;115;1;land;true;urban;7
4183;27;60;1;land;false;urban;7
4184;61;56;1;land;false;plains;7
4185;50;92;1;land;true;plains;7
4186;27;69;1;land;false;plains;7
4187;21;70;1;land;true;plains;7
4188;179;127;1;land;false;urban;7
4189;235;146;1;land;false;urban;7
4190;189;131;1;land;false;plains;7
4191;166;108;1;land;false;urban;7
4192;181;138;1;land;false;urban;7
4193;182;135;1;land;false;plains;7
4194;194;120;1;land;false;plains;7
4195;67;175;1;land;true;urban;7
4196;217;243;1;land;true;urban;7
4197;207;248;1;land;false;plains;7
4198;196;234;1;land;true;plains;7
4199;203;216;1;land;false;urban;7
4200;188;229;1;land;false;urban;7
4201;195;206;1;land;false;plains;7
4202;254;236;1;land;false;urban;7
4203;247;206;1;land;true;plains;7
4204;228;211;1;land;true;urban;7
4205;132;2;1;land;false;plains;7
4206;118;60;1;land;false;hills;7
4207;129;42;1;land;false;plains;7
4208;104;42;1;land;false;urban;7
4209;138;35;1;land;false;plains;7
4210;68;99;1;land;false;plains;7
4211;24;34;1;land;false;plains;7
4212;56;70;1;land;false;urban;7
4213;49;90;1;land;false;plains;7
4214;68;41;1;land;false;plains;7
4215;42;91;1;land;false;plains;7
4216;73;58;1;land;false;plains;7
4217;73;62;1;land;false;plains;7
4218;44;40;1;land;false;plains;7
4219;70;110;1;land;false;urban;7
4220;71;80;1;land;false;plains;7
4221;74;97;1;land;false;plains;7
4222;68;179;1;land;false;plains;6
4223;71;164;1;land;false;plains;6
4224;63;151;1;land;false;plains;6
4225;77;110;1;land;false;plains;6
4226;36;106;1;land;false;plains;6
4227;95;113;1;land;false;plains;6
4228;59;158;1;land;false;hills;6
4229;56;168;1;land;false;plains;6
4230;72;167;1;land;false;hills;6
4231;88;160;1;land;false;plains;6
4232;47;143;1;land;false;plains;6
4233;26;127;1;land;false;plains;6
4234;94;109;1;land;false;hills;6
4235;53;127;1;land;false;plains;6
4236;69;129;1;land;false;plains;6
4237;20;144;1;land;false;hills;6
4238;57;160;1;land;false;hills;6
4239;222;202;1;land;false;plains;6
4240;221;203;1;land;false;urban;6
4241;220;150;1;land;false;plains;6
4242;167;148;1;land;false;plains;6
4243;211;162;1;land;false;plains;6
4244;171;186;1;land;false;urban;6
4245;204;183;1;land;false;hills;6
4246;228;175;1;land;false;hills;6
4247;37;122;1;land;true;plains;6
4248;48;176;1;land;false;plains;6
4249;83;160;1;land;false;plains;6
4250;43;180;1;land;true;urban;6
4251;56;187;1;land;false;plains;6
4252;47;196;1;land;false;plains;6
4253;61;182;1;land;false;plains;6
4254;35;191;1;land;false;plains;6
4255;67;201;1;land;false;plains;6
4256;40;251;1;land;false;plains;6
4257;44;218;1;land;false;plains;6
4258;67;246;1;land;false;plains;6
4259;4;215;1;land;true;plains;6
4260;60;228;1;land;false;plains;6
4261;24;219;1;land;false;plains;6
4262;62;210;1;land;false;plains;6
4263;11;199;1;land;false;plains;6
4264;62;212;1;land;true;plains;6
4265;59;191;1;land;false;plains;6
4266;46;221;1;land;true;plains;6
4267;38;248;1;land;false;plains;6
4268;6;201;1;land;false;hills;6
4269;4;177;1;land;false;plains;6
4270;28;216;1;land;false;plains;6
4271;7;184;1;land;false;plains;6
4272;9;219;1;land;false;plains;6
4273;38;216;1;land;false;plains;6
4274;40;244;1;land;false;plains;6
4275;20;224;1;land;false;plains;6
4276;143;204;1;land;false;plains;6
4277;159;202;1;land;false;plains;6
4278;191;164;1;land;false;plains;6
4279;132;212;1;land;false;urban;6
4280;166;146;1;land;false;plains;6
4281;170;207;1;land;false;plains;6
4282;138;207;1;land;false;plains;6
4283;134;150;1;land;false;plains;6
4284;140;186;1;land;false;plains;6
4285;170;164;1;land;false;urban;6
4286;158;156;1;land;false;plains;6
4287;193;154;1;land;false;plains;6
4288;178;172;1;land;false;plains;6
4289;195;152;1;land;false;plains;6
4290;181;194;1;land;false;plains;6
4291;127;140;1;land;false;plains;6
4292;185;150;1;land;false;plains;6
4293;147;172;1;land;false;plains;6
4294;171;201;1;land;false;plains;6
4295;196;145;1;land;false;plains;6
4296;186;185;1;land;false;plains;6
4297;178;191;1;land;false;plains;6
4298;119;125;1;land;false;plains;6
4299;81;172;1;land;false;hills;6
4300;113;188;1;land;false;plains;6
4301;89;122;1;land;false;plains;6
4302;109;152;1;land;false;plains;6
4303;139;235;1;land;false;plains;6
4304;70;202;1;land;false;plains;6
4305;68;231;1;land;false;plains;6
4306;121;236;1;land;false;plains;6
4307;68;222;1;land;true;plains;6
4308;126;228;1;land;false;plains;6
4309;104;205;1;land;false;plains;6
4310;95;202;1;land;false;plains;6
4311;109;224;1;land;true;plains;6
4312;129;252;1;land;true;plains;6
4313;93;249;1;land;false;plains;6
4314;84;227;1;land;false;plains;6
4315;135;231;1;land;false;plains;6
4316;116;221;1;land;false;plains;6
4317;133;249;1;land;false;plains;6
4318;74;211;1;land;false;plains;6
4319;84;247;1;land;false;plains;6
4320;111;217;1;land;false;plains;6
4321;72;201;1;land;false;plains;6
4322;106;218;1;land;true;plains;6
4323;131;203;1;land;false;plains;6
4324;139;236;1;land;false;plains;6
4325;111;218;1;land;false;plains;6
4326;103;214;1;land;false;plains;6
4327;69;252;1;land;false;plains;6
4328;131;222;1;land;false;urban;6
4329;89;106;1;land;false;plains;6
4330;80;152;1;land;false;plains;6
4331;85;106;1;land;false;plains;6
4332;102;133;1;land;false;plains;6
4333;105;116;1;land;false;plains;6
4334;77;224;1;land;false;plains;6
4335;23;234;1;land;false;plains;6
4336;75;246;1;land;false;plains;6
4337;55;235;1;land;false;plains;6
4338;23;190;1;land;false;plains;6
4339;82;211;1;land;false;plains;6
4340;87;201;1;land;false;plains;6
4341;36;221;1;land;false;plains;6
4342;145;178;1;land;true;plains;6
4343;117;144;1;land;true;plains;6
4344;168;198;1;land;true;plains;6
4345;111;186;1;land;false;plains;6
4346;63;210;1;land;false;plains;6
4347;94;241;1;land;false;plains;6
4348;128;247;1;land;true;plains;6
4349;89;222;1;land;true;plains;6
4350;117;231;1;land;false;plains;6
4351;87;214;1;land;false;plains;6
4352;82;237;1;land;true;plains;6
4353;133;211;1;land;false;plains;6
4354;92;236;1;land;false;plains;6
4355;125;227;1;land;true;plains;6
4356;131;206;1;land;false;plains;6
4357;114;224;1;land;false;plains;6
4358;190;79;1;land;false;hills;6
4359;203;128;1;land;false;jungle;6
4360;199;64;1;land;false;jungle;6
4361;220;123;1;land;false;hills;6
4362;235;71;1;land;false;hills;6
4363;197;126;1;land;false;hills;6
4364;227;71;1;land;false;hills;6
4365;216;115;1;land;false;jungle;6
4366;245;75;1;land;false;jungle;6
4367;227;130;1;land;false;jungle;6
4368;224;133;1;land;false;mountain;6
4369;169;113;1;land;false;jungle;6
4370;174;140;1;land;false;jungle;6
4371;236;82;1;land;false;jungle;6
4372;218;84;1;land;false;hills;6
4373;194;100;1;land;false;jungle;6
4374;229;123;1;land;false;jungle;6
4375;205;138;1;land;false;hills;6
4376;186;97;1;land;false;mountain;6
4377;161;230;1;land;false;plains;6
4378;109;213;1;land;false;hills;6
4379;117;213;1;land;false;plains;6
4380;119;239;1;land;false;plains;6
4381;144;232;1;land;false;plains;6
4382;120;238;1;land;false;plains;6
4383;119;248;1;land;false;plains;6
4384;172;252;1;land;false;plains;6
4385;140;225;1;land;false;plains;6
4386;134;237;1;land;false;hills;6
4387;123;238;1;land;false;plains;6
4388;103;247;1;land;false;plains;6
4389;173;228;1;land;false;plains;6
4390;154;246;1;land;false;plains;6
4391;48;70;1;land;false;plains;6
4392;46;46;1;land;false;plains;6
4393;107;53;1;land;false;plains;6
4394;66;57;1;land;false;plains;6
4395;77;94;1;land;false;plains;6
4396;65;97;1;land;false;plains;6
4397;118;148;1;land;false;plains;6
4398;145;126;1;land;false;plains;6
4399;110;118;1;land;false;plains;6
4400;130;169;1;land;false;plains;6
4401;247;146;1;land;false;plains;6
4402;251;107;1;land;false;plains;6
4403;201;124;1;land;false;plains;6
4404;190;119;1;land;false;plains;6
4405;204;128;1;land;false;plains;6
4406;232;94;1;land;false;plains;6
4407;206;117;1;land;false;plains;6
4408;215;105;1;land;false;plains;6
4409;176;109;1;land;false;plains;6
4410;196;84;1;land;false;plains;6
4411;233;127;1;land;false;plains;6
4412;181;68;1;land;false;plains;6
4413;239;104;1;land;false;plains;6
4414;250;167;1;land;false;jungle;6
4415;225;209;1;land;false;jungle;6
4416;246;206;1;land;false;jungle;6
4417;208;183;1;land;false;jungle;6
4418;235;187;1;land;false;jungle;6
4419;238;167;1;land;true;jungle;6
4420;208;194;1;land;false;jungle;6
4421;201;189;1;land;false;jungle;6
4422;216;160;1;land;false;jungle;6
4423;234;185;1;land;false;jungle;6
4424;219;158;1;land;false;jungle;6
4425;227;181;1;land;true;jungle;6
4426;204;202;1;land;false;jungle;6
4427;237;169;1;land;false;jungle;6
4428;245;202;1;land;false;jungle;6
4429;199;181;1;land;false;jungle;6
4430;237;178;1;land;false;jungle;6
4431;205;210;1;land;false;jungle;6
4432;73;153;1;land;false;hills;6
4433;82;111;1;land;false;plains;6
4434;85;112;1;land;false;plains;6
4435;74;103;1;land;false;hills;6
4436;35;117;1;land;false;plains;6
4437;76;115;1;land;false;plains;6
4438;29;111;1;land;false;plains;6
4439;17;108;1;land;false;plains;6
4440;25;124;1;land;false;plains;6
4441;75;133;1;land;false;plains;6
4442;47;100;1;land;false;plains;6
4443;72;125;1;land;false;hills;6
4444;9;135;1;land;false;plains;6
4445;78;115;1;land;false;plains;6
4446;79;154;1;land;false;mountain;6
4447;19;165;1;land;false;plains;6
4448;60;156;1;land;false;plains;6
4449;70;142;1;land;false;hills;6
4450;15;122;1;land;false;plains;6
4451;13;102;1;land;false;urban;6
4452;73;141;1;land;false;plains;6
4453;7;91;1;land;false;plains;6
4454;56;163;1;land;false;plains;6
4455;67;156;1;land;false;hills;6
4456;37;148;1;land;false;plains;6
4457;12;167;1;land;false;plains;6
4458;73;131;1;land;false;hills;6
4459;32;149;1;land;false;hills;6
4460;51;116;1;land;false;plains;6
4461;41;137;1;land;false;mountain;6
4462;32;97;1;land;false;plains;6
4463;50;132;1;land;false;hills;6
4464;63;120;1;land;false;hills;6
4465;69;107;1;land;false;plains;6
4466;245;221;1;land;false;plains;6
4467;239;227;1;land;false;plains;6
4468;249;195;1;land;false;plains;6
4469;220;225;1;land;false;plains;6
4470;245;210;1;land;false;plains;6
4471;217;189;1;land;false;plains;6
4472;246;181;1;land;false;hills;6
4473;248;206;1;land;false;plains;6
4474;243;161;1;land;false;plains;6
4475;141;74;1;land;false;plains;6
4476;168;115;1;land;false;plains;6
4477;180;118;1;land;false;plains;6
4478;195;50;1;land;false;plains;6
4479;206;89;1;land;false;plains;6
4480;197;87;1;land;false;plains;6
4481;29;10;1;land;false;plains;6
4482;51;71;1;land;false;hills;6
4483;16;42;1;land;false;hills;6
4484;19;9;1;land;false;plains;6
4485;25;66;1;land;false;plains;6
4486;77;61;1;land;false;hills;6
4487;57;68;1;land;false;plains;6
4488;85;43;1;land;false;mountain;6
4489;38;49;1;land;false;plains;6
4490;79;48;1;land;false;plains;6
4491;154;152;1;land;false;mountain;6
4492;144;130;1;land;false;plains;6
4493;137;135;1;land;false;plains;6
4494;172;183;1;land;false;plains;6
4495;194;198;1;land;false;plains;6
4496;193;188;1;land;false;mountain;6
4497;178;143;1;land;false;hills;6
4498;127;205;1;land;false;plains;6
4499;185;192;1;land;false;hills;6
4500;201;140;1;land;false;plains;6
4501;127;208;1;land;false;mountain;6
4502;200;159;1;land;false;jungle;6
4503;192;173;1;land;false;jungle;6
4504;165;167;1;land;false;jungle;6
4505;175;144;1;land;true;jungle;6
4506;205;207;1;land;false;jungle;6
4507;199;190;1;land;false;jungle;6
4508;220;210;1;land;true;jungle;6
4509;223;168;1;land;false;jungle;6
4510;178;207;1;land;true;jungle;6
4511;230;145;1;land;false;jungle;6
4512;210;147;1;land;false;jungle;6
4513;184;184;1;land;true;jungle;6
4514;227;184;1;land;false;jungle;6
4515;185;162;1;land;false;jungle;6
4516;196;171;1;land;false;jungle;6
4517;191;204;1;land;true;jungle;6
4518;188;188;1;land;true;jungle;6
4519;205;173;1;land;false;jungle;6
4520;203;151;1;land;false;jungle;6
4521;191;168;1;land;false;jungle;6
4522;219;183;1;land;false;jungle;6
4523;207;203;1;land;false;jungle;6
4524;177;209;1;land;false;jungle;6
4525;62;89;1;land;false;plains;6
4526;4;95;1;land;false;hills;6
4527;67;140;1;land;false;hills;6
4528;43;136;1;land;false;hills;6
4529;251;9;1;land;true;plains;6
4530;195;4;1;land;true;plains;6
4531;238;34;1;land;false;plains;6
4532;127;254;1;land;false;plains;6
4533;112;248;1;land;false;plains;6
4534;61;231;1;land;false;hills;6
4535;78;197;1;land;false;plains;6
4536;75;253;1;land;false;plains;6
4537;57;195;1;land;false;plains;6
4538;57;225;1;land;false;plains;6
4539;127;219;1;land;false;hills;6
4540;119;200;1;land;false;hills;6
4541;109;206;1;land;false;plains;6
4542;156;251;1;land;false;hills;6
4543;117;216;1;land;false;plains;6
4544;130;252;1;land;false;plains;6
4545;96;250;1;land;false;plains;6
4546;97;235;1;land;false;plains;6
4547;156;225;1;land;false;plains;6
4548;112;236;1;land;false;plains;6
4549;129;210;1;land;false;plains;6
4550;111;233;1;land;false;plains;6
4551;160;208;1;land;false;plains;6
4552;104;240;1;land;false;plains;6
4553;171;239;1;land;false;hills;6
4554;163;231;1;land;false;plains;6
4555;121;242;1;land;false;plains;6
4556;156;215;1;land;false;plains;6
4557;145;244;1;land;false;plains;6
4558;125;231;1;land;false;plains;6
4559;159;207;1;land;false;plains;6
4560;128;230;1;land;false;plains;6
4561;106;209;1;land;false;plains;6
4562;139;214;1;land;false;plains;6
4563;97;218;1;land;false;plains;6
4564;0;54;1;land;true;plains;6
4565;8;41;1;land;true;plains;6
4566;30;48;1;land;false;plains;6
4567;1;46;1;land;true;plains;6
4568;34;34;1;land;false;plains;6
4569;24;53;1;land;true;plains;6
4570;9;16;1;land;true;plains;6
4571;29;44;1;land;true;plains;6
4572;33;60;1;land;false;plains;6
4573;13;15;1;land;true;plains;6
4574;4;24;1;land;true;plains;6
4575;0;60;1;land;true;plains;6
4576;12;38;1;land;true;plains;6
4577;54;12;1;land;true;plains;6
4578;40;49;1;land;false;plains;6
4579;69;81;1;land;true;plains;6
4580;253;57;1;land;false;plains;6
4581;186;28;1;land;false;plains;6
4582;240;11;1;land;false;plains;6
4583;197;38;1;land;false;plains;6
4584;188;13;1;land;false;plains;6
4585;230;11;1;land;false;plains;6
4586;199;28;1;land;false;plains;6
4587;250;33;1;land;false;plains;6
4588;195;20;1;land;false;hills;6
4589;245;57;1;land;false;plains;6
4590;218;76;1;land;false;plains;6
4591;210;121;1;land;false;plains;6
4592;242;141;1;land;false;plains;6
4593;72;241;1;land;false;hills;6
4594;85;216;1;land;false;plains;6
4595;139;242;1;land;false;hills;6
4596;76;220;1;land;false;hills;6
4597;114;249;1;land;false;plains;6
4598;117;243;1;land;false;hills;6
4599;93;212;1;land;false;plains;6
4600;74;210;1;land;false;hills;6
4601;76;206;1;land;false;plains;6
4602;74;229;1;land;false;plains;6
4603;73;234;1;land;false;plains;6
4604;131;221;1;land;false;plains;6
4605;114;248;1;land;false;plains;6
4606;98;207;1;land;false;mountain;6
4607;95;196;1;land;false;plains;6
4608;69;218;1;land;false;hills;6
4609;136;233;1;land;false;plains;6
4610;153;210;1;land;false;plains;6
4611;102;240;1;land;false;plains;6
4612;176;236;1;land;false;plains;6
4613;132;240;1;land;true;urban;6
4614;176;244;1;land;false;plains;6
4615;121;228;1;land;false;plains;6
4616;136;103;1;land;false;plains;6
4617;195;66;1;land;false;plains;6
4618;132;104;1;land;false;plains;6
4619;194;73;1;land;false;plains;6
4620;175;79;1;land;false;plains;6
4621;129;99;1;land;false;plains;6
4622;143;72;1;land;false;plains;6
4623;9;192;1;land;false;plains;6
4624;37;183;1;land;false;plains;6
4625;57;238;1;land;false;plains;6
4626;25;177;1;land;false;hills;6
4627;8;212;1;land;false;plains;6
4628;40;227;1;land;false;hills;6
4629;35;174;1;land;false;hills;6
4630;33;223;1;land;false;plains;6
4631;19;190;1;land;false;plains;6
4632;13;195;1;land;false;plains;6
4633;24;236;1;land;false;plains;6
4634;22;226;1;land;false;plains;6
4635;5;176;1;land;false;plains;6
4636;19;209;1;land;false;hills;6
4637;13;181;1;land;false;plains;6
4638;43;222;1;land;false;plains;6
4639;23;168;1;land;false;hills;6
4640;19;226;1;land;false;hills;6
4641;41;202;1;land;false;plains;6
4642;1;229;1;land;false;plains;6
4643;29;242;1;land;false;hills;6
4644;28;185;1;land;false;plains;6
4645;50;190;1;land;false;plains;6
4646;14;234;1;land;false;plains;6
4647;5;235;1;land;false;plains;6
4648;28;245;1;land;false;plains;6
4649;14;208;1;land;false;mountain;6
4650;28;166;1;land;false;plains;6
4651;87;193;1;land;false;plains;6
4652;55;194;1;land;false;plains;6
4653;78;219;1;land;false;plains;6
4654;59;250;1;land;false;hills;6
4655;45;229;1;land;false;plains;6
4656;76;250;1;land;false;hills;6
4657;81;229;1;land;false;hills;6
4658;70;220;1;land;false;plains;6
4659;42;221;1;land;false;plains;6
4660;63;246;1;land;false;plains;6
4661;35;252;1;land;false;plains;6
4662;44;191;1;land;false;hills;6
4663;87;199;1;land;false;hills;6
4664;19;194;1;land;false;hills;6
4665;20;235;1;land;false;plains;6
4666;32;207;1;land;false;plains;6
4667;92;218;1;land;false;plains;6
4668;96;210;1;land;false;plains;6
4669;146;155;1;land;false;plains;6
4670;138;190;1;land;false;plains;6
4671;157;148;1;land;false;urban;6
4672;115;133;1;land;false;plains;6
4673;110;168;1;land;false;plains;6
4674;49;82;1;land;true;plains;6
4675;60;89;1;land;false;plains;6
4676;73;63;1;land;true;plains;6
4677;72;47;1;land;true;plains;6
4678;98;56;1;land;true;plains;6
4679;37;86;1;land;true;urban;6
4680;66;52;1;land;false;plains;6
4681;80;36;1;land;true;plains;6
4682;112;84;1;land;true;plains;6
4683;93;26;1;land;true;plains;6
4684;84;54;1;land;false;plains;6
4685;104;88;1;land;true;plains;6
4686;55;77;1;land;true;plains;6
4687;56;20;1;land;true;plains;6
4688;34;81;1;land;true;plains;6
4689;41;86;1;land;true;plains;6
4690;44;71;1;land;true;plains;6
4691;87;14;1;land;false;plains;6
4692;107;33;1;land;true;plains;6
4693;66;59;1;land;true;plains;6
4694;93;72;1;land;true;plains;6
4695;67;68;1;land;false;plains;6
4696;95;51;1;land;true;plains;6
4697;68;60;1;land;false;plains;6
4698;78;45;1;land;true;plains;6
4699;238;27;1;land;false;plains;6
4700;223;28;1;land;false;plains;6
4701;207;34;1;land;false;urban;6
4702;245;29;1;land;false;plains;6
4703;186;0;1;land;false;plains;6
4704;203;49;1;land;false;hills;6
4705;195;23;1;land;false;hills;6
4706;168;47;1;land;false;plains;6
4707;243;19;1;land;false;plains;6
4708;191;47;1;land;false;plains;6
4709;204;32;1;land;false;plains;6
4710;207;6;1;land;false;hills;6
4711;189;12;1;land;false;plains;6
4712;239;28;1;land;false;hills;6
4713;172;36;1;land;false;plains;6
4714;189;35;1;land;false;plains;6
4715;219;13;1;land;false;urban;6
4716;203;27;1;land;false;plains;6
4717;226;0;1;land;false;plains;6
4718;237;42;1;land;false;plains;6
4719;202;5;1;land;false;plains;6
4720;169;19;1;land;false;plains;6
4721;167;30;1;land;false;plains;6
4722;4;233;1;land;false;urban;6
4723;3;236;1;land;false;plains;6
4724;43;241;1;land;false;urban;6
4725;40;208;1;land;true;plains;6
4726;51;242;1;land;false;plains;6
4727;13;169;1;land;false;plains;6
4728;8;170;1;land;true;plains;6
4729;28;194;1;land;true;plains;6
4730;15;175;1;land;false;plains;6
4731;40;186;1;land;false;plains;6
4732;10;191;1;land;false;plains;6
4733;13;217;1;land;false;plains;6
4734;24;238;1;land;true;plains;6
4735;40;185;1;land;false;plains;6
4736;24;178;1;land;false;plains;6
4737;0;176;1;land;true;urban;6
4738;36;232;1;land;false;plains;6
4739;24;179;1;land;true;plains;6
4740;209;143;1;land;true;plains;6
4741;147;149;1;land;false;plains;6
4742;180;182;1;land;false;plains;6
4743;201;177;1;land;false;plains;6
4744;195;160;1;land;false;plains;6
4745;202;191;1;land;true;plains;6
4746;146;172;1;land;true;plains;6
4747;153;138;1;land;true;plains;6
4748;195;182;1;land;false;plains;6
4749;175;171;1;land;false;plains;6
4750;39;43;1;land;false;plains;6
4751;109;42;1;land;false;plains;6
4752;58;85;1;land;false;hills;6
4753;49;42;1;land;false;plains;6
4754;49;93;1;land;false;plains;6
4755;99;38;1;land;false;plains;6
4756;80;53;1;land;false;plains;6
4757;97;54;1;land;false;plains;6
4758;58;15;1;land;false;hills;6
4759;69;59;1;land;false;plains;6
4760;112;61;1;land;false;hills;6
4761;116;31;1;land;false;hills;6
4762;49;22;1;land;false;plains;6
4763;111;72;1;land;false;hills;6
4764;86;82;1;land;false;plains;6
4765;46;16;1;land;false;plains;6
4766;67;24;1;land;false;plains;6
4767;74;54;1;land;false;plains;6
4768;100;26;1;land;false;plains;6
4769;211;12;1;land;false;plains;6
4770;249;11;1;land;false;plains;6
4771;192;48;1;land;false;plains;6
4772;211;50;1;land;false;plains;6
4773;189;13;1;land;false;plains;6
4774;240;18;1;land;false;plains;6
4775;177;1;1;land;true;plains;6
4776;206;43;1;land;true;plains;6
4777;242;48;1;land;false;plains;6
4778;197;33;1;land;false;plains;6
4779;172;38;1;land;false;plains;6
4780;217;17;1;land;false;plains;6
4781;34;99;1;land;false;plains;6
4782;23;128;1;land;false;plains;6
4783;39;104;1;land;false;plains;6
4784;27;136;1;land;false;mountain;6
4785;55;157;1;land;false;plains;6
4786;33;158;1;land;false;plains;6
4787;23;99;1;land;false;plains;6
4788;30;135;1;land;false;plains;6
4789;7;151;1;land;false;plains;6
4790;54;149;1;land;false;plains;6
4791;6;145;1;land;false;urban;6
4792;28;154;1;land;false;hills;6
4793;52;152;1;land;false;mountain;6
4794;7;134;1;land;false;plains;6
4795;2;158;1;land;false;plains;6
4796;26;90;1;land;false;plains;6
4797;42;159;1;land;false;mountain;6
4798;51;94;1;land;false;plains;6
4799;26;97;1;land;false;plains;6
4800;46;125;1;land;false;hills;6
4801;151;7;1;land;true;plains;6
4802;165;12;1;land;false;plains;6
4803;148;0;1;land;false;plains;6
4804;156;9;1;land;true;plains;6
4805;179;13;1;land;false;plains;6
4806;196;9;1;land;false;plains;6
4807;208;24;1;land;false;plains;6
4808;141;3;1;land;false;plains;6
4809;148;18;1;land;true;plains;6
4810;204;6;1;land;false;plains;6
4811;140;0;1;land;true;plains;6
4812;140;22;1;land;true;plains;6
4813;168;32;1;land;true;plains;6
4814;171;10;1;land;false;plains;6
4815;134;37;1;land;false;plains;6
4816;148;21;1;land;true;plains;6
4817;198;34;1;land;false;plains;6
4818;147;33;1;land;true;plains;6
4819;149;22;1;land;false;plains;6
4820;150;13;1;land;true;plains;6
4821;235;0;1;land;false;urban;6
4822;219;34;1;land;false;plains;6
4823;181;24;1;land;false;plains;6
4824;223;44;1;land;false;plains;6
4825;224;24;1;land;false;plains;6
4826;213;14;1;land;true;plains;6
4827;181;29;1;land;true;plains;6
4828;176;21;1;land;true;plains;6
4829;184;1;1;land;true;plains;6
4830;205;10;1;land;false;plains;6
4831;12;207;1;land;false;plains;6
4832;22;242;1;land;false;plains;6
4833;60;192;1;land;false;plains;6
4834;73;177;1;land;false;plains;6
4835;20;243;1;land;false;plains;6
4836;74;192;1;land;false;plains;6
4837;32;180;1;land;false;plains;6
4838;146;156;1;land;false;plains;6
4839;187;184;1;land;false;plains;6
4840;201;207;1;land;true;plains;6
4841;187;203;1;land;false;plains;6
4842;198;163;1;land;false;plains;6
4843;181;152;1;land;false;plains;6
4844;141;136;1;land;false;plains;6
4845;167;171;1;land;false;plains;6
4846;162;186;1;land;true;plains;6
4847;130;186;1;land;false;plains;6
4848;165;163;1;land;true;plains;6
4849;153;128;1;land;true;plains;6
4850;132;202;1;land;false;plains;6
4851;146;128;1;land;false;plains;6
4852;163;177;1;land;false;plains;6
4853;191;161;1;land;true;plains;6
4854;243;201;1;land;false;plains;6
4855;209;151;1;land;false;plains;6
4856;221;151;1;land;false;hills;6
4857;221;168;1;land;false;mountain;6
4858;189;209;1;land;false;hills;6
4859;178;220;1;land;false;plains;6
4860;215;177;1;land;false;plains;6
4861;231;193;1;land;false;plains;6
4862;200;167;1;land;false;hills;6
4863;186;173;1;land;false;plains;6
4864;206;147;1;land;false;plains;6
4865;242;211;1;land;false;hills;6
4866;204;191;1;land;false;plains;6
4867;225;207;1;land;false;plains;6
4868;234;160;1;land;false;plains;6
4869;217;172;1;land;false;hills;6
4870;232;213;1;land;false;plains;6
4871;173;161;1;land;false;plains;6
4872;173;196;1;land;false;plains;6
4873;177;168;1;land;false;mountain;6
4874;171;163;1;land;false;plains;6
4875;171;188;1;land;false;hills;6
4876;199;177;1;land;false;plains;6
4877;213;146;1;land;false;plains;6
4878;175;217;1;land;false;mountain;6
4879;204;218;1;land;false;plains;6
4880;208;184;1;land;false;hills;6
4881;237;211;1;land;false;plains;6
4882;211;156;1;land;false;plains;6
4883;192;146;1;land;false;plains;6
4884;170;177;1;land;false;plains;6
4885;235;166;1;land;false;plains;6
4886;176;196;1;land;false;hills;6
4887;197;147;1;land;false;plains;6
4888;176;179;1;land;false;hills;6
4889;223;150;1;land;false;plains;6
4890;231;208;1;land;false;plains;6
4891;187;171;1;land;false;plains;6
4892;222;189;1;land;false;plains;6
4893;186;197;1;land;false;plains;6
4894;177;153;1;land;false;hills;6
4895;178;190;1;land;false;plains;6
4896;225;142;1;land;false;plains;6
4897;179;192;1;land;false;mountain;6
4898;220;206;1;land;false;urban;6
4899;196;179;1;land;false;plains;6
4900;221;160;1;land;false;plains;6
4901;17;148;1;land;false;plains;6
4902;9;86;1;land;false;plains;6
4903;44;135;1;land;false;plains;6
4904;8;98;1;land;false;plains;6
4905;40;145;1;land;false;plains;6
4906;49;127;1;land;false;plains;6
4907;17;142;1;land;false;plains;6
4908;4;130;1;land;false;plains;6
4909;6;85;1;land;false;plains;6
4910;22;104;1;land;false;urban;6
4911;22;122;1;land;false;plains;6
4912;18;138;1;land;false;plains;6
4913;52;126;1;land;false;plains;6
4914;50;138;1;land;false;plains;6
4915;39;155;1;land;false;hills;6
4916;16;148;1;land;false;plains;6
4917;41;144;1;land;false;plains;6
4918;17;144;1;land;false;plains;6
4919;50;79;1;land;false;plains;6
4920;43;145;1;land;false;plains;6
4921;41;117;1;land;false;plains;6
4922;9;148;1;land;false;plains;6
4923;36;97;1;land;false;plains;6
4924;48;110;1;land;false;plains;6
4925;48;126;1;land;false;plains;6
4926;40;136;1;land;false;plains;6
4927;4;96;1;land;false;plains;6
4928;14;97;1;land;false;plains;6
4929;12;125;1;land;false;plains;6
4930;0;152;1;land;false;plains;6
4931;4;133;1;land;false;plains;6
4932;55;120;1;land;false;plains;6
4933;13;114;1;land;false;plains;6
4934;48;140;1;land;false;plains;6
4935;9;151;1;land;false;plains;6
4936;26;81;1;land;false;plains;6
4937;48;216;1;land;false;plains;6
4938;55;231;1;land;false;plains;6
4939;112;191;1;land;false;plains;6
4940;121;193;1;land;false;plains;6
4941;110;229;1;land;false;plains;6
4942;103;192;1;land;false;plains;6
4943;113;244;1;land;false;plains;6
4944;112;252;1;land;false;plains;6
4945;98;195;1;land;false;plains;6
4946;48;252;1;land;false;plains;6
4947;109;185;1;land;false;hills;6
4948;79;231;1;land;false;plains;6
4949;69;202;1;land;false;hills;6
4950;109;191;1;land;false;plains;6
4951;65;228;1;land;false;plains;6
4952;81;203;1;land;false;plains;6
4953;90;212;1;land;false;plains;6
4954;70;212;1;land;false;plains;6
4955;57;234;1;land;false;plains;6
4956;55;234;1;land;false;plains;6
4957;79;190;1;land;false;plains;6
4958;118;194;1;land;false;plains;6
4959;71;219;1;land;false;plains;6
4960;67;230;1;land;false;plains;6
4961;64;244;1;land;false;plains;6
4962;115;234;1;land;false;plains;6
4963;70;210;1;land;false;plains;6
4964;87;238;1;land;false;plains;6
4965;73;227;1;land;false;plains;6
4966;115;192;1;land;false;hills;6
4967;76;217;1;land;false;hills;6
4968;56;250;1;land;false;plains;6
4969;188;127;1;land;false;plains;6
4970;157;61;1;land;false;plains;6
4971;170;92;1;land;false;plains;6
4972;194;83;1;land;false;plains;6
4973;176;129;1;land;false;plains;6
4974;204;85;1;land;false;plains;6
4975;155;65;1;land;false;plains;6
4976;162;128;1;land;false;plains;6
4977;184;114;1;land;false;plains;6
4978;212;114;1;land;false;plains;6
4979;161;74;1;land;false;plains;6
4980;188;91;1;land;false;plains;6
4981;199;88;1;land;false;plains;6
4982;181;100;1;land;false;plains;6
4983;156;94;1;land;false;plains;6
4984;234;45;1;land;false;plains;6
4985;254;41;1;land;true;plains;6
4986;232;20;1;land;false;plains;6
4987;233;28;1;land;true;urban;6
4988;224;51;1;land;false;plains;6
4989;242;50;1;land;false;plains;6
4990;233;8;1;land;false;plains;6
4991;23;177;1;land;false;plains;6
4992;20;117;1;land;false;plains;6
4993;1;134;1;land;false;plains;6
4994;43;129;1;land;false;plains;6
4995;16;123;1;land;false;plains;6
4996;9;46;1;land;false;hills;6
4997;43;62;1;land;false;plains;6
4998;37;71;1;land;false;hills;6
4999;59;62;1;land;false;hills;6
5000;25;1;1;land;false;plains;6
5001;19;21;1;land;false;plains;6
5002;66;44;1;land;false;hills;6
5003;53;43;1;land;false;plains;6
5004;25;7;1;land;false;hills;6
5005;62;70;1;land;false;plains;6
5006;2;7;1;land;false;plains;6
5007;8;29;1;land;false;mountain;6
5008;60;39;1;land;false;plains;6
5009;19;35;1;land;false;plains;6
5010;4;26;1;land;false;plains;6
5011;3;92;1;land;false;plains;6
5012;50;24;1;land;false;plains;6
5013;13;72;1;land;false;plains;6
5014;4;53;1;land;false;plains;6
5015;18;63;1;land;false;hills;6
5016;33;58;1;land;false;plains;6
5017;30;86;1;land;false;plains;6
5018;135;141;1;land;false;plains;6
5019;99;133;1;land;false;plains;6
5020;115;123;1;land;false;plains;6
5021;141;108;1;land;false;plains;6
5022;90;168;1;land;false;plains;6
5023;144;161;1;land;false;plains;6
5024;21;207;1;land;false;plains;6
5025;25;245;1;land;false;plains;6
5026;49;235;1;land;false;plains;6
5027;63;221;1;land;true;plains;6
5028;63;250;1;land;false;plains;6
5029;48;235;1;land;false;plains;6
5030;5;225;1;land;false;plains;6
5031;5;233;1;land;false;plains;6
5032;74;207;1;land;true;plains;6
5033;62;229;1;land;false;plains;6
5034;47;223;1;land;false;plains;6
5035;19;247;1;land;false;urban;6
5036;76;204;1;land;false;plains;6
5037;29;225;1;land;false;plains;6
5038;16;232;1;land;false;plains;6
5039;150;165;1;land;false;plains;6
5040;197;205;1;land;false;plains;6
5041;175;157;1;land;false;hills;6
5042;186;231;1;land;false;hills;6
5043;189;222;1;land;false;plains;6
5044;179;204;1;land;false;plains;6
5045;167;219;1;land;false;plains;6
5046;134;102;1;land;false;plains;6
5047;147;42;1;land;false;plains;6
5048;125;99;1;land;false;plains;6
5049;127;23;1;land;false;plains;6
5050;133;48;1;land;false;plains;6
5051;136;201;1;land;false;plains;6
5052;155;216;1;land;true;plains;6
5053;193;216;1;land;false;plains;6
5054;125;148;1;land;true;plains;6
5055;142;181;1;land;false;plains;6
5056;149;198;1;land;false;plains;6
5057;131;158;1;land;false;plains;6
5058;124;175;1;land;false;plains;6
5059;196;167;1;land;false;plains;6
5060;71;82;1;land;false;plains;6
5061;106;68;1;land;false;mountain;6
5062;49;15;1;land;false;plains;6
5063;58;53;1;land;false;hills;6
5064;82;49;1;land;false;plains;6
5065;60;53;1;land;false;plains;6
5066;59;81;1;land;false;hills;6
5067;103;36;1;land;false;hills;6
5068;96;98;1;land;false;plains;6
5069;135;113;1;land;false;plains;6
5070;108;75;1;land;false;hills;6
5071;142;96;1;land;false;plains;6
5072;102;77;1;land;false;plains;6
5073;122;86;1;land;false;hills;6
5074;140;130;1;land;false;plains;6
5075;137;102;1;land;false;hills;6
5076;146;84;1;land;false;urban;6
5077;150;87;1;land;false;hills;6
5078;146;131;1;land;false;hills;6
5079;94;120;1;land;false;plains;6
5080;101;75;1;land;false;plains;6
5081;143;73;1;land;false;plains;6
5082;180;84;1;land;false;plains;6
5083;177;100;1;land;false;plains;6
5084;189;120;1;land;false;mountain;6
5085;174;104;1;land;false;plains;6
5086;203;115;1;land;false;hills;6
5087;142;133;1;land;false;hills;6
5088;195;138;1;land;false;plains;6
5089;136;121;1;land;false;hills;6
5090;123;0;1;land;false;plains;6
5091;105;9;1;land;false;plains;6
5092;150;35;1;land;true;plains;6
5093;142;24;1;land;false;plains;6
5094;114;32;1;land;false;plains;6
5095;51;100;1;land;false;hills;6
5096;23;150;1;land;false;mountain;6
5097;18;99;1;land;false;hills;6
5098;5;128;1;land;false;plains;6
5099;47;94;1;land;false;hills;6
5100;15;120;1;land;false;plains;6
5101;49;119;1;land;false;plains;6
5102;18;100;1;land;false;hills;6
5103;39;105;1;land;false;hills;6
5104;44;132;1;land;false;plains;6
5105;4;88;1;land;false;hills;6
5106;44;122;1;land;false;plains;6
5107;40;222;1;land;false;plains;6
5108;73;219;1;land;false;plains;6
5109;81;241;1;land;false;plains;6
5110;237;176;1;land;false;hills;6
5111;229;205;1;land;false;plains;6
5112;199;174;1;land;false;hills;6
5113;205;241;1;land;false;hills;6
5114;215;184;1;land;false;hills;6
5115;253;232;1;land;false;plains;6
5116;252;221;1;land;false;hills;6
5117;244;238;1;land;false;plains;6
5118;249;235;1;land;false;hills;6
5119;230;230;1;land;false;hills;6
5120;241;187;1;land;false;plains;6
5121;237;198;1;land;false;plains;6
5122;239;232;1;land;false;plains;6
5123;209;223;1;land;false;mountain;6
5124;191;219;1;land;false;hills;6
5125;224;237;1;land;false;plains;6
5126;202;177;1;land;false;hills;6
5127;200;212;1;land;false;hills;6
5128;230;247;1;land;false;hills;6
5129;128;63;1;land;false;urban;6
5130;70;63;1;land;false;plains;6
5131;121;40;1;land;false;plains;6
5132;70;52;1;land;false;urban;6
5133;118;88;1;land;false;plains;6
5134;66;90;1;land;false;plains;6
5135;82;72;1;land;false;plains;6
5136;75;52;1;land;false;plains;6
5137;114;31;1;land;false;plains;6
5138;105;40;1;land;false;plains;6
5139;134;88;1;land;false;plains;6
5140;120;31;1;land;false;urban;6
5141;133;39;1;land;false;plains;6
5142;123;19;1;land;false;plains;6
5143;103;51;1;land;false;plains;6
5144;73;26;1;land;false;plains;6
5145;244;21;1;land;false;hills;6
5146;229;8;1;land;false;plains;6
5147;232;6;1;land;false;plains;6
5148;207;16;1;land;false;plains;6
5149;193;31;1;land;false;hills;6
5150;239;44;1;land;false;hills;6
5151;201;2;1;land;false;plains;6
5152;208;35;1;land;false;plains;6
5153;210;39;1;land;false;mountain;6
5154;197;4;1;land;false;plains;6
5155;199;2;1;land;false;hills;6
5156;236;6;1;land;false;hills;6
5157;193;5;1;land;false;hills;6
5158;248;26;1;land;false;plains;6
5159;212;20;1;land;false;plains;6
5160;23;20;1;land;false;plains;6
5161;23;5;1;land;false;plains;6
5162;31;15;1;land;false;plains;6
5163;37;16;1;land;false;plains;6
5164;41;29;1;land;false;plains;6
5165;10;48;1;land;false;plains;6
5166;45;43;1;land;false;plains;6
5167;15;6;1;land;false;plains;6
5168;17;15;1;land;false;plains;6
5169;24;60;1;land;false;plains;6
5170;53;13;1;land;false;hills;6
5171;54;28;1;land;false;plains;6
5172;40;58;1;land;false;plains;6
5173;50;31;1;land;false;plains;6
5174;20;59;1;land;false;hills;6
5175;27;29;1;land;false;plains;6
5176;8;34;1;land;false;hills;6
5177;8;12;1;land;false;plains;6
5178;41;57;1;land;false;plains;6
5179;27;42;1;land;false;plains;6
5180;54;62;1;land;false;plains;6
5181;0;23;1;land;false;plains;6
5182;52;15;1;land;false;plains;6
5183;48;4;1;land;false;plains;6
5184;22;0;1;land;false;plains;6
5185;44;7;1;land;false;plains;6
5186;9;55;1;land;false;plains;6
5187;4;146;1;land;false;plains;6
5188;51;117;1;land;false;plains;6
5189;22;150;1;land;false;plains;6
5190;56;103;1;land;false;plains;6
5191;60;124;1;land;false;plains;6
5192;52;104;1;land;false;plains;6
5193;44;175;1;land;false;plains;6
5194;49;175;1;land;false;plains;6
5195;43;127;1;land;false;plains;6
5196;24;104;1;land;false;plains;6
5197;59;170;1;land;false;plains;6
5198;31;134;1;land;false;plains;6
5199;29;134;1;land;false;plains;6
5200;38;166;1;land;false;plains;6
5201;47;179;1;land;false;plains;6
5202;59;132;1;land;false;plains;6
5203;61;154;1;land;false;plains;6
5204;39;128;1;land;false;plains;6
5205;19;110;1;land;false;plains;6
5206;9;169;1;land;false;urban;6
5207;32;112;1;land;false;plains;6
5208;39;139;1;land;true;plains;6
5209;54;103;1;land;false;plains;6
5210;14;150;1;land;false;plains;6
5211;16;98;1;land;false;jungle;6
5212;54;75;1;land;false;jungle;6
5213;15;61;1;land;false;jungle;6
5214;74;99;1;land;false;jungle;6
5215;23;33;1;land;false;jungle;6
5216;51;55;1;land;false;jungle;6
5217;17;93;1;land;false;jungle;6
5218;77;78;1;land;false;jungle;6
5219;111;114;1;land;false;plains;6
5220;132;144;1;land;false;hills;6
5221;137;147;1;land;false;plains;6
5222;113;121;1;land;false;plains;6
5223;159;174;1;land;false;plains;6
5224;150;176;1;land;false;plains;6
5225;158;166;1;land;false;urban;6
5226;101;182;1;land;false;plains;6
5227;104;162;1;land;false;hills;6
5228;130;28;1;land;false;plains;6
5229;160;6;1;land;false;plains;6
5230;145;4;1;land;false;plains;6
5231;137;6;1;land;true;plains;6
5232;166;44;1;land;false;plains;6
5233;155;43;1;land;false;plains;6
5234;116;36;1;land;false;plains;6
5235;137;0;1;land;false;plains;6
5236;112;3;1;land;false;plains;6
5237;100;19;1;land;false;plains;6
5238;161;24;1;land;false;plains;6
5239;166;35;1;land;false;plains;6
5240;144;26;1;land;false;plains;6
5241;155;48;1;land;false;plains;6
5242;148;44;1;land;false;plains;6
5243;105;12;1;land;false;plains;6
5244;155;0;1;land;false;plains;6
5245;103;5;1;land;false;plains;6
5246;135;20;1;land;false;plains;6
5247;170;37;1;land;false;plains;6
5248;153;42;1;land;false;plains;6
5249;140;2;1;land;false;plains;6
5250;146;45;1;land;false;plains;6
5251;149;28;1;land;false;plains;6
5252;122;37;1;land;false;plains;6
5253;161;12;1;land;false;plains;6
5254;158;42;1;land;false;plains;6
5255;160;44;1;land;false;plains;6
5256;100;21;1;land;true;plains;6
5257;119;27;1;land;false;plains;6
5258;152;18;1;land;false;plains;6
5259;172;5;1;land;false;plains;6
5260;168;28;1;land;false;plains;6
5261;154;7;1;land;false;plains;6
5262;145;22;1;land;false;plains;6
5263;108;27;1;land;false;plains;6
5264;175;46;1;land;false;plains;6
5265;109;31;1;land;false;plains;6
5266;124;19;1;land;false;plains;6
5267;141;35;1;land;false;plains;6
5268;127;43;1;land;false;plains;6
5269;122;48;1;land;false;plains;6
5270;120;7;1;land;false;plains;6
5271;109;7;1;land;false;plains;6
5272;121;18;1;land;false;plains;6
5273;179;31;1;land;false;plains;6
5274;115;44;1;land;false;urban;6
5275;175;3;1;land;false;plains;6
5276;179;29;1;land;false;plains;6
5277;102;7;1;land;false;plains;6
5278;153;46;1;land;false;plains;6
5279;139;34;1;land;false;plains;6
5280;101;25;1;land;true;plains;6
5281;149;34;1;land;false;plains;6
5282;151;20;1;land;false;plains;6
5283;175;39;1;land;false;plains;6
5284;118;46;1;land;false;plains;6
5285;170;11;1;land;false;plains;6
5286;153;45;1;land;false;plains;6
5287;193;140;1;land;false;plains;6
5288;144;192;1;land;false;plains;6
5289;132;158;1;land;false;urban;6
5290;159;155;1;land;false;plains;6
5291;154;195;1;land;true;urban;6
5292;158;197;1;land;false;plains;6
5293;80;114;1;land;false;plains;6
5294;72;126;1;land;false;plains;6
5295;68;147;1;land;false;plains;6
5296;64;96;1;land;false;hills;6
5297;52;142;1;land;false;plains;6
5298;12;154;1;land;false;plains;6
5299;76;154;1;land;false;hills;6
5300;43;117;1;land;false;plains;6
5301;48;82;1;land;false;plains;6
5302;25;132;1;land;false;hills;6
5303;66;116;1;land;false;hills;6
5304;82;110;1;land;false;hills;6
5305;76;118;1;land;false;hills;6
5306;83;130;1;land;false;plains;6
5307;14;113;1;land;false;plains;6
5308;68;145;1;land;false;plains;6
5309;56;109;1;land;false;plains;6
5310;60;157;1;land;false;plains;6
5311;82;98;1;land;false;plains;6
5312;64;148;1;land;false;hills;6
5313;70;131;1;land;false;plains;6
5314;9;127;1;land;false;hills;6
5315;15;161;1;land;false;plains;6
5316;75;86;1;land;false;plains;6
5317;116;130;1;land;false;hills;6
5318;146;144;1;land;false;plains;6
5319;91;118;1;land;false;plains;6
5320;139;176;1;land;false;hills;6
5321;76;124;1;land;false;plains;6
5322;89;176;1;land;false;plains;6
5323;113;124;1;land;false;hills;6
5324;97;134;1;land;false;hills;6
5325;86;151;1;land;false;hills;6
5326;111;125;1;land;false;plains;6
5327;212;115;1;land;true;plains;6
5328;213;108;1;land;false;plains;6
5329;253;64;1;land;false;plains;6
5330;251;63;1;land;true;plains;6
5331;252;131;1;land;false;plains;6
5332;232;66;1;land;false;plains;6
5333;216;135;1;land;false;plains;6
5334;242;73;1;land;false;plains;6
5335;241;77;1;land;false;plains;6
5336;252;102;1;land;true;plains;6
5337;232;115;1;land;false;plains;6
5338;237;113;1;land;false;plains;6
5339;210;70;1;land;false;plains;6
5340;238;70;1;land;false;plains;6
5341;214;98;1;land;true;plains;6
5342;209;95;1;land;false;plains;6
5343;254;75;1;land;true;plains;6
5344;227;115;1;land;false;plains;6
5345;237;89;1;land;true;plains;6
5346;250;139;1;land;false;plains;6
5347;252;114;1;land;true;plains;6
5348;226;105;1;land;false;plains;6
5349;211;102;1;land;false;plains;6
5350;21;194;1;land;false;plains;6
5351;72;198;1;land;false;plains;6
5352;72;239;1;land;false;plains;6
5353;159;211;1;land;false;hills;6
5354;192;165;1;land;false;plains;6
5355;164;220;1;land;false;plains;6
5356;147;167;1;land;true;plains;6
5357;158;199;1;land;false;plains;6
5358;190;199;1;land;false;plains;6
5359;160;174;1;land;false;plains;6
5360;165;177;1;land;false;plains;6
5361;152;221;1;land;false;plains;6
5362;175;192;1;land;false;plains;6
5363;206;192;1;land;false;plains;6
5364;170;194;1;land;false;plains;6
5365;149;190;1;land;false;plains;6
5366;176;165;1;land;true;plains;6
5367;164;182;1;land;false;plains;6
5368;138;168;1;land;false;plains;6
5369;197;152;1;land;false;plains;6
5370;168;203;1;land;false;plains;6
5371;180;173;1;land;false;mountain;6
5372;173;216;1;land;false;plains;6
5373;179;190;1;land;false;plains;6
5374;168;155;1;land;false;plains;6
5375;212;153;1;land;false;plains;6
5376;159;206;1;land;false;plains;6
5377;143;186;1;land;false;plains;6
5378;173;211;1;land;false;plains;6
5379;146;139;1;land;false;plains;6
5380;98;204;1;land;false;plains;6
5381;172;179;1;land;false;plains;6
5382;176;144;1;land;false;plains;6
5383;109;148;1;land;false;plains;6
5384;133;164;1;land;false;plains;6
5385;114;175;1;land;false;hills;6
5386;133;213;1;land;false;plains;6
5387;156;182;1;land;false;plains;6
5388;123;148;1;land;false;hills;6
5389;137;141;1;land;false;plains;6
5390;130;153;1;land;false;hills;6
5391;115;208;1;land;false;plains;6
5392;124;225;1;land;false;plains;6
5393;138;211;1;land;false;plains;6
5394;162;234;1;land;false;plains;6
5395;189;91;1;land;false;plains;6
5396;131;101;1;land;false;plains;6
5397;180;61;1;land;false;plains;6
5398;192;111;1;land;false;plains;6
5399;189;138;1;land;false;plains;6
5400;203;237;1;land;false;plains;6
5401;222;228;1;land;false;plains;6
5402;163;214;1;land;false;plains;6
5403;225;232;1;land;false;plains;6
5404;121;81;1;land;false;hills;6
5405;131;50;1;land;false;plains;6
5406;155;89;1;land;false;plains;6
5407;99;78;1;land;false;hills;6
5408;126;107;1;land;false;plains;6
5409;83;111;1;land;false;plains;6
5410;132;82;1;land;false;plains;6
5411;148;97;1;land;false;plains;6
5412;109;62;1;land;false;plains;6
5413;127;70;1;land;false;plains;6
5414;111;110;1;land;false;plains;6
5415;100;55;1;land;false;plains;6
5416;145;110;1;land;false;plains;6
5417;117;62;1;land;false;plains;6
5418;87;65;1;land;false;hills;6
5419;89;68;1;land;false;plains;6
5420;96;58;1;land;false;plains;6
5421;84;85;1;land;false;mountain;6
5422;132;81;1;land;false;plains;6
5423;151;87;1;land;false;plains;6
5424;133;82;1;land;false;plains;6
5425;126;61;1;land;false;hills;6
5426;151;55;1;land;false;plains;6
5427;99;124;1;land;false;plains;6
5428;139;104;1;land;false;plains;6
5429;243;192;1;land;false;plains;6
5430;227;220;1;land;true;plains;6
5431;226;163;1;land;true;plains;6
5432;208;197;1;land;false;plains;6
5433;155;248;1;land;false;plains;6
5434;223;251;1;land;false;mountain;6
5435;156;212;1;land;false;plains;6
5436;197;214;1;land;false;plains;6
5437;212;235;1;land;false;plains;6
5438;219;247;1;land;false;plains;6
5439;208;220;1;land;false;plains;6
5440;164;250;1;land;false;plains;6
5441;168;219;1;land;false;plains;6
5442;243;24;1;land;true;plains;6
5443;173;96;1;land;false;hills;6
5444;195;70;1;land;false;plains;6
5445;158;64;1;land;false;plains;6
5446;147;73;1;land;false;plains;6
5447;162;110;1;land;false;plains;6
5448;188;135;1;land;false;hills;6
5449;131;126;1;land;false;plains;6
5450;139;102;1;land;false;plains;6
5451;168;132;1;land;false;plains;6
5452;173;69;1;land;false;plains;6
5453;173;64;1;land;false;plains;6
5454;67;85;1;land;false;plains;6
5455;17;25;1;land;false;plains;6
5456;54;77;1;land;false;hills;6
5457;46;70;1;land;false;hills;6
5458;45;52;1;land;false;hills;6
5459;30;87;1;land;false;plains;6
5460;20;58;1;land;false;plains;6
5461;49;74;1;land;false;plains;6
5462;76;47;1;land;false;hills;6
5463;33;68;1;land;false;plains;6
5464;60;76;1;land;false;hills;6
5465;71;74;1;land;false;plains;6
5466;61;74;1;land;false;plains;6
5467;12;77;1;land;false;plains;6
5468;26;26;1;land;false;hills;6
5469;28;143;1;land;false;plains;6
5470;33;97;1;land;false;plains;6
5471;49;96;1;land;false;plains;6
5472;24;85;1;land;false;urban;6
5473;28;90;1;land;false;plains;6
5474;77;151;1;land;false;plains;6
5475;71;135;1;land;false;plains;6
5476;65;121;1;land;false;plains;6
5477;72;91;1;land;false;plains;6
5478;41;128;1;land;false;plains;6
5479;36;126;1;land;false;plains;6
5480;52;128;1;land;false;plains;6
5481;37;116;1;land;false;plains;6
5482;73;152;1;land;false;plains;6
5483;24;156;1;land;false;plains;6
5484;74;87;1;land;false;plains;6
5485;63;81;1;land;false;urban;6
5486;51;148;1;land;false;plains;6
5487;110;26;1;land;false;plains;6
5488;180;85;1;land;false;plains;6
5489;171;98;1;land;false;plains;6
5490;116;71;1;land;false;plains;6
5491;157;57;1;land;false;plains;6
5492;165;53;1;land;false;plains;6
5493;120;90;1;land;false;plains;6
5494;148;63;1;land;false;plains;6
5495;122;76;1;land;false;plains;6
5496;147;170;1;land;false;plains;6
5497;141;191;1;land;false;plains;6
5498;164;151;1;land;false;plains;6
5499;192;214;1;land;false;plains;6
5500;141;180;1;land;false;plains;6
5501;164;215;1;land;false;plains;6
5502;180;157;1;land;false;plains;6
5503;182;159;1;land;false;plains;6
5504;136;140;1;land;false;plains;6
5505;167;139;1;land;false;plains;6
5506;125;171;1;land;false;plains;6
5507;106;197;1;land;false;hills;6
5508;161;175;1;land;false;hills;6
5509;141;143;1;land;false;hills;6
5510;121;201;1;land;false;plains;6
5511;151;144;1;land;false;plains;6
5512;127;209;1;land;false;plains;6
5513;141;194;1;land;false;plains;6
5514;122;163;1;land;false;hills;6
5515;155;211;1;land;false;plains;6
5516;123;140;1;land;false;plains;6
5517;174;211;1;land;false;plains;6
5518;178;100;1;land;false;plains;6
5519;135;74;1;land;true;plains;6
5520;165;107;1;land;false;plains;6
5521;192;103;1;land;false;plains;6
5522;144;98;1;land;false;plains;6
5523;141;100;1;land;false;plains;6
5524;170;48;1;land;false;plains;6
5525;153;54;1;land;true;plains;6
5526;151;59;1;land;false;plains;6
5527;189;77;1;land;true;plains;6
5528;150;64;1;land;true;plains;6
5529;193;36;1;land;false;plains;6
5530;207;63;1;land;false;plains;6
5531;177;92;1;land;false;plains;6
5532;37;7;1;land;false;plains;6
5533;81;23;1;land;false;plains;6
5534;12;28;1;land;false;plains;6
5535;38;43;1;land;false;urban;6
5536;64;50;1;land;false;plains;6
5537;53;56;1;land;false;plains;6
5538;14;39;1;land;false;plains;6
5539;83;71;1;land;false;plains;6
5540;32;42;1;land;false;plains;6
5541;22;6;1;land;false;plains;6
5542;90;39;1;land;false;plains;6
5543;40;55;1;land;false;plains;6
5544;87;57;1;land;false;plains;6
5545;15;35;1;land;false;plains;6
5546;62;29;1;land;false;plains;6
5547;87;31;1;land;false;plains;6
5548;76;69;1;land;false;plains;6
5549;15;20;1;land;false;plains;6
5550;94;161;1;land;false;plains;6
5551;105;183;1;land;true;plains;6
5552;118;175;1;land;true;plains;6
5553;90;147;1;land;false;plains;6
5554;113;194;1;land;false;plains;6
5555;84;133;1;land;false;plains;6
5556;128;194;1;land;false;plains;6
5557;79;174;1;land;false;plains;6
5558;7;122;1;land;false;plains;6
5559;49;160;1;land;true;plains;6
5560;15;94;1;land;false;plains;6
5561;27;155;1;land;true;plains;6
5562;3;94;1;land;false;plains;6
5563;50;115;1;land;true;plains;6
5564;35;134;1;land;false;plains;6
5565;45;120;1;land;false;plains;6
5566;2;113;1;land;false;plains;6
5567;221;155;1;land;false;plains;6
5568;235;215;1;land;false;plains;6
5569;254;194;1;land;false;plains;6
5570;251;192;1;land;false;plains;6
5571;228;169;1;land;false;plains;6
5572;198;170;1;land;false;plains;6
5573;197;195;1;land;false;plains;6
5574;132;121;1;land;false;plains;6
5575;183;177;1;land;false;plains;6
5576;167;142;1;land;false;plains;6
5577;128;131;1;land;false;plains;6
5578;218;249;1;land;false;plains;6
5579;252;184;1;land;false;plains;6
5580;241;181;1;land;false;plains;6
5581;226;197;1;land;false;plains;6
5582;249;225;1;land;false;plains;6
5583;249;252;1;land;false;plains;6
5584;216;175;1;land;false;plains;6
5585;251;249;1;land;false;plains;6
5586;243;182;1;land;false;plains;6
5587;236;221;1;land;false;urban;6
5588;237;181;1;land;false;plains;6
5589;226;210;1;land;false;plains;6
5590;37;145;1;land;false;plains;6
5591;40;142;1;land;false;plains;6
5592;3;77;1;land;false;plains;6
5593;21;131;1;land;true;plains;6
5594;59;117;1;land;false;plains;6
5595;46;132;1;land;false;plains;6
5596;6;73;1;land;true;plains;6
5597;20;70;1;land;false;urban;6
5598;185;86;1;land;false;plains;6
5599;194;106;1;land;false;hills;6
5600;154;96;1;land;false;mountain;6
5601;165;97;1;land;false;hills;6
5602;153;98;1;land;false;plains;6
5603;144;78;1;land;false;mountain;6
5604;131;31;1;land;false;mountain;6
5605;147;80;1;land;false;hills;6
5606;163;31;1;land;false;hills;6
5607;158;93;1;land;false;plains;6
5608;128;78;1;land;false;plains;6
5609;132;83;1;land;false;hills;6
5610;200;63;1;land;false;hills;6
5611;197;100;1;land;false;plains;6
5612;138;70;1;land;false;hills;6
5613;176;91;1;land;false;hills;6
5614;198;66;1;land;false;plains;6
5615;158;89;1;land;false;mountain;6
5616;189;31;1;land;false;plains;6
5617;139;42;1;land;false;hills;6
5618;169;50;1;land;false;plains;6
5619;58;79;1;land;false;plains;6
5620;41;68;1;land;false;hills;6
5621;41;53;1;land;false;hills;6
5622;84;7;1;land;false;mountain;6
5623;67;80;1;land;false;plains;6
5624;42;27;1;land;false;plains;6
5625;61;39;1;land;false;hills;6
5626;85;80;1;land;false;hills;6
5627;80;43;1;land;false;hills;6
5628;88;68;1;land;false;mountain;6
5629;64;30;1;land;false;plains;6
5630;103;52;1;land;false;plains;6
5631;116;22;1;land;false;hills;6
5632;91;16;1;land;false;plains;6
5633;85;71;1;land;false;hills;6
5634;89;20;1;land;false;hills;6
5635;42;71;1;land;false;plains;6
5636;47;37;1;land;false;plains;6
5637;47;28;1;land;false;plains;6
5638;34;57;1;land;false;plains;6
5639;79;62;1;land;false;plains;6
5640;66;34;1;land;false;plains;6
5641;61;42;1;land;false;urban;6
5642;46;42;1;land;false;plains;6
5643;96;60;1;land;false;plains;6
5644;102;40;1;land;false;plains;6
5645;75;80;1;land;false;plains;6
5646;107;101;1;land;false;plains;6
5647;56;41;1;land;false;plains;6
5648;74;60;1;land;false;plains;6
5649;107;30;1;land;false;plains;6
5650;33;57;1;land;false;plains;6
5651;34;53;1;land;false;plains;6
5652;52;89;1;land;false;plains;6
5653;38;69;1;land;false;plains;6
5654;46;67;1;land;false;plains;6
5655;71;34;1;land;false;plains;6
5656;60;59;1;land;false;plains;6
5657;55;94;1;land;false;plains;6
5658;98;79;1;land;false;plains;6
5659;42;67;1;land;false;plains;6
5660;57;191;1;land;false;plains;6
5661;52;192;1;land;false;plains;6
5662;56;154;1;land;false;plains;6
5663;10;211;1;land;false;plains;6
5664;18;209;1;land;false;plains;6
5665;6;221;1;land;false;plains;6
5666;54;196;1;land;false;plains;6
5667;39;168;1;land;false;plains;6
5668;30;176;1;land;false;plains;6
5669;3;228;1;land;false;plains;6
5670;19;200;1;land;false;plains;6
5671;20;175;1;land;false;plains;6
5672;13;155;1;land;false;urban;6
5673;43;181;1;land;false;plains;6
5674;171;113;1;land;false;plains;6
5675;158;122;1;land;false;plains;6
5676;188;145;1;land;false;plains;6
5677;138;183;1;land;true;plains;6
5678;177;176;1;land;false;plains;6
5679;161;184;1;land;true;plains;6
5680;143;141;1;land;false;urban;6
5681;161;115;1;land;false;urban;6
5682;183;167;1;land;false;plains;6
5683;202;158;1;land;false;plains;6
5684;171;143;1;land;false;jungle;6
5685;160;140;1;land;true;jungle;6
5686;125;156;1;land;false;jungle;6
5687;152;159;1;land;false;jungle;6
5688;123;183;1;land;true;jungle;6
5689;120;140;1;land;false;jungle;6
5690;157;162;1;land;false;jungle;6
5691;179;130;1;land;false;jungle;6
5692;139;182;1;land;true;jungle;6
5693;152;154;1;land;true;jungle;6
5694;120;154;1;land;false;jungle;6
5695;105;126;1;land;false;jungle;6
5696;155;173;1;land;false;jungle;6
5697;135;133;1;land;false;jungle;6
5698;164;162;1;land;true;jungle;6
5699;156;145;1;land;false;jungle;6
5700;115;127;1;land;false;jungle;6
5701;100;134;1;land;true;jungle;6
5702;144;120;1;land;false;jungle;6
5703;128;114;1;land;false;jungle;6
5704;177;124;1;land;false;jungle;6
5705;118;140;1;land;false;jungle;6
5706;159;168;1;land;false;jungle;6
5707;147;120;1;land;false;jungle;6
5708;162;133;1;land;true;jungle;6
5709;101;150;1;land;true;jungle;6
5710;132;119;1;land;true;jungle;6
5711;43;78;1;land;false;plains;6
5712;40;96;1;land;false;plains;6
5713;44;79;1;land;false;plains;6
5714;60;153;1;land;false;plains;6
5715;84;126;1;land;false;plains;6
5716;97;78;1;land;false;plains;6
5717;89;107;1;land;false;plains;6
5718;44;128;1;land;true;plains;6
5719;30;84;1;land;false;plains;6
5720;20;155;1;land;false;plains;6
5721;49;128;1;land;false;plains;6
5722;92;93;1;land;false;urban;6
5723;90;141;1;land;false;urban;6
5724;147;137;1;land;false;plains;6
5725;95;187;1;land;false;plains;6
5726;121;139;1;land;false;plains;6
5727;101;169;1;land;false;plains;6
5728;114;185;1;land;false;plains;6
5729;138;171;1;land;false;plains;6
5730;80;132;1;land;false;plains;6
5731;138;135;1;land;false;plains;6
5732;99;148;1;land;false;plains;6
5733;90;158;1;land;false;urban;6
5734;153;142;1;land;false;plains;6
5735;150;145;1;land;false;plains;6
5736;115;172;1;land;false;plains;6
5737;151;152;1;land;false;plains;6
5738;139;180;1;land;false;urban;6
5739;129;155;1;land;false;plains;6
5740;145;129;1;land;false;plains;6
5741;149;194;1;land;false;plains;6
5742;117;189;1;land;false;plains;6
5743;102;145;1;land;false;plains;6
5744;177;10;1;land;false;plains;6
5745;231;10;1;land;false;plains;6
5746;174;35;1;land;false;hills;6
5747;224;7;1;land;false;plains;6
5748;173;18;1;land;false;mountain;6
5749;217;23;1;land;false;mountain;6
5750;252;17;1;land;false;plains;6
5751;207;15;1;land;false;hills;6
5752;193;4;1;land;false;plains;6
5753;246;130;1;land;false;plains;6
5754;194;129;1;land;false;plains;6
5755;199;141;1;land;false;plains;6
5756;217;102;1;land;false;plains;6
5757;235;87;1;land;false;plains;6
5758;224;141;1;land;false;plains;6
5759;201;133;1;land;false;plains;6
5760;192;93;1;land;false;plains;6
5761;225;106;1;land;false;plains;6
5762;239;155;1;land;false;plains;6
5763;212;127;1;land;false;plains;6
5764;94;221;1;land;false;plains;6
5765;111;245;1;land;false;plains;6
5766;99;197;1;land;false;plains;6
5767;99;222;1;land;true;plains;6
5768;134;221;1;land;true;plains;6
5769;119;217;1;land;true;plains;6
5770;113;238;1;land;false;plains;6
5771;99;244;1;land;false;plains;6
5772;162;225;1;land;false;plains;6
5773;112;251;1;land;false;plains;6
5774;146;195;1;land;true;plains;6
5775;169;251;1;land;false;plains;6
5776;140;211;1;land;false;plains;6
5777;101;213;1;land;false;plains;6
5778;111;188;1;land;false;plains;6
5779;23;18;1;land;true;plains;6
5780;47;86;1;land;false;plains;6
5781;13;22;1;land;false;plains;6
5782;54;25;1;land;false;plains;6
5783;4;71;1;land;false;plains;6
5784;46;17;1;land;false;plains;6
5785;57;83;1;land;true;plains;6
5786;30;75;1;land;true;plains;6
5787;25;15;1;land;false;plains;6
5788;22;81;1;land;false;hills;6
5789;80;92;1;land;false;plains;6
5790;77;39;1;land;false;plains;6
5791;77;55;1;land;false;plains;6
5792;94;42;1;land;false;plains;6
5793;55;47;1;land;false;plains;6
5794;237;140;1;land;false;plains;6
5795;231;140;1;land;false;plains;6
5796;191;146;1;land;false;plains;6
5797;241;151;1;land;false;hills;6
5798;215;169;1;land;false;plains;6
5799;232;204;1;land;false;hills;6
5800;184;180;1;land;false;hills;6
5801;218;148;1;land;false;plains;6
5802;226;134;1;land;false;hills;6
5803;209;211;1;land;false;hills;6
5804;204;195;1;land;false;plains;6
5805;233;163;1;land;false;plains;6
5806;247;209;1;land;false;plains;6
5807;219;147;1;land;false;hills;6
5808;195;173;1;land;false;hills;6
5809;202;195;1;land;false;plains;6
5810;252;176;1;land;false;plains;6
5811;225;162;1;land;false;plains;6
5812;244;202;1;land;false;plains;6
5813;225;151;1;land;false;hills;6
5814;251;190;1;land;false;plains;6
5815;184;144;1;land;false;plains;6
5816;230;169;1;land;false;hills;6
5817;187;165;1;land;false;plains;6
5818;220;144;1;land;false;plains;6
5819;194;150;1;land;false;plains;6
5820;210;100;1;land;false;mountain;6
5821;200;88;1;land;false;plains;6
5822;187;95;1;land;false;mountain;6
5823;200;82;1;land;false;plains;6
5824;151;139;1;land;false;hills;6
5825;136;110;1;land;false;plains;6
5826;160;94;1;land;false;plains;6
5827;214;102;1;land;false;hills;6
5828;195;120;1;land;false;hills;6
5829;194;101;1;land;false;hills;6
5830;154;93;1;land;false;hills;6
5831;212;128;1;land;false;plains;6
5832;207;121;1;land;false;hills;6
5833;190;135;1;land;false;plains;6
5834;215;93;1;land;false;plains;6
5835;202;144;1;land;false;hills;6
5836;137;99;1;land;false;hills;6
5837;174;90;1;land;false;hills;6
5838;173;103;1;land;false;hills;6
5839;187;121;1;land;false;mountain;6
5840;203;94;1;land;false;plains;6
5841;158;148;1;land;false;plains;6
5842;150;142;1;land;false;plains;6
5843;171;156;1;land;false;plains;6
5844;180;156;1;land;false;plains;6
5845;172;110;1;land;false;hills;6
5846;198;86;1;land;false;hills;6
5847;197;123;1;land;false;hills;6
5848;199;93;1;land;false;plains;6
5849;158;135;1;land;false;hills;6
5850;200;154;1;land;false;plains;6
5851;198;85;1;land;false;hills;6
5852;136;106;1;land;false;hills;6
5853;179;154;1;land;false;hills;6
5854;215;102;1;land;false;plains;6
5855;194;93;1;land;false;plains;6
5856;189;111;1;land;false;plains;6
5857;147;116;1;land;false;plains;6
5858;166;179;1;land;false;jungle;6
5859;128;183;1;land;true;jungle;6
5860;135;212;1;land;true;jungle;6
5861;188;178;1;land;false;jungle;6
5862;172;230;1;land;false;jungle;6
5863;130;213;1;land;false;jungle;6
5864;168;222;1;land;false;jungle;6
5865;172;222;1;land;true;jungle;6
5866;170;170;1;land;false;jungle;6
5867;137;225;1;land;true;jungle;6
5868;160;184;1;land;false;jungle;6
5869;159;212;1;land;false;jungle;6
5870;152;165;1;land;false;jungle;6
5871;147;225;1;land;true;jungle;6
5872;181;195;1;land;false;jungle;6
5873;145;170;1;land;false;jungle;6
5874;183;198;1;land;false;jungle;6
5875;141;239;1;land;true;jungle;6
5876;193;180;1;land;true;jungle;6
5877;198;183;1;land;false;jungle;6
5878;97;98;1;land;false;plains;6
5879;122;99;1;land;false;plains;6
5880;152;127;1;land;true;plains;6
5881;136;117;1;land;false;plains;6
5882;133;234;1;land;false;hills;6
5883;167;189;1;land;false;plains;6
5884;172;171;1;land;false;plains;6
5885;155;209;1;land;false;plains;6
5886;148;174;1;land;false;plains;6
5887;172;172;1;land;false;plains;6
5888;153;243;1;land;false;hills;6
5889;134;211;1;land;false;plains;6
5890;178;228;1;land;false;mountain;6
5891;170;179;1;land;false;plains;6
5892;155;225;1;land;false;plains;6
5893;142;229;1;land;false;plains;6
5894;188;238;1;land;false;plains;6
5895;159;165;1;land;false;plains;6
5896;172;226;1;land;false;plains;6
5897;180;184;1;land;false;plains;6
5898;199;191;1;land;false;hills;6
5899;126;210;1;land;false;hills;6
5900;176;183;1;land;false;mountain;6
5901;187;186;1;land;false;plains;6
5902;151;235;1;land;false;plains;6
5903;158;230;1;land;false;plains;6
5904;176;177;1;land;false;hills;6
5905;158;228;1;land;false;plains;6
5906;171;200;1;land;false;plains;6
5907;150;185;1;land;false;plains;6
5908;157;210;1;land;false;hills;6
5909;177;188;1;land;false;plains;6
5910;17;89;1;land;false;plains;6
5911;13;37;1;land;false;plains;6
5912;40;42;1;land;false;plains;6
5913;15;81;1;land;false;plains;6
5914;13;85;1;land;false;plains;6
5915;1;100;1;land;false;plains;6
5916;0;27;1;land;false;urban;6
5917;11;62;1;land;false;plains;6
5918;41;87;1;land;false;plains;6
5919;18;58;1;land;false;plains;6
5920;42;31;1;land;false;plains;6
5921;23;76;1;land;false;plains;6
5922;4;60;1;land;false;plains;6
5923;204;51;1;land;false;hills;6
5924;159;28;1;land;false;plains;6
5925;163;2;1;land;false;hills;6
5926;150;28;1;land;false;hills;6
5927;192;62;1;land;false;plains;6
5928;166;50;1;land;false;plains;6
5929;208;14;1;land;false;mountain;6
5930;178;72;1;land;false;hills;6
5931;195;17;1;land;false;plains;6
5932;172;30;1;land;false;plains;6
5933;173;63;1;land;false;hills;6
5934;119;7;1;land;true;plains;6
5935;75;23;1;land;false;urban;6
5936;110;3;1;land;false;plains;6
5937;7;200;1;land;false;plains;6
5938;15;228;1;land;false;plains;6
5939;50;208;1;land;false;plains;6
5940;19;202;1;land;false;plains;6
5941;1;247;1;land;false;plains;6
5942;10;233;1;land;false;plains;6
5943;24;228;1;land;false;plains;6
5944;2;211;1;land;false;plains;6
5945;150;109;1;land;false;plains;6
5946;93;113;1;land;false;plains;6
5947;117;80;1;land;false;plains;6
5948;151;111;1;land;false;plains;6
5949;145;122;1;land;false;plains;6
5950;162;116;1;land;false;plains;6
5951;124;97;1;land;false;plains;6
5952;125;118;1;land;false;plains;6
5953;200;67;1;land;false;plains;6
5954;187;18;1;land;false;hills;6
5955;204;25;1;land;false;hills;6
5956;186;51;1;land;false;hills;6
5957;56;242;1;land;false;plains;6
5958;115;249;1;land;false;plains;6
5959;61;226;1;land;false;plains;6
5960;88;228;1;land;false;plains;6
5961;71;220;1;land;false;plains;6
5962;110;212;1;land;false;plains;6
5963;69;248;1;land;false;plains;6
5964;104;194;1;land;false;plains;6
5965;122;210;1;land;false;plains;6
5966;94;236;1;land;false;plains;6
5967;71;173;1;land;false;plains;6
5968;78;171;1;land;false;plains;6
5969;197;89;1;land;false;plains;6
5970;214;83;1;land;true;plains;6
5971;194;46;1;land;false;plains;6
5972;193;97;1;land;true;plains;6
5973;224;105;1;land;false;plains;6
5974;150;34;1;land;false;plains;6
5975;197;50;1;land;false;plains;6
5976;225;64;1;land;false;plains;6
5977;222;66;1;land;false;plains;6
5978;201;36;1;land;true;plains;6
5979;185;76;1;land;false;plains;6
5980;190;97;1;land;false;plains;6
5981;7;165;1;land;false;plains;6
5982;45;225;1;land;false;plains;6
5983;72;166;1;land;false;plains;6
5984;51;182;1;land;false;plains;6
5985;70;223;1;land;false;plains;6
5986;177;162;1;land;false;plains;6
5987;175;158;1;land;false;plains;6
5988;166;220;1;land;false;plains;6
5989;137;168;1;land;false;plains;6
5990;225;186;1;land;false;plains;6
5991;176;161;1;land;false;plains;6
5992;206;142;1;land;false;plains;6
5993;173;162;1;land;false;plains;6
5994;215;136;1;land;false;plains;6
5995;198;148;1;land;false;plains;6
5996;56;202;1;land;false;plains;6
5997;71;152;1;land;true;plains;6
5998;42;184;1;land;false;plains;6
5999;46;187;1;land;false;plains;6
6000;37;192;1;land;false;plains;6
6001;38;147;1;land;false;plains;6
6002;24;205;1;land;false;plains;6
6003;74;153;1;land;false;plains;6
6004;47;131;1;land;true;urban;6
6005;41;91;1;land;false;mountain;6
6006;77;68;1;land;false;plains;6
6007;51;81;1;land;false;hills;6
6008;34;58;1;land;false;plains;6
6009;35;78;1;land;false;plains;6
6010;73;107;1;land;false;plains;6
6011;23;52;1;land;false;plains;6
6012;38;84;1;land;false;plains;6
6013;76;108;1;land;false;plains;6
6014;22;113;1;land;false;plains;6
6015;31;51;1;land;false;plains;6
6016;18;90;1;land;false;plains;6
6017;26;88;1;land;false;plains;6
6018;55;81;1;land;false;plains;6
6019;15;80;1;land;false;hills;6
6020;80;85;1;land;false;plains;6
6021;49;69;1;land;false;plains;6
6022;60;63;1;land;false;plains;6
6023;9;57;1;land;false;hills;6
6024;2;63;1;land;false;plains;6
6025;27;103;1;land;false;plains;6
6026;43;51;1;land;false;plains;6
6027;80;61;1;land;false;plains;6
6028;33;113;1;land;false;plains;6
6029;73;85;1;land;false;plains;6
6030;20;54;1;land;false;mountain;6
6031;17;206;1;land;true;plains;6
6032;5;169;1;land;false;plains;6
6033;6;200;1;land;true;plains;6
6034;88;83;1;land;false;plains;6
6035;134;54;1;land;false;plains;6
6036;126;28;1;land;false;plains;6
6037;78;47;1;land;true;plains;6
6038;84;13;1;land;false;plains;6
6039;119;74;1;land;true;plains;6
6040;79;50;1;land;false;plains;6
6041;130;31;1;land;false;plains;6
6042;104;63;1;land;false;plains;6
6043;129;33;1;land;false;plains;6
6044;78;50;1;land;false;plains;6
6045;118;55;1;land;false;plains;6
6046;142;143;1;land;false;plains;6
6047;81;219;1;land;false;hills;6
6048;92;182;1;land;false;plains;6
6049;143;187;1;land;false;plains;6
6050;99;179;1;land;false;plains;6
6051;143;190;1;land;false;plains;6
6052;119;222;1;land;false;plains;6
6053;76;171;1;land;false;plains;6
6054;89;164;1;land;false;plains;6
6055;70;169;1;land;false;hills;6
6056;121;172;1;land;false;plains;6
6057;140;184;1;land;false;plains;6
6058;122;140;1;land;false;plains;6
6059;108;128;1;land;false;plains;6
6060;131;159;1;land;false;plains;6
6061;64;136;1;land;false;plains;6
6062;133;147;1;land;false;plains;6
6063;126;120;1;land;false;plains;6
6064;98;143;1;land;false;plains;6
6065;121;143;1;land;false;plains;6
6066;86;135;1;land;false;urban;6
6067;79;134;1;land;false;plains;6
6068;63;82;1;land;false;plains;6
6069;11;84;1;land;false;plains;6
6070;50;100;1;land;false;plains;6
6071;22;77;1;land;false;plains;6
6072;39;129;1;land;true;plains;6
6073;27;134;1;land;false;plains;6
6074;5;73;1;land;true;plains;6
6075;68;141;1;land;true;plains;6
6076;37;68;1;land;false;plains;6
6077;1;124;1;land;false;plains;6
6078;64;123;1;land;true;plains;6
6079;49;134;1;land;false;plains;6
6080;4;129;1;land;true;plains;6
6081;57;120;1;land;false;plains;6
6082;22;69;1;land;true;plains;6
6083;46;140;1;land;false;plains;6
6084;75;142;1;land;false;plains;6
6085;17;113;1;land;false;plains;6
6086;112;245;1;land;false;plains;6
6087;123;223;1;land;false;plains;6
6088;118;204;1;land;false;plains;6
6089;183;200;1;land;true;plains;6
6090;175;200;1;land;true;plains;6
6091;129;224;1;land;false;plains;6
6092;157;242;1;land;true;plains;6
6093;156;203;1;land;true;plains;6
6094;183;186;1;land;false;plains;6
6095;189;108;1;land;false;urban;6
6096;215;88;1;land;false;plains;6
6097;181;41;1;land;false;plains;6
6098;177;78;1;land;false;plains;6
6099;233;78;1;land;false;plains;6
6100;185;80;1;land;false;plains;6
6101;197;93;1;land;false;plains;6
6102;246;92;1;land;false;plains;6
6103;185;58;1;land;false;plains;6
6104;252;69;1;land;false;plains;6
6105;219;51;1;land;false;urban;6
6106;175;65;1;land;false;plains;6
6107;84;88;1;land;false;plains;6
6108;33;45;1;land;true;plains;6
6109;46;94;1;land;true;plains;6
6110;58;104;1;land;false;plains;6
6111;26;110;1;land;true;plains;6
6112;93;85;1;land;false;plains;6
6113;60;111;1;land;true;plains;6
6114;101;43;1;land;true;plains;6
6115;89;50;1;land;false;plains;6
6116;94;70;1;land;false;plains;6
6117;30;62;1;land;false;plains;6
6118;89;51;1;land;true;plains;6
6119;87;63;1;land;false;plains;6
6120;76;55;1;land;false;plains;6
6121;61;119;1;land;false;plains;6
6122;77;200;1;land;true;plains;6
6123;97;203;1;land;true;plains;6
6124;78;185;1;land;true;plains;6
6125;76;200;1;land;false;plains;6
6126;61;98;1;land;false;plains;6
6127;7;114;1;land;false;plains;6
6128;27;129;1;land;false;plains;6
6129;27;87;1;land;true;plains;6
6130;14;128;1;land;true;plains;6
6131;53;117;1;land;false;plains;6
6132;18;88;1;land;false;plains;6
6133;71;121;1;land;false;plains;6
6134;38;81;1;land;false;plains;6
6135;16;105;1;land;false;plains;6
6136;39;70;1;land;false;plains;6
6137;29;107;1;land;true;plains;6
6138;62;138;1;land;false;plains;6
6139;16;143;1;land;false;plains;6
6140;59;106;1;land;false;plains;6
6141;29;105;1;land;false;plains;6
6142;9;138;1;land;false;plains;6
6143;62;94;1;land;false;plains;6
6144;191;94;1;land;false;plains;6
6145;197;56;1;land;false;plains;6
6146;191;99;1;land;false;plains;6
6147;196;46;1;land;false;plains;6
6148;244;113;1;land;false;plains;6
6149;193;70;1;land;false;plains;6
6150;235;81;1;land;false;plains;6
6151;252;58;1;land;false;plains;6
6152;224;106;1;land;false;plains;6
6153;230;91;1;land;false;plains;6
6154;254;78;1;land;false;plains;6
6155;204;92;1;land;false;plains;6
6156;196;102;1;land;false;plains;6
6157;254;43;1;land;false;plains;6
6158;235;41;1;land;false;plains;6
6159;192;116;1;land;false;plains;6
6160;238;101;1;land;false;plains;6
6161;186;62;1;land;false;plains;6
6162;188;120;1;land;false;plains;6
6163;220;43;1;land;false;plains;6
6164;198;224;1;land;false;plains;6
6165;192;188;1;land;false;plains;6
6166;228;233;1;land;false;plains;6
6167;235;243;1;land;false;plains;6
6168;217;181;1;land;false;plains;6
6169;225;254;1;land;false;plains;6
6170;219;249;1;land;false;plains;6
6171;245;214;1;land;false;plains;6
6172;180;237;1;land;false;plains;6
6173;219;250;1;land;false;plains;6
6174;33;181;1;land;false;plains;6
6175;51;185;1;land;false;plains;6
6176;12;184;1;land;false;plains;6
6177;47;224;1;land;false;plains;6
6178;35;172;1;land;false;plains;6
6179;42;196;1;land;false;plains;6
6180;32;218;1;land;false;plains;6
6181;36;198;1;land;false;plains;6
6182;39;170;1;land;false;plains;6
6183;39;197;1;land;false;plains;6
6184;104;217;1;land;false;plains;6
6185;141;179;1;land;false;plains;6
6186;230;40;1;land;false;plains;6
6187;252;81;1;land;false;hills;6
6188;243;58;1;land;false;plains;6
6189;225;96;1;land;false;plains;6
6190;238;61;1;land;false;plains;6
6191;215;62;1;land;false;mountain;6
6192;243;76;1;land;false;plains;6
6193;228;41;1;land;false;hills;6
6194;211;186;1;land;false;plains;6
6195;215;146;1;land;false;plains;6
6196;192;195;1;land;false;plains;6
6197;168;161;1;land;false;plains;6
6198;186;8;1;land;true;plains;6
6199;192;15;1;land;false;plains;6
6200;149;1;1;land;true;plains;6
6201;205;216;1;land;false;plains;6
6202;242;227;1;land;false;plains;6
6203;235;218;1;land;false;plains;6
6204;225;234;1;land;false;plains;6
6205;220;253;1;land;false;plains;6
6206;230;236;1;land;false;plains;6
6207;235;235;1;land;false;plains;6
6208;210;218;1;land;false;plains;6
6209;227;245;1;land;false;plains;6
6210;207;91;1;land;true;urban;6
6211;195;110;1;land;true;plains;6
6212;206;115;1;land;false;plains;6
6213;185;160;1;land;false;plains;6
6214;205;94;1;land;false;plains;6
6215;231;104;1;land;false;plains;6
6216;158;144;1;land;false;plains;6
6217;164;108;1;land;false;plains;6
6218;147;130;1;land;false;plains;6
6219;125;104;1;land;false;plains;6
6220;170;115;1;land;false;urban;6
6221;171;154;1;land;false;plains;6
6222;119;165;1;land;false;plains;6
6223;75;9;1;land;false;plains;6
6224;108;40;1;land;false;plains;6
6225;76;22;1;land;false;plains;6
6226;80;0;1;land;false;plains;6
6227;62;33;1;land;false;plains;6
6228;100;37;1;land;false;plains;6
6229;78;8;1;land;false;plains;6
6230;62;43;1;land;false;plains;6
6231;114;33;1;land;false;plains;6
6232;70;14;1;land;false;plains;6
6233;133;26;1;land;false;plains;6
6234;106;5;1;land;false;urban;6
6235;69;208;1;land;false;plains;6
6236;139;166;1;land;false;plains;6
6237;77;142;1;land;false;plains;6
6238;98;196;1;land;false;plains;6
6239;145;192;1;land;true;plains;6
6240;130;159;1;land;true;urban;6
6241;101;151;1;land;true;plains;6
6242;106;196;1;land;false;plains;6
6243;74;137;1;land;true;plains;6
6244;101;183;1;land;true;plains;6
6245;16;73;1;land;false;plains;6
6246;65;42;1;land;false;plains;6
6247;32;54;1;land;true;plains;6
6248;58;28;1;land;false;plains;6
6249;3;37;1;land;false;plains;6
6250;47;59;1;land;false;plains;6
6251;14;26;1;land;false;plains;6
6252;13;62;1;land;false;plains;6
6253;53;30;1;land;true;plains;6
6254;0;99;1;land;false;plains;6
6255;17;66;1;land;false;plains;6
6256;166;215;1;land;false;plains;6
6257;125;199;1;land;false;plains;6
6258;144;183;1;land;false;plains;6
6259;106;220;1;land;false;plains;6
6260;133;181;1;land;false;plains;6
6261;217;47;1;land;false;plains;6
6262;94;121;1;land;false;mountain;6
6263;75;154;1;land;false;mountain;6
6264;203;92;1;land;false;plains;6
6265;226;154;1;land;false;plains;6
6266;222;124;1;land;false;plains;6
6267;243;131;1;land;false;plains;6
6268;253;135;1;land;false;plains;6
6269;232;107;1;land;false;plains;6
6270;191;112;1;land;false;plains;6
6271;248;132;1;land;false;plains;6
6272;222;99;1;land;false;plains;6
6273;211;170;1;land;false;plains;6
6274;232;110;1;land;false;plains;6
6275;238;124;1;land;false;plains;6
6276;231;136;1;land;false;plains;6
6277;249;171;1;land;false;urban;6
6278;200;153;1;land;false;plains;6
6279;226;171;1;land;false;urban;6
6280;241;166;1;land;false;plains;6
6281;221;142;1;land;false;plains;6
6282;207;134;1;land;false;plains;6
6283;204;145;1;land;false;plains;6
6284;240;159;1;land;false;plains;6
6285;196;109;1;land;false;plains;6
6286;222;242;1;land;false;plains;6
6287;157;246;1;land;false;plains;6
6288;204;233;1;land;false;plains;6
6289;226;212;1;land;false;plains;6
6290;185;246;1;land;false;plains;6
6291;181;208;1;land;false;plains;6
6292;165;236;1;land;false;plains;6
6293;157;218;1;land;false;plains;6
6294;221;225;1;land;false;plains;6
6295;108;103;1;land;false;plains;6
6296;118;97;1;land;false;plains;6
6297;134;144;1;land;false;plains;6
6298;151;124;1;land;false;plains;6
6299;141;139;1;land;false;plains;6
6300;170;143;1;land;false;plains;6
6301;184;143;1;land;false;plains;6
6302;20;34;1;land;false;plains;6
6303;4;1;1;land;false;plains;6
6304;40;34;1;land;false;plains;6
6305;48;31;1;land;false;plains;6
6306;17;38;1;land;false;plains;6
6307;15;46;1;land;true;plains;6
6308;51;9;1;land;false;plains;6
6309;57;34;1;land;false;plains;6
6310;2;14;1;land;false;plains;6
6311;160;236;1;land;true;plains;6
6312;118;83;1;land;false;plains;6
6313;128;121;1;land;false;plains;6
6314;232;202;1;land;false;hills;6
6315;249;240;1;land;false;plains;6
6316;205;214;1;land;false;plains;6
6317;25;80;1;land;true;plains;6
6318;36;110;1;land;false;plains;6
6319;6;88;1;land;true;plains;6
6320;24;134;1;land;true;plains;6
6321;54;115;1;land;false;plains;6
6322;221;200;1;land;false;plains;6
6323;238;213;1;land;true;plains;6
6324;223;200;1;land;true;plains;6
6325;225;243;1;land;true;plains;6
6326;225;189;1;land;true;plains;6
6327;219;208;1;land;true;plains;6
6328;249;188;1;land;true;plains;6
6329;235;204;1;land;false;plains;6
6330;234;206;1;land;true;plains;6
6331;235;90;1;land;false;plains;6
6332;229;94;1;land;false;plains;6
6333;233;107;1;land;false;plains;6
6334;211;74;1;land;false;plains;6
6335;239;43;1;land;false;plains;6
6336;173;57;1;land;false;plains;6
6337;235;74;1;land;false;plains;6
6338;217;31;1;land;false;hills;6
6339;202;104;1;land;false;plains;6
6340;78;177;1;land;false;plains;6
6341;53;212;1;land;false;plains;6
6342;111;37;1;land;false;plains;6
6343;155;76;1;land;false;plains;6
6344;129;41;1;land;false;plains;6
6345;153;66;1;land;false;plains;6
6346;116;72;1;land;false;plains;6
6347;117;81;1;land;false;hills;6
6348;165;6;1;land;false;plains;6
6349;106;81;1;land;false;plains;6
6350;163;25;1;land;false;plains;6
6351;124;23;1;land;false;plains;6
6352;137;22;1;land;false;plains;6
6353;145;53;1;land;false;plains;6
6354;119;75;1;land;false;plains;6
6355;141;48;1;land;false;plains;6
6356;144;37;1;land;false;urban;6
6357;118;32;1;land;false;plains;6
6358;149;48;1;land;false;plains;6
6359;114;70;1;land;false;plains;6
6360;105;72;1;land;false;plains;6
6361;119;10;1;land;false;plains;6
6362;66;5;1;land;false;plains;6
6363;6;41;1;land;false;plains;6
6364;45;22;1;land;false;plains;6
6365;83;29;1;land;false;plains;6
6366;37;51;1;land;false;plains;6
6367;39;19;1;land;false;hills;6
6368;32;6;1;land;false;plains;6
6369;77;7;1;land;false;plains;6
6370;4;148;1;land;true;plains;6
6371;118;181;1;land;false;plains;6
6372;123;185;1;land;true;plains;6
6373;129;193;1;land;true;plains;6
6374;99;203;1;land;true;plains;6
6375;136;229;1;land;false;plains;6
6376;83;202;1;land;false;plains;6
6377;132;247;1;land;false;hills;6
6378;136;241;1;land;false;plains;6
6379;70;227;1;land;false;plains;6
6380;178;58;1;land;false;plains;6
6381;128;12;1;land;false;plains;6
6382;180;51;1;land;false;hills;6
6383;137;44;1;land;false;plains;6
6384;190;51;1;land;false;plains;6
6385;179;58;1;land;false;mountain;6
6386;149;52;1;land;false;plains;6
6387;79;144;1;land;false;plains;6
6388;89;98;1;land;false;plains;6
6389;135;101;1;land;false;plains;6
6390;107;102;1;land;false;urban;6
6391;92;127;1;land;false;plains;6
6392;143;149;1;land;false;plains;6
6393;157;165;1;land;false;plains;6
6394;150;88;1;land;false;plains;6
6395;215;39;1;land;false;plains;6
6396;218;11;1;land;false;plains;6
6397;251;7;1;land;false;plains;6
6398;253;11;1;land;false;hills;6
6399;248;18;1;land;false;mountain;6
6400;250;0;1;land;false;hills;6
6401;251;16;1;land;false;plains;6
6402;249;25;1;land;false;plains;6
6403;254;31;1;land;false;plains;6
6404;229;19;1;land;false;plains;6
6405;238;9;1;land;false;plains;6
6406;215;9;1;land;false;hills;6
6407;218;1;1;land;false;hills;6
6408;222;32;1;land;false;plains;6
6409;55;99;1;land;false;plains;6
6410;25;106;1;land;false;plains;6
6411;111;214;1;land;false;plains;6
6412;59;209;1;land;false;plains;6
6413;129;168;1;land;false;plains;6
6414;51;184;1;land;false;plains;6
6415;58;205;1;land;false;plains;6
6416;108;207;1;land;false;plains;6
6417;76;163;1;land;false;hills;6
6418;121;225;1;land;false;plains;6
6419;74;224;1;land;false;plains;6
6420;67;171;1;land;false;plains;6
6421;123;187;1;land;false;plains;6
6422;87;216;1;land;false;plains;6
6423;50;194;1;land;false;hills;6
6424;128;174;1;land;false;plains;6
6425;87;172;1;land;false;plains;6
6426;57;174;1;land;false;plains;6
6427;60;230;1;land;false;plains;6
6428;128;185;1;land;false;plains;6
6429;117;238;1;land;false;plains;6
6430;75;185;1;land;false;plains;6
6431;91;218;1;land;false;plains;6
6432;230;214;1;land;false;plains;6
6433;217;211;1;land;false;plains;6
6434;187;175;1;land;false;plains;6
6435;181;203;1;land;false;plains;6
6436;229;237;1;land;false;hills;6
6437;190;225;1;land;false;plains;6
6438;186;48;1;land;false;mountain;6
6439;136;25;1;land;false;mountain;6
6440;142;83;1;land;false;hills;6
6441;122;83;1;land;false;hills;6
6442;147;67;1;land;false;hills;6
6443;173;41;1;land;false;plains;6
6444;163;71;1;land;false;mountain;6
6445;29;203;1;land;false;urban;6
6446;43;184;1;land;false;plains;6
6447;39;169;1;land;false;plains;6
6448;44;159;1;land;false;plains;6
6449;41;178;1;land;false;plains;6
6450;40;193;1;land;false;plains;6
6451;130;46;1;land;true;plains;6
6452;93;63;1;land;false;plains;6
6453;103;82;1;land;false;plains;6
6454;64;67;1;land;true;plains;6
6455;87;46;1;land;false;plains;6
6456;109;96;1;land;false;plains;6
6457;95;58;1;land;false;plains;6
6458;71;93;1;land;false;plains;6
6459;74;120;1;land;false;plains;6
6460;106;95;1;land;false;plains;6
6461;64;89;1;land;false;plains;6
6462;69;108;1;land;false;plains;6
6463;101;83;1;land;true;plains;6
6464;110;86;1;land;false;plains;6
6465;93;95;1;land;false;plains;6
6466;71;56;1;land;true;plains;6
6467;57;111;1;land;false;plains;6
6468;111;102;1;land;false;plains;6
6469;125;49;1;land;false;plains;6
6470;99;95;1;land;true;plains;6
6471;87;68;1;land;false;plains;6
6472;121;120;1;land;false;plains;6
6473;84;60;1;land;false;plains;6
6474;103;121;1;land;true;plains;6
6475;90;178;1;land;false;plains;6
6476;68;224;1;land;false;plains;6
6477;49;215;1;land;false;plains;6
6478;93;156;1;land;false;plains;6
6479;26;217;1;land;false;plains;6
6480;18;191;1;land;false;plains;6
6481;16;76;1;land;false;plains;6
6482;41;73;1;land;false;plains;6
6483;31;41;1;land;false;plains;6
6484;21;76;1;land;false;urban;6
6485;34;54;1;land;false;plains;6
6486;36;44;1;land;false;plains;6
6487;18;85;1;land;false;plains;6
6488;12;64;1;land;false;plains;6
6489;27;66;1;land;false;plains;6
6490;23;73;1;land;false;plains;6
6491;7;64;1;land;false;plains;6
6492;35;68;1;land;false;plains;6
6493;44;90;1;land;false;plains;6
6494;18;19;1;land;false;plains;6
6495;24;87;1;land;false;plains;6
6496;7;50;1;land;false;plains;6
6497;39;97;1;land;false;plains;6
6498;18;77;1;land;false;plains;6
6499;46;76;1;land;false;plains;6
6500;98;13;1;land;false;plains;6
6501;47;54;1;land;false;plains;6
6502;112;49;1;land;false;plains;6
6503;106;7;1;land;false;plains;6
6504;112;24;1;land;false;plains;6
6505;229;66;1;land;false;plains;6
6506;198;30;1;land;false;plains;6
6507;168;49;1;land;false;plains;6
6508;224;35;1;land;false;plains;6
6509;213;40;1;land;false;plains;6
6510;176;20;1;land;false;plains;6
6511;233;36;1;land;false;plains;6
6512;205;53;1;land;false;hills;6
6513;208;17;1;land;false;plains;6
6514;228;8;1;land;false;hills;6
6515;23;66;1;land;false;plains;6
6516;11;80;1;land;false;plains;6
6517;31;110;1;land;false;plains;6
6518;189;54;1;land;false;plains;6
6519;252;48;1;land;true;plains;6
6520;248;81;1;land;false;plains;6
6521;227;46;1;land;false;plains;6
6522;162;77;1;land;false;plains;6
6523;182;105;1;land;false;plains;6
6524;189;150;1;land;true;plains;6
6525;175;138;1;land;false;plains;6
6526;174;78;1;land;true;plains;6
6527;222;132;1;land;true;plains;6
6528;189;126;1;land;false;plains;6
6529;162;140;1;land;true;plains;6
6530;174;109;1;land;true;plains;6
6531;209;91;1;land;false;plains;6
6532;152;146;1;land;false;plains;6
6533;159;111;1;land;false;plains;6
6534;204;117;1;land;true;plains;6
6535;182;147;1;land;false;plains;6
6536;171;77;1;land;false;plains;6
6537;205;97;1;land;false;plains;6
6538;211;91;1;land;false;plains;6
6539;221;126;1;land;true;plains;6
6540;155;110;1;land;false;plains;6
6541;213;93;1;land;false;plains;6
6542;151;94;1;land;true;plains;6
6543;188;93;1;land;false;plains;6
6544;170;87;1;land;true;plains;6
6545;177;43;1;land;true;plains;6
6546;62;53;1;land;false;plains;6
6547;24;55;1;land;false;plains;6
6548;2;34;1;land;false;plains;6
6549;39;62;1;land;false;plains;6
6550;179;73;1;land;false;plains;6
6551;194;25;1;land;false;plains;6
6552;198;45;1;land;false;plains;6
6553;205;76;1;land;false;plains;6
6554;176;68;1;land;false;plains;6
6555;226;51;1;land;false;urban;6
6556;193;85;1;land;false;plains;6
6557;183;87;1;land;false;plains;6
6558;165;141;1;land;false;plains;6
6559;95;142;1;land;false;plains;6
6560;108;161;1;land;false;plains;6
6561;128;139;1;land;false;plains;6
6562;96;185;1;land;false;plains;6
6563;115;162;1;land;false;plains;6
6564;247;128;1;land;false;plains;6
6565;248;148;1;land;false;hills;6
6566;217;188;1;land;false;plains;6
6567;202;121;1;land;false;plains;6
6568;237;122;1;land;false;hills;6
6569;215;125;1;land;false;plains;6
6570;230;193;1;land;false;plains;6
6571;229;149;1;land;false;hills;6
6572;204;160;1;land;false;hills;6
6573;233;161;1;land;false;hills;6
6574;227;127;1;land;false;plains;6
6575;236;183;1;land;false;hills;6
6576;219;129;1;land;false;plains;6
6577;232;139;1;land;false;hills;6
6578;72;214;1;land;true;plains;6
6579;46;148;1;land;false;plains;6
6580;31;177;1;land;false;plains;6
6581;36;137;1;land;false;plains;6
6582;40;139;1;land;false;plains;6
6583;46;172;1;land;false;plains;6
6584;45;157;1;land;false;hills;6
6585;42;149;1;land;false;plains;6
6586;31;168;1;land;false;plains;6
6587;41;197;1;land;false;plains;6
6588;19;191;1;land;false;plains;6
6589;60;172;1;land;false;plains;6
6590;35;213;1;land;false;plains;6
6591;45;183;1;land;false;plains;6
6592;2;180;1;land;false;plains;6
6593;47;142;1;land;false;plains;6
6594;41;208;1;land;false;plains;6
6595;14;175;1;land;false;plains;6
6596;66;111;1;land;true;plains;6
6597;119;150;1;land;false;hills;6
6598;142;122;1;land;false;plains;6
6599;132;145;1;land;false;plains;6
6600;89;80;1;land;false;plains;6
6601;145;125;1;land;false;mountain;6
6602;95;136;1;land;false;plains;6
6603;111;152;1;land;false;plains;6
6604;88;158;1;land;false;plains;6
6605;221;254;1;land;false;plains;6
6606;202;206;1;land;false;plains;6
6607;212;242;1;land;false;plains;6
6608;200;248;1;land;false;plains;6
6609;206;223;1;land;false;plains;6
6610;108;204;1;land;false;plains;6
6611;130;161;1;land;false;hills;6
6612;94;204;1;land;false;hills;6
6613;83;198;1;land;false;plains;6
6614;105;198;1;land;false;plains;6
6615;67;158;1;land;false;plains;6
6616;58;171;1;land;false;hills;6
6617;109;159;1;land;false;plains;6
6618;154;35;1;land;false;plains;6
6619;117;39;1;land;false;plains;6
6620;147;71;1;land;false;plains;6
6621;160;83;1;land;false;plains;6
6622;177;60;1;land;false;plains;6
6623;150;49;1;land;false;plains;6
6624;144;9;1;land;false;plains;6
6625;176;58;1;land;false;plains;6
6626;170;189;1;land;false;plains;6
6627;147;143;1;land;false;plains;6
6628;153;127;1;land;false;plains;6
6629;180;158;1;land;false;urban;6
6630;164;191;1;land;false;plains;6
6631;11;192;1;land;true;jungle;6
6632;7;145;1;land;true;jungle;6
6633;29;177;1;land;false;jungle;6
6634;45;171;1;land;true;jungle;6
6635;30;151;1;land;true;jungle;6
6636;17;165;1;land;false;jungle;6
6637;19;174;1;land;true;jungle;6
6638;56;55;1;land;true;plains;6
6639;61;46;1;land;true;plains;6
6640;128;104;1;land;false;mountain;6
6641;109;34;1;land;false;mountain;6
6642;118;57;1;land;false;plains;6
6643;183;60;1;land;false;hills;6
6644;153;53;1;land;false;plains;6
6645;136;44;1;land;false;hills;6
6646;145;79;1;land;false;mountain;6
6647;110;93;1;land;false;mountain;6
6648;160;51;1;land;false;mountain;6
6649;165;8;1;land;true;plains;6
6650;144;54;1;land;true;plains;6
6651;159;79;1;land;true;plains;6
6652;168;81;1;land;false;plains;6
6653;162;25;1;land;true;plains;6
6654;163;39;1;land;false;plains;6
6655;132;16;1;land;true;plains;6
6656;190;78;1;land;false;plains;6
6657;184;58;1;land;false;plains;6
6658;136;28;1;land;true;plains;6
6659;139;41;1;land;true;plains;6
6660;41;166;1;land;true;plains;6
6661;44;171;1;land;false;plains;6
6662;119;8;1;land;false;plains;6
6663;84;42;1;land;false;plains;6
6664;121;34;1;land;false;plains;6
6665;181;156;1;land;false;plains;6
6666;164;89;1;land;false;plains;6
6667;130;103;1;land;false;plains;6
6668;172;225;1;land;false;plains;6
6669;146;253;1;land;false;plains;6
6670;203;250;1;land;false;plains;6
6671;201;227;1;land;false;plains;6
6672;146;247;1;land;false;plains;6
6673;191;232;1;land;false;plains;6
6674;175;220;1;land;false;plains;6
6675;183;253;1;land;false;plains;6
6676;186;224;1;land;false;plains;6
6677;180;236;1;land;false;mountain;6
6678;209;250;1;land;false;hills;6
6679;152;236;1;land;false;hills;6
6680;206;245;1;land;false;plains;6
6681;169;212;1;land;false;plains;6
6682;191;225;1;land;false;hills;6
6683;160;223;1;land;false;hills;6
6684;55;245;1;land;false;plains;6
6685;24;246;1;land;false;hills;6
6686;42;247;1;land;false;mountain;6
6687;21;246;1;land;false;plains;6
6688;15;225;1;land;false;plains;6
6689;50;249;1;land;false;plains;6
6690;70;229;1;land;false;plains;6
6691;15;238;1;land;false;plains;6
6692;62;244;1;land;false;hills;6
6693;68;254;1;land;false;mountain;6
6694;16;223;1;land;false;mountain;6
6695;34;234;1;land;false;hills;6
6696;24;253;1;land;false;plains;6
6697;40;236;1;land;false;plains;6
6698;2;249;1;land;false;urban;6
6699;57;229;1;land;false;hills;6
6700;40;233;1;land;false;hills;6
6701;23;224;1;land;false;mountain;6
6702;60;237;1;land;false;plains;6
6703;57;241;1;land;false;hills;6
6704;55;227;1;land;false;plains;6
6705;35;244;1;land;false;mountain;6
6706;22;238;1;land;false;hills;6
6707;19;234;1;land;false;plains;6
6708;39;224;1;land;false;hills;6
6709;1;228;1;land;false;plains;6
6710;27;234;1;land;false;mountain;6
6711;32;239;1;land;false;hills;6
6712;42;241;1;land;false;hills;6
6713;22;227;1;land;false;plains;6
6714;50;252;1;land;false;plains;6
6715;37;242;1;land;false;plains;6
6716;35;237;1;land;false;plains;6
6717;27;239;1;land;false;plains;6
6718;66;243;1;land;false;mountain;6
6719;11;245;1;land;false;mountain;6
6720;35;230;1;land;false;mountain;6
6721;202;138;1;land;false;plains;6
6722;179;128;1;land;false;hills;6
6723;226;141;1;land;false;plains;6
6724;180;103;1;land;false;plains;6
6725;233;146;1;land;false;plains;6
6726;230;73;1;land;false;plains;6
6727;218;117;1;land;false;plains;6
6728;231;139;1;land;false;plains;6
6729;222;122;1;land;false;plains;6
6730;208;114;1;land;false;plains;6
6731;192;133;1;land;false;plains;6
6732;158;127;1;land;false;plains;6
6733;204;144;1;land;false;plains;6
6734;224;108;1;land;false;plains;6
6735;210;133;1;land;false;plains;6
6736;171;146;1;land;false;plains;6
6737;200;74;1;land;false;hills;6
6738;164;125;1;land;false;plains;6
6739;159;136;1;land;false;plains;6
6740;229;136;1;land;false;hills;6
6741;208;115;1;land;false;plains;6
6742;163;118;1;land;false;plains;6
6743;170;104;1;land;false;plains;6
6744;190;128;1;land;false;plains;6
6745;223;86;1;land;false;plains;6
6746;126;97;1;land;false;jungle;6
6747;121;115;1;land;false;jungle;6
6748;95;109;1;land;false;jungle;6
6749;146;48;1;land;true;jungle;6
6750;80;83;1;land;false;jungle;6
6751;139;120;1;land;true;jungle;6
6752;75;104;1;land;true;jungle;6
6753;90;64;1;land;false;jungle;6
6754;140;46;1;land;false;jungle;6
6755;92;53;1;land;false;jungle;6
6756;131;108;1;land;false;jungle;6
6757;147;76;1;land;false;jungle;6
6758;121;67;1;land;false;jungle;6
6759;93;106;1;land;true;jungle;6
6760;113;96;1;land;false;jungle;6
6761;113;87;1;land;false;jungle;6
6762;81;64;1;land;false;jungle;6
6763;134;92;1;land;false;jungle;6
6764;99;49;1;land;false;jungle;6
6765;116;54;1;land;false;jungle;6
6766;77;63;1;land;true;jungle;6
6767;84;69;1;land;true;jungle;6
6768;150;100;1;land;false;jungle;6
6769;136;45;1;land;false;jungle;6
6770;92;117;1;land;false;jungle;6
6771;146;89;1;land;false;jungle;6
6772;111;78;1;land;false;jungle;6
6773;147;107;1;land;false;jungle;6
6774;124;83;1;land;false;jungle;6
6775;90;93;1;land;true;jungle;6
6776;105;82;1;land;false;jungle;6
6777;133;59;1;land;false;jungle;6
6778;110;62;1;land;true;jungle;6
6779;126;109;1;land;false;jungle;6
6780;77;76;1;land;true;jungle;6
6781;78;78;1;land;false;jungle;6
6782;127;47;1;land;false;jungle;6
6783;138;122;1;land;false;jungle;6
6784;105;93;1;land;false;jungle;6
6785;120;99;1;land;false;jungle;6
6786;75;82;1;land;false;jungle;6
6787;73;83;1;land;false;jungle;6
6788;111;55;1;land;false;jungle;6
6789;121;44;1;land;true;jungle;6
6790;150;121;1;land;false;jungle;6
6791;116;116;1;land;false;jungle;6
6792;92;123;1;land;false;jungle;6
6793;89;102;1;land;true;jungle;6
6794;150;111;1;land;false;jungle;6
6795;90;120;1;land;false;jungle;6
6796;109;103;1;land;false;jungle;6
6797;134;91;1;land;false;jungle;6
6798;74;102;1;land;false;jungle;6
6799;240;254;1;land;true;plains;6
6800;240;221;1;land;true;plains;6
6801;129;132;1;land;false;plains;6
6802;133;103;1;land;false;plains;6
6803;130;112;1;land;false;plains;6
6804;117;111;1;land;false;plains;6
6805;139;69;1;land;true;plains;6
6806;118;103;1;land;true;urban;6
6807;104;111;1;land;false;plains;6
6808;92;121;1;land;false;plains;6
6809;143;77;1;land;false;plains;6
6810;82;80;1;land;false;plains;6
6811;68;87;1;land;false;plains;6
6812;118;87;1;land;true;plains;6
6813;139;119;1;land;false;plains;6
6814;92;98;1;land;false;plains;6
6815;143;103;1;land;true;plains;6
6816;125;114;1;land;false;plains;6
6817;119;136;1;land;false;plains;6
6818;65;96;1;land;false;plains;6
6819;72;122;1;land;false;plains;6
6820;118;77;1;land;false;plains;6
6821;126;116;1;land;false;plains;6
6822;96;76;1;land;false;plains;6
6823;142;127;1;land;false;plains;6
6824;134;111;1;land;true;plains;6
6825;112;131;1;land;false;plains;6
6826;132;148;1;land;false;plains;6
6827;96;73;1;land;false;plains;6
6828;88;85;1;land;false;plains;6
6829;101;86;1;land;false;plains;6
6830;138;91;1;land;true;plains;6
6831;132;147;1;land;false;plains;6
6832;103;110;1;land;false;urban;6
6833;70;82;1;land;true;plains;6
6834;121;77;1;land;false;plains;6
6835;87;139;1;land;false;plains;6
6836;130;118;1;land;true;plains;6
6837;90;102;1;land;false;plains;6
6838;154;63;1;land;false;plains;6
6839;138;77;1;land;false;plains;6
6840;186;57;1;land;false;plains;6
6841;137;72;1;land;false;plains;6
6842;135;114;1;land;false;plains;6
6843;156;48;1;land;false;hills;6
6844;234;76;1;land;false;plains;6
6845;228;92;1;land;false;plains;6
6846;222;24;1;land;false;plains;6
6847;213;13;1;land;false;plains;6
6848;170;60;1;land;false;plains;6
6849;185;40;1;land;false;plains;6
6850;156;56;1;land;false;plains;6
6851;188;29;1;land;false;plains;6
6852;233;134;1;land;false;plains;6
6853;243;127;1;land;false;plains;6
6854;235;194;1;land;false;plains;6
6855;233;192;1;land;false;plains;6
6856;229;192;1;land;false;plains;6
6857;22;57;1;land;false;plains;6
6858;3;31;1;land;false;plains;6
6859;27;49;1;land;false;plains;6
6860;40;20;1;land;false;plains;6
6861;25;48;1;land;false;plains;6
6862;24;26;1;land;true;plains;6
6863;33;46;1;land;false;plains;6
6864;1;55;1;land;false;plains;6
6865;16;59;1;land;false;plains;6
6866;40;15;1;land;true;plains;6
6867;34;39;1;land;false;plains;6
6868;45;13;1;land;false;plains;6
6869;39;32;1;land;true;plains;6
6870;48;24;1;land;false;plains;6
6871;17;10;1;land;false;plains;6
6872;5;8;1;land;false;plains;6
6873;19;10;1;land;false;plains;6
6874;20;11;1;land;true;plains;6
6875;15;8;1;land;false;plains;6
6876;7;33;1;land;true;plains;6
6877;79;31;1;land;false;plains;6
6878;108;48;1;land;true;plains;6
6879;117;53;1;land;false;plains;6
6880;93;53;1;land;false;plains;6
6881;147;16;1;land;false;plains;6
6882;109;40;1;land;false;plains;6
6883;98;10;1;land;false;plains;6
6884;78;65;1;land;false;plains;6
6885;94;57;1;land;true;plains;6
6886;83;33;1;land;false;plains;6
6887;76;41;1;land;false;plains;6
6888;131;51;1;land;false;plains;6
6889;113;62;1;land;false;plains;6
6890;83;11;1;land;false;plains;6
6891;119;44;1;land;false;plains;6
6892;78;58;1;land;true;plains;6
6893;110;36;1;land;false;plains;6
6894;110;29;1;land;false;urban;6
6895;75;29;1;land;false;plains;6
6896;133;11;1;land;true;plains;6
6897;105;62;1;land;true;plains;6
6898;104;44;1;land;false;plains;6
6899;135;62;1;land;false;plains;6
6900;83;5;1;land;false;plains;6
6901;97;29;1;land;true;plains;6
6902;143;34;1;land;false;plains;6
6903;128;39;1;land;false;plains;6
6904;79;38;1;land;false;plains;6
6905;75;33;1;land;false;plains;6
6906;154;110;1;land;false;hills;6
6907;172;118;1;land;false;plains;6
6908;143;88;1;land;false;plains;6
6909;187;106;1;land;false;plains;6
6910;221;77;1;land;false;plains;6
6911;210;116;1;land;false;plains;6
6912;240;55;1;land;false;plains;6
6913;227;73;1;land;false;plains;6
6914;231;80;1;land;false;plains;6
6915;200;109;1;land;false;plains;6
6916;95;75;1;land;false;plains;6
6917;50;68;1;land;false;plains;6
6918;92;58;1;land;false;plains;6
6919;85;109;1;land;false;plains;6
6920;88;55;1;land;false;plains;6
6921;113;203;1;land;false;plains;6
6922;153;162;1;land;false;hills;6
6923;142;196;1;land;false;plains;6
6924;156;191;1;land;false;plains;6
6925;101;215;1;land;false;plains;6
6926;87;162;1;land;false;plains;6
6927;164;197;1;land;false;plains;6
6928;118;224;1;land;false;hills;6
6929;164;225;1;land;false;plains;6
6930;145;167;1;land;false;plains;6
6931;118;163;1;land;false;hills;6
6932;142;183;1;land;false;hills;6
6933;153;233;1;land;false;plains;6
6934;161;166;1;land;false;plains;6
6935;164;231;1;land;false;plains;6
6936;147;194;1;land;false;plains;6
6937;245;53;1;land;false;plains;6
6938;252;38;1;land;false;hills;6
6939;243;44;1;land;false;hills;6
6940;210;49;1;land;false;hills;6
6941;204;87;1;land;false;plains;6
6942;249;87;1;land;false;hills;6
6943;237;61;1;land;false;hills;6
6944;246;44;1;land;false;hills;6
6945;239;27;1;land;false;hills;6
6946;225;39;1;land;false;hills;6
6947;253;38;1;land;false;plains;6
6948;215;72;1;land;false;plains;6
6949;223;38;1;land;false;hills;6
6950;238;29;1;land;false;plains;6
6951;245;102;1;land;false;plains;6
6952;241;29;1;land;false;plains;6
6953;213;50;1;land;false;plains;6
6954;254;55;1;land;false;hills;6
6955;230;25;1;land;false;plains;6
6956;172;251;1;land;false;jungle;6
6957;171;245;1;land;false;jungle;6
6958;170;243;1;land;false;jungle;6
6959;218;224;1;land;true;jungle;6
6960;220;251;1;land;true;jungle;6
6961;186;216;1;land;false;jungle;6
6962;191;249;1;land;true;jungle;6
6963;192;229;1;land;false;jungle;6
6964;177;215;1;land;false;jungle;6
6965;231;221;1;land;false;jungle;6
6966;213;242;1;land;true;jungle;6
6967;194;246;1;land;false;jungle;6
6968;198;239;1;land;true;jungle;6
6969;202;238;1;land;true;jungle;6
6970;237;233;1;land;false;jungle;6
6971;241;228;1;land;false;jungle;6
6972;195;254;1;land;false;jungle;6
6973;200;252;1;land;true;jungle;6
6974;238;215;1;land;false;jungle;6
6975;210;219;1;land;false;jungle;6
6976;17;30;1;land;true;plains;6
6977;24;31;1;land;false;plains;6
6978;37;38;1;land;false;plains;6
6979;73;37;1;land;true;plains;6
6980;58;12;1;land;false;plains;6
6981;33;27;1;land;false;plains;6
6982;14;41;1;land;true;plains;6
6983;12;18;1;land;false;plains;6
6984;46;31;1;land;true;plains;6
6985;38;28;1;land;true;plains;6
6986;34;10;1;land;false;plains;6
6987;81;2;1;land;false;plains;6
6988;41;2;1;land;true;plains;6
6989;73;143;1;land;false;plains;6
6990;97;100;1;land;false;plains;6
6991;85;119;1;land;false;plains;6
6992;83;122;1;land;false;plains;6
6993;80;135;1;land;false;plains;6
6994;28;101;1;land;false;plains;6
6995;41;78;1;land;false;plains;6
6996;58;100;1;land;false;plains;6
6997;3;107;1;land;false;plains;6
6998;37;77;1;land;false;plains;6
6999;59;63;1;land;false;plains;6
7000;202;25;1;land;true;plains;6
7001;168;40;1;land;false;plains;6
7002;164;18;1;land;false;plains;6
7003;209;41;1;land;false;plains;6
7004;167;57;1;land;false;plains;6
7005;189;64;1;land;false;plains;6
7006;199;82;1;land;false;plains;6
7007;189;83;1;land;true;plains;6
7008;213;19;1;land;false;plains;6
7009;214;48;1;land;false;plains;6
7010;161;64;1;land;false;plains;6
7011;183;41;1;land;true;plains;6
7012;186;65;1;land;false;plains;6
7013;200;65;1;land;false;plains;6
7014;178;42;1;land;false;plains;6
7015;175;54;1;land;false;plains;6
7016;222;25;1;land;false;plains;6
7017;206;35;1;land;false;plains;6
7018;207;52;1;land;false;urban;6
7019;173;87;1;land;false;plains;6
7020;214;57;1;land;false;plains;6
7021;241;155;1;land;false;plains;6
7022;218;183;1;land;false;plains;6
7023;226;143;1;land;false;plains;6
7024;218;208;1;land;false;plains;6
7025;217;138;1;land;false;plains;6
7026;206;194;1;land;false;plains;6
7027;212;211;1;land;false;plains;6
7028;234;184;1;land;false;plains;6
7029;240;132;1;land;false;plains;6
7030;184;138;1;land;false;plains;6
7031;202;152;1;land;false;plains;6
7032;208;196;1;land;false;plains;6
7033;237;147;1;land;false;plains;6
7034;89;29;1;land;false;plains;6
7035;104;76;1;land;false;plains;6
7036;90;38;1;land;false;urban;6
7037;41;71;1;land;true;plains;6
7038;58;60;1;land;false;plains;6
7039;40;28;1;land;false;urban;6
7040;94;61;1;land;false;plains;6
7041;48;69;1;land;true;plains;6
7042;71;101;1;land;false;plains;6
7043;92;164;1;land;false;plains;6
7044;111;221;1;land;false;plains;6
7045;124;218;1;land;false;hills;6
7046;50;167;1;land;false;plains;6
7047;103;194;1;land;false;plains;6
7048;81;191;1;land;false;plains;6
7049;81;148;1;land;false;plains;6
7050;97;222;1;land;false;plains;6
7051;55;209;1;land;false;plains;6
7052;206;21;1;land;false;hills;6
7053;139;35;1;land;false;hills;6
7054;185;26;1;land;false;plains;6
7055;142;35;1;land;false;plains;6
7056;152;116;1;land;false;plains;6
7057;182;157;1;land;false;plains;6
7058;196;96;1;land;false;plains;6
7059;191;113;1;land;false;plains;6
7060;194;98;1;land;false;plains;6
7061;208;161;1;land;false;plains;6
7062;159;159;1;land;false;plains;6
7063;177;130;1;land;false;plains;6
7064;187;137;1;land;false;plains;6
7065;177;137;1;land;false;plains;6
7066;184;134;1;land;false;hills;6
7067;155;112;1;land;false;plains;6
7068;186;159;1;land;false;plains;6
7069;160;106;1;land;false;plains;6
7070;198;118;1;land;false;plains;6
7071;200;166;1;land;false;hills;6
7072;229;253;1;land;false;plains;6
7073;222;216;1;land;false;plains;6
7074;247;230;1;land;false;plains;6
7075;217;252;1;land;false;plains;6
7076;209;221;1;land;false;plains;6
7077;214;232;1;land;false;plains;6
7078;217;215;1;land;false;plains;6
7079;235;236;1;land;false;plains;6
7080;233;225;1;land;false;plains;6
7081;224;222;1;land;false;plains;6
7082;236;134;1;land;false;hills;6
7083;247;129;1;land;false;plains;6
7084;240;120;1;land;false;plains;6
7085;234;75;1;land;false;plains;6
7086;248;65;1;land;false;hills;6
7087;239;127;1;land;false;plains;6
7088;228;76;1;land;false;plains;6
7089;251;108;1;land;false;plains;6
7090;237;92;1;land;false;hills;6
7091;246;113;1;land;false;mountain;6
7092;215;76;1;land;false;hills;6
7093;237;108;1;land;false;hills;6
7094;213;89;1;land;false;plains;6
7095;244;132;1;land;false;plains;6
7096;224;62;1;land;false;hills;6
7097;216;61;1;land;false;plains;6
7098;210;134;1;land;false;plains;6
7099;252;63;1;land;false;plains;6
7100;231;119;1;land;false;plains;6
7101;240;97;1;land;false;hills;6
7102;226;84;1;land;false;plains;6
7103;227;100;1;land;false;plains;6
7104;243;106;1;land;false;plains;6
7105;216;103;1;land;false;plains;6
7106;241;120;1;land;false;mountain;6
7107;215;117;1;land;false;plains;6
7108;244;79;1;land;false;hills;6
7109;239;136;1;land;false;plains;6
7110;249;101;1;land;false;urban;6
7111;221;132;1;land;false;hills;6
7112;233;129;1;land;false;plains;6
7113;234;101;1;land;false;hills;6
7114;242;136;1;land;false;plains;6
7115;227;135;1;land;false;hills;6
7116;219;69;1;land;false;plains;6
7117;137;122;1;land;false;plains;6
7118;123;87;1;land;false;hills;6
7119;129;109;1;land;false;plains;6
7120;103;87;1;land;false;plains;6
7121;88;71;1;land;false;plains;6
7122;93;64;1;land;false;plains;6
7123;101;118;1;land;false;plains;6
7124;137;82;1;land;false;plains;6
7125;101;99;1;land;false;hills;6
7126;160;55;1;land;false;mountain;6
7127;223;170;1;land;false;plains;6
7128;189;114;1;land;false;plains;6
7129;214;183;1;land;false;plains;6
7130;213;185;1;land;false;plains;6
7131;225;123;1;land;false;hills;6
7132;202;129;1;land;false;plains;6
7133;238;185;1;land;false;plains;6
7134;200;125;1;land;false;plains;6
7135;202;130;1;land;false;plains;6
7136;186;113;1;land;false;plains;6
7137;251;135;1;land;false;plains;6
7138;188;154;1;land;false;plains;6
7139;137;230;1;land;false;plains;6
7140;174;201;1;land;false;plains;6
7141;168;196;1;land;true;plains;6
7142;141;250;1;land;true;plains;6
7143;168;253;1;land;true;plains;6
7144;59;174;1;land;false;hills;6
7145;75;176;1;land;false;jungle;6
7146;49;171;1;land;false;jungle;6
7147;103;244;1;land;false;jungle;6
7148;68;190;1;land;false;jungle;6
7149;40;190;1;land;false;jungle;6
7150;83;209;1;land;false;jungle;6
7151;54;237;1;land;false;jungle;6
7152;104;232;1;land;false;jungle;6
7153;105;210;1;land;false;jungle;6
7154;81;206;1;land;false;jungle;6
7155;97;181;1;land;false;jungle;6
7156;98;185;1;land;false;jungle;6
7157;58;169;1;land;false;jungle;6
7158;102;207;1;land;false;jungle;6
7159;30;247;1;land;false;jungle;6
7160;84;171;1;land;false;jungle;6
7161;77;228;1;land;false;jungle;6
7162;90;196;1;land;false;jungle;6
7163;34;175;1;land;false;jungle;6
7164;40;202;1;land;false;jungle;6
7165;66;177;1;land;false;jungle;6
7166;50;169;1;land;false;jungle;6
7167;100;189;1;land;false;jungle;6
7168;57;239;1;land;false;jungle;6
7169;86;208;1;land;false;jungle;6
7170;79;215;1;land;false;jungle;6
7171;55;185;1;land;false;jungle;6
7172;104;202;1;land;false;jungle;6
7173;155;247;1;land;false;plains;6
7174;185;206;1;land;false;plains;6
7175;162;242;1;land;false;plains;6
7176;191;182;1;land;false;plains;6
7177;153;171;1;land;false;plains;6
7178;207;235;1;land;false;plains;6
7179;216;249;1;land;false;plains;6
7180;114;222;1;land;false;plains;6
7181;99;221;1;land;false;plains;6
7182;86;177;1;land;false;plains;6
7183;98;21;1;land;false;plains;6
7184;87;41;1;land;false;plains;6
7185;91;46;1;land;false;plains;6
7186;93;47;1;land;false;plains;6
7187;168;31;1;land;false;plains;6
7188;175;11;1;land;false;plains;6
7189;198;59;1;land;false;plains;6
7190;175;28;1;land;false;plains;6
7191;166;34;1;land;false;plains;6
7192;164;57;1;land;false;plains;6
7193;193;48;1;land;false;plains;6
7194;230;41;1;land;false;plains;6
7195;221;32;1;land;false;plains;6
7196;186;45;1;land;false;hills;6
7197;223;27;1;land;false;plains;6
7198;237;25;1;land;false;plains;6
7199;184;40;1;land;false;plains;6
7200;174;44;1;land;false;plains;6
7201;175;37;1;land;false;hills;6
7202;193;23;1;land;false;plains;6
7203;233;46;1;land;false;plains;6
7204;164;46;1;land;false;plains;6
7205;171;31;1;land;false;plains;6
7206;203;23;1;land;true;plains;6
7207;192;0;1;land;false;plains;6
7208;218;17;1;land;false;plains;6
7209;204;0;1;land;false;plains;6
7210;169;24;1;land;false;plains;6
7211;198;40;1;land;false;plains;6
7212;160;49;1;land;false;plains;6
7213;234;57;1;land;false;plains;6
7214;199;14;1;land;false;plains;6
7215;170;57;1;land;false;plains;6
7216;238;46;1;land;false;plains;6
7217;227;37;1;land;false;plains;6
7218;209;54;1;land;false;plains;6
7219;180;36;1;land;true;plains;6
7220;193;58;1;land;false;hills;6
7221;193;12;1;land;false;plains;6
7222;216;30;1;land;false;plains;6
7223;234;23;1;land;false;hills;6
7224;213;45;1;land;false;plains;6
7225;202;2;1;land;false;hills;6
7226;162;13;1;land;false;plains;6
7227;212;0;1;land;false;plains;6
7228;159;29;1;land;false;plains;6
7229;178;29;1;land;false;plains;6
7230;183;42;1;land;true;plains;6
7231;174;12;1;land;false;plains;6
7232;179;28;1;land;false;plains;6
7233;209;48;1;land;false;plains;6
7234;162;59;1;land;false;plains;6
7235;188;43;1;land;false;plains;6
7236;225;155;1;land;false;plains;6
7237;230;153;1;land;false;hills;6
7238;190;141;1;land;false;mountain;6
7239;192;122;1;land;false;plains;6
7240;246;168;1;land;false;hills;6
7241;174;153;1;land;false;plains;6
7242;232;116;1;land;false;plains;6
7243;234;131;1;land;false;hills;6
7244;188;164;1;land;false;plains;6
7245;201;172;1;land;false;plains;6
7246;220;156;1;land;false;mountain;6
7247;247;171;1;land;false;hills;6
7248;208;154;1;land;false;hills;6
7249;189;101;1;land;false;plains;6
7250;179;107;1;land;false;plains;6
7251;232;113;1;land;false;hills;6
7252;210;168;1;land;false;plains;6
7253;192;132;1;land;false;plains;6
7254;248;170;1;land;false;plains;6
7255;181;149;1;land;false;plains;6
7256;178;134;1;land;false;plains;6
7257;218;177;1;land;false;plains;6
7258;249;174;1;land;false;plains;6
7259;209;123;1;land;false;mountain;6
7260;196;146;1;land;false;plains;6
7261;207;125;1;land;false;urban;6
7262;201;98;1;land;false;plains;6
7263;244;127;1;land;false;plains;6
7264;198;151;1;land;false;plains;6
7265;222;150;1;land;false;hills;6
7266;187;124;1;land;false;mountain;6
7267;232;103;1;land;false;plains;6
7268;235;100;1;land;false;mountain;6
7269;244;176;1;land;false;plains;6
7270;187;140;1;land;false;hills;6
7271;172;144;1;land;false;hills;6
7272;204;76;1;land;false;plains;6
7273;134;79;1;land;false;plains;6
7274;196;82;1;land;false;hills;6
7275;163;41;1;land;false;plains;6
7276;153;60;1;land;false;plains;6
7277;143;93;1;land;false;plains;6
7278;192;32;1;land;false;plains;6
7279;139;60;1;land;false;hills;6
7280;187;84;1;land;false;plains;6
7281;144;88;1;land;false;plains;6
7282;203;95;1;land;false;plains;6
7283;194;99;1;land;false;plains;6
7284;43;238;1;land;false;plains;6
7285;16;212;1;land;false;plains;6
7286;32;220;1;land;false;plains;6
7287;41;239;1;land;false;plains;6
7288;41;183;1;land;true;plains;6
7289;23;198;1;land;true;plains;6
7290;31;251;1;land;true;plains;6
7291;44;239;1;land;false;plains;6
7292;14;218;1;land;true;plains;6
7293;9;237;1;land;true;plains;6
7294;2;179;1;land;false;plains;6
7295;31;219;1;land;false;plains;6
7296;29;211;1;land;true;plains;6
7297;29;239;1;land;true;plains;6
7298;40;238;1;land;false;plains;6
7299;3;176;1;land;false;plains;6
7300;33;203;1;land;false;hills;6
7301;37;229;1;land;false;plains;6
7302;36;252;1;land;false;plains;6
7303;38;253;1;land;true;plains;6
7304;7;210;1;land;false;plains;6
7305;17;214;1;land;false;plains;6
7306;17;186;1;land;false;plains;6
7307;38;199;1;land;true;plains;6
7308;1;189;1;land;false;plains;6
7309;43;175;1;land;false;plains;6
7310;16;249;1;land;true;plains;6
7311;35;247;1;land;false;plains;6
7312;43;215;1;land;true;plains;6
7313;13;184;1;land;false;plains;6
7314;6;239;1;land;false;plains;6
7315;0;201;1;land;false;plains;6
7316;12;248;1;land;false;plains;6
7317;31;213;1;land;false;plains;6
7318;15;233;1;land;false;plains;6
7319;28;244;1;land;true;plains;6
7320;19;208;1;land;false;plains;6
7321;7;239;1;land;true;plains;6
7322;36;177;1;land;true;urban;6
7323;19;219;1;land;false;plains;6
7324;88;33;1;land;false;plains;6
7325;84;30;1;land;false;plains;6
7326;123;45;1;land;false;plains;6
7327;104;43;1;land;true;plains;6
7328;123;46;1;land;true;plains;6
7329;139;21;1;land;false;plains;6
7330;72;55;1;land;false;plains;6
7331;139;36;1;land;true;plains;6
7332;97;2;1;land;false;plains;6
7333;112;2;1;land;false;plains;6
7334;109;21;1;land;false;plains;6
7335;78;21;1;land;false;plains;6
7336;71;7;1;land;false;plains;6
7337;84;32;1;land;true;plains;6
7338;114;18;1;land;false;plains;6
7339;125;39;1;land;false;plains;6
7340;113;21;1;land;true;plains;6
7341;113;37;1;land;true;plains;6
7342;83;43;1;land;false;plains;6
7343;89;24;1;land;false;plains;6
7344;95;10;1;land;false;plains;6
7345;91;17;1;land;false;plains;6
7346;103;41;1;land;false;plains;6
7347;76;32;1;land;false;plains;6
7348;88;0;1;land;false;plains;6
7349;134;34;1;land;false;plains;6
7350;129;20;1;land;false;hills;6
7351;79;10;1;land;false;plains;6
7352;90;9;1;land;false;plains;6
7353;100;27;1;land;false;plains;6
7354;99;4;1;land;true;plains;6
7355;106;42;1;land;false;plains;6
7356;108;57;1;land;false;plains;6
7357;139;57;1;land;false;plains;6
7358;92;12;1;land;false;urban;6
7359;122;38;1;land;false;plains;6
7360;115;17;1;land;false;plains;6
7361;113;12;1;land;false;plains;6
7362;120;10;1;land;false;plains;6
7363;82;1;1;land;false;plains;6
7364;84;48;1;land;false;plains;6
7365;141;11;1;land;true;plains;6
7366;72;5;1;land;false;plains;6
7367;115;31;1;land;false;plains;6
7368;85;18;1;land;false;plains;6
7369;83;3;1;land;false;plains;6
7370;76;17;1;land;false;plains;6
7371;108;25;1;land;false;plains;6
7372;82;18;1;land;false;plains;6
7373;69;56;1;land;false;plains;6
7374;123;29;1;land;false;plains;6
7375;146;50;1;land;true;plains;6
7376;148;36;1;land;false;plains;6
7377;126;145;1;land;false;plains;6
7378;180;164;1;land;false;plains;6
7379;170;167;1;land;false;plains;6
7380;192;117;1;land;false;plains;6
7381;193;93;1;land;false;plains;6
7382;150;140;1;land;false;plains;6
7383;171;177;1;land;true;jungle;6
7384;195;171;1;land;false;jungle;6
7385;177;134;1;land;false;jungle;6
7386;166;103;1;land;false;jungle;6
7387;205;131;1;land;true;jungle;6
7388;183;159;1;land;false;jungle;6
7389;213;128;1;land;true;jungle;6
7390;231;163;1;land;true;jungle;6
7391;170;125;1;land;true;jungle;6
7392;219;178;1;land;true;jungle;6
7393;155;114;1;land;false;jungle;6
7394;178;115;1;land;false;jungle;6
7395;178;124;1;land;true;jungle;6
7396;197;165;1;land;true;jungle;6
7397;166;144;1;land;true;jungle;6
7398;216;126;1;land;false;jungle;6
7399;198;142;1;land;true;jungle;6
7400;223;165;1;land;true;jungle;6
7401;176;162;1;land;false;jungle;6
7402;207;142;1;land;false;jungle;6
7403;174;121;1;land;true;jungle;6
7404;185;148;1;land;true;jungle;6
7405;219;132;1;land;false;jungle;6
7406;192;139;1;land;true;jungle;6
7407;226;159;1;land;true;jungle;6
7408;205;98;1;land;true;jungle;6
7409;219;140;1;land;true;jungle;6
7410;176;127;1;land;true;jungle;6
7411;198;166;1;land;false;jungle;6
7412;37;174;1;land;false;plains;6
7413;8;118;1;land;false;plains;6
7414;75;167;1;land;false;mountain;6
7415;39;134;1;land;false;plains;6
7416;21;130;1;land;false;plains;6
7417;35;139;1;land;false;hills;6
7418;63;140;1;land;false;plains;6
7419;5;161;1;land;false;plains;6
7420;42;107;1;land;false;plains;6
7421;73;125;1;land;false;plains;6
7422;5;114;1;land;false;mountain;6
7423;36;109;1;land;false;plains;6
7424;50;134;1;land;false;plains;6
7425;64;102;1;land;false;plains;6
7426;82;147;1;land;false;plains;6
7427;78;141;1;land;false;plains;6
7428;6;104;1;land;false;plains;6
7429;82;116;1;land;false;plains;6
7430;54;151;1;land;false;plains;6
7431;219;115;1;land;false;plains;6
7432;189;123;1;land;true;plains;6
7433;234;94;1;land;true;plains;6
7434;193;131;1;land;true;plains;6
7435;187;99;1;land;true;plains;6
7436;236;126;1;land;true;plains;6
7437;209;141;1;land;true;plains;6
7438;186;147;1;land;false;plains;6
7439;214;151;1;land;false;plains;6
7440;240;214;1;land;false;plains;6
7441;213;209;1;land;false;plains;6
7442;31;50;1;land;false;plains;6
7443;29;58;1;land;false;plains;6
7444;48;102;1;land;false;hills;6
7445;39;61;1;land;false;plains;6
7446;32;43;1;land;false;plains;6
7447;64;112;1;land;false;plains;6
7448;31;52;1;land;false;plains;6
7449;51;74;1;land;false;plains;6
7450;14;88;1;land;false;plains;6
7451;12;52;1;land;false;plains;6
7452;23;51;1;land;false;plains;6
7453;37;89;1;land;false;plains;6
7454;7;100;1;land;false;plains;6
7455;40;45;1;land;false;plains;6
7456;59;98;1;land;false;plains;6
7457;51;72;1;land;false;plains;6
7458;159;208;1;land;false;plains;6
7459;146;165;1;land;false;plains;6
7460;169;197;1;land;false;plains;6
7461;126;172;1;land;false;hills;6
7462;126;165;1;land;true;plains;6
7463;150;209;1;land;false;plains;6
7464;171;187;1;land;false;plains;6
7465;178;173;1;land;false;hills;6
7466;146;231;1;land;false;plains;6
7467;113;214;1;land;false;plains;6
7468;172;237;1;land;false;plains;6
7469;134;217;1;land;false;plains;6
7470;179;179;1;land;false;plains;6
7471;154;194;1;land;false;hills;6
7472;125;207;1;land;false;plains;6
7473;167;169;1;land;false;plains;6
7474;181;176;1;land;false;plains;6
7475;179;234;1;land;false;plains;6
7476;161;217;1;land;true;plains;6
7477;43;176;1;land;false;plains;6
7478;29;200;1;land;false;plains;6
7479;101;163;1;land;false;plains;6
7480;45;193;1;land;false;plains;6
7481;76;148;1;land;false;plains;6
7482;35;245;1;land;false;plains;6
7483;9;207;1;land;false;plains;6
7484;35;228;1;land;false;plains;6
7485;39;146;1;land;false;plains;6
7486;10;70;1;land;true;plains;6
7487;57;116;1;land;false;plains;6
7488;43;94;1;land;false;plains;6
7489;33;108;1;land;false;plains;6
7490;17;71;1;land;false;plains;6
7491;18;89;1;land;false;plains;6
7492;57;126;1;land;false;plains;6
7493;37;88;1;land;true;plains;6
7494;24;100;1;land;false;plains;6
7495;4;111;1;land;false;plains;6
7496;17;94;1;land;true;plains;6
7497;222;31;1;land;false;plains;6
7498;186;76;1;land;false;plains;6
7499;251;36;1;land;false;plains;6
7500;193;52;1;land;false;plains;6
7501;205;21;1;land;false;plains;6
7502;150;205;1;land;false;plains;6
7503;163;132;1;land;false;plains;6
7504;140;170;1;land;false;plains;6
7505;177;250;1;land;false;hills;6
7506;167;247;1;land;false;hills;6
7507;130;237;1;land;false;plains;6
7508;171;194;1;land;false;mountain;6
7509;110;196;1;land;false;plains;6
7510;146;238;1;land;false;hills;6
7511;174;190;1;land;false;plains;6
7512;114;199;1;land;false;hills;6
7513;118;250;1;land;false;plains;6
7514;148;219;1;land;false;plains;6
7515;122;198;1;land;false;plains;6
7516;180;202;1;land;false;plains;6
7517;93;118;1;land;true;plains;6
7518;106;136;1;land;false;plains;6
7519;132;126;1;land;false;plains;6
7520;134;94;1;land;false;plains;6
7521;95;131;1;land;false;urban;6
7522;114;106;1;land;true;plains;6
7523;154;117;1;land;false;plains;6
7524;106;86;1;land;true;plains;6
7525;117;146;1;land;true;plains;6
7526;185;73;1;land;true;plains;6
7527;179;98;1;land;true;plains;6
7528;194;24;1;land;false;plains;6
7529;134;49;1;land;true;plains;6
7530;164;66;1;land;false;plains;6
7531;137;96;1;land;false;plains;6
7532;203;76;1;land;true;plains;6
7533;194;87;1;land;false;urban;6
7534;183;95;1;land;true;plains;6
7535;157;248;1;land;false;plains;6
7536;224;221;1;land;true;plains;6
7537;98;16;1;land;false;plains;6
7538;82;55;1;land;false;plains;6
7539;70;54;1;land;false;hills;6
7540;77;44;1;land;false;plains;6
7541;90;28;1;land;false;hills;6
7542;130;26;1;land;false;plains;6
7543;119;43;1;land;false;mountain;6
7544;135;31;1;land;false;plains;6
7545;146;15;1;land;false;urban;6
7546;74;10;1;land;false;plains;6
7547;94;5;1;land;false;hills;6
7548;108;14;1;land;false;plains;6
7549;101;38;1;land;false;plains;6
7550;113;44;1;land;false;plains;6
7551;94;13;1;land;false;plains;6
7552;115;51;1;land;false;plains;6
7553;70;39;1;land;false;plains;6
7554;90;16;1;land;false;plains;6
7555;109;49;1;land;false;plains;6
7556;113;8;1;land;false;plains;6
7557;124;15;1;land;false;plains;6
7558;9;130;1;land;false;hills;6
7559;12;96;1;land;false;hills;6
7560;19;120;1;land;false;plains;6
7561;23;116;1;land;false;plains;6
7562;30;70;1;land;false;hills;6
7563;11;59;1;land;false;plains;6
7564;32;107;1;land;false;hills;6
7565;3;69;1;land;false;plains;6
7566;8;111;1;land;false;hills;6
7567;14;111;1;land;false;hills;6
7568;40;84;1;land;false;hills;6
7569;38;108;1;land;false;plains;6
7570;34;74;1;land;false;plains;6
7571;27;82;1;land;false;plains;6
7572;22;105;1;land;false;plains;6
7573;178;249;1;land;false;plains;6
7574;120;204;1;land;false;plains;6
7575;117;234;1;land;true;plains;6
7576;152;211;1;land;false;plains;6
7577;113;248;1;land;true;plains;6
7578;163;235;1;land;false;plains;6
7579;160;246;1;land;false;plains;6
7580;176;205;1;land;false;plains;6
7581;175;189;1;land;false;plains;6
7582;117;220;1;land;false;plains;6
7583;162;235;1;land;true;plains;6
7584;148;211;1;land;false;plains;6
7585;185;243;1;land;true;plains;6
7586;112;243;1;land;true;plains;6
7587;122;189;1;land;false;plains;6
7588;138;236;1;land;false;plains;6
7589;29;60;1;land;false;plains;6
7590;28;49;1;land;false;plains;6
7591;37;105;1;land;false;plains;6
7592;82;85;1;land;false;plains;6
7593;44;88;1;land;true;plains;6
7594;68;124;1;land;true;plains;6
7595;46;52;1;land;false;plains;6
7596;70;95;1;land;false;plains;6
7597;19;63;1;land;true;plains;6
7598;11;73;1;land;false;plains;6
7599;41;101;1;land;false;plains;6
7600;181;70;1;land;false;plains;6
7601;234;67;1;land;false;plains;6
7602;61;13;1;land;false;plains;6
7603;98;23;1;land;false;plains;6
7604;68;70;1;land;false;hills;6
7605;69;68;1;land;false;plains;6
7606;79;14;1;land;false;plains;6
7607;132;51;1;land;false;plains;6
7608;56;36;1;land;false;plains;6
7609;14;70;1;land;false;hills;6
7610;10;62;1;land;false;hills;6
7611;41;67;1;land;false;plains;6
7612;27;44;1;land;false;hills;6
7613;44;81;1;land;false;hills;6
7614;20;94;1;land;false;plains;6
7615;38;92;1;land;false;plains;6
7616;28;84;1;land;false;plains;6
7617;25;41;1;land;false;hills;6
7618;27;100;1;land;false;plains;6
7619;0;109;1;land;false;plains;6
7620;0;33;1;land;false;plains;6
7621;221;127;1;land;true;plains;6
7622;220;184;1;land;false;plains;6
7623;36;178;1;land;false;plains;6
7624;33;129;1;land;false;plains;6
7625;20;123;1;land;false;plains;6
7626;20;128;1;land;false;hills;6
7627;13;132;1;land;false;hills;6
7628;45;185;1;land;false;plains;6
7629;53;155;1;land;false;plains;6
7630;27;144;1;land;false;hills;6
7631;10;167;1;land;false;hills;6
7632;202;34;1;land;false;plains;6
7633;102;32;1;land;false;plains;6
7634;64;39;1;land;false;plains;6
7635;59;43;1;land;false;plains;6
7636;124;20;1;land;false;urban;6
7637;81;21;1;land;false;plains;6
7638;85;27;1;land;false;plains;6
7639;244;156;1;land;false;plains;6
7640;202;148;1;land;false;plains;6
7641;230;129;1;land;false;mountain;6
7642;236;181;1;land;false;mountain;6
7643;240;108;1;land;false;hills;6
7644;240;178;1;land;false;hills;6
7645;223;155;1;land;false;plains;6
7646;204;119;1;land;false;hills;6
7647;242;143;1;land;false;hills;6
7648;242;164;1;land;false;hills;6
7649;205;119;1;land;false;hills;6
7650;249;152;1;land;false;hills;6
7651;120;82;1;land;true;plains;6
7652;120;75;1;land;true;plains;6
7653;90;81;1;land;true;plains;6
7654;39;163;1;land;false;plains;6
7655;55;158;1;land;false;plains;6
7656;93;151;1;land;false;urban;6
7657;42;153;1;land;false;plains;6
7658;97;136;1;land;false;plains;6
7659;83;203;1;land;false;plains;6
7660;69;163;1;land;false;plains;6
7661;102;211;1;land;false;urban;6
7662;85;177;1;land;false;plains;6
7663;29;181;1;land;false;plains;6
7664;62;204;1;land;false;plains;6
7665;91;150;1;land;false;plains;6
7666;48;163;1;land;false;urban;6
7667;86;149;1;land;false;plains;6
7668;35;181;1;land;false;plains;6
7669;89;140;1;land;false;plains;6
7670;223;172;1;land;false;plains;6
7671;228;176;1;land;true;plains;6
7672;231;151;1;land;false;urban;6
7673;202;178;1;land;true;plains;6
7674;224;174;1;land;false;plains;6
7675;228;205;1;land;false;plains;6
7676;44;37;1;land;false;plains;6
7677;1;8;1;land;false;plains;6
7678;39;33;1;land;false;plains;6
7679;2;23;1;land;false;plains;6
7680;17;22;1;land;false;plains;6
7681;7;45;1;land;false;plains;6
7682;38;20;1;land;false;plains;6
7683;22;45;1;land;false;plains;6
7684;45;7;1;land;false;plains;6
7685;42;12;1;land;false;plains;6
7686;27;13;1;land;false;urban;6
7687;162;218;1;land;true;plains;6
7688;165;200;1;land;false;plains;6
7689;202;235;1;land;false;plains;6
7690;94;173;1;land;false;plains;6
7691;97;165;1;land;false;plains;6
7692;97;191;1;land;false;plains;6
7693;104;197;1;land;false;plains;6
7694;78;163;1;land;false;plains;6
7695;73;217;1;land;false;plains;6
7696;50;189;1;land;false;plains;6
7697;77;204;1;land;false;plains;6
7698;157;39;1;land;false;plains;6
7699;166;70;1;land;false;plains;6
7700;116;24;1;land;false;plains;6
7701;175;78;1;land;false;plains;6
7702;118;22;1;land;false;plains;6
7703;178;89;1;land;false;plains;6
7704;170;32;1;land;false;hills;6
7705;144;79;1;land;false;plains;6
7706;125;72;1;land;false;plains;6
7707;154;65;1;land;false;plains;6
7708;180;33;1;land;false;plains;6
7709;188;83;1;land;false;plains;6
7710;180;41;1;land;false;plains;6
7711;176;87;1;land;false;plains;6
7712;180;90;1;land;false;plains;6
7713;190;70;1;land;false;plains;6
7714;190;67;1;land;false;plains;6
7715;133;70;1;land;false;plains;6
7716;171;68;1;land;false;urban;6
7717;179;74;1;land;false;plains;6
7718;166;93;1;land;false;hills;6
7719;142;66;1;land;false;plains;6
7720;139;81;1;land;false;plains;6
7721;157;80;1;land;false;urban;6
7722;171;13;1;land;false;plains;6
7723;120;78;1;land;false;plains;6
7724;156;42;1;land;false;plains;6
7725;185;82;1;land;false;plains;6
7726;173;14;1;land;false;plains;6
7727;148;184;1;land;false;plains;6
7728;114;176;1;land;false;plains;6
7729;171;46;1;land;false;plains;6
7730;176;59;1;land;false;plains;6
7731;143;25;1;land;false;plains;6
7732;191;60;1;land;false;plains;6
7733;160;69;1;land;false;plains;6
7734;156;90;1;land;false;plains;6
7735;159;47;1;land;false;plains;6
7736;168;89;1;land;false;plains;6
7737;122;84;1;land;false;plains;6
7738;111;185;1;land;false;plains;6
7739;132;243;1;land;false;plains;6
7740;75;226;1;land;true;plains;6
7741;97;237;1;land;false;plains;6
7742;53;230;1;land;false;plains;6
7743;89;229;1;land;false;plains;6
7744;111;192;1;land;false;plains;6
7745;105;202;1;land;false;plains;6
7746;81;209;1;land;false;plains;6
7747;57;193;1;land;false;plains;6
7748;57;178;1;land;false;plains;6
7749;67;224;1;land;true;plains;6
7750;93;198;1;land;false;plains;6
7751;130;209;1;land;false;plains;6
7752;70;239;1;land;false;plains;6
7753;84;172;1;land;false;plains;6
7754;114;202;1;land;false;plains;6
7755;92;223;1;land;false;plains;6
7756;107;169;1;land;false;plains;6
7757;66;191;1;land;false;plains;6
7758;118;169;1;land;false;plains;6
7759;114;201;1;land;false;plains;6
7760;76;167;1;land;false;plains;6
7761;33;84;1;land;false;plains;6
7762;67;74;1;land;false;plains;6
7763;53;116;1;land;false;plains;6
7764;55;51;1;land;false;plains;6
7765;75;74;1;land;false;urban;6
7766;46;118;1;land;false;plains;6
7767;247;15;1;land;false;hills;6
7768;239;10;1;land;false;plains;6
7769;243;22;1;land;false;plains;6
7770;220;36;1;land;false;plains;6
7771;249;5;1;land;false;plains;6
7772;239;32;1;land;false;plains;6
7773;244;15;1;land;false;hills;6
7774;228;33;1;land;false;plains;6
7775;210;175;1;land;false;plains;6
7776;245;109;1;land;false;hills;6
7777;225;154;1;land;false;plains;6
7778;249;179;1;land;false;plains;6
7779;223;137;1;land;false;plains;6
7780;245;180;1;land;false;plains;6
7781;207;164;1;land;false;plains;6
7782;252;115;1;land;false;mountain;6
7783;249;159;1;land;false;plains;6
7784;66;209;1;land;false;plains;6
7785;20;172;1;land;false;plains;6
7786;58;218;1;land;false;plains;6
7787;68;178;1;land;false;plains;6
7788;6;197;1;land;false;plains;6
7789;48;209;1;land;false;plains;6
7790;16;161;1;land;false;plains;6
7791;12;199;1;land;false;plains;6
7792;24;167;1;land;false;plains;6
7793;48;218;1;land;false;plains;6
7794;94;14;1;land;false;plains;6
7795;115;58;1;land;false;hills;6
7796;92;18;1;land;false;plains;6
7797;66;61;1;land;false;hills;6
7798;83;44;1;land;false;plains;6
7799;136;65;1;land;false;hills;6
7800;68;22;1;land;false;hills;6
7801;138;42;1;land;false;hills;6
7802;73;72;1;land;false;plains;6
7803;22;220;1;land;true;plains;6
7804;44;241;1;land;true;plains;6
7805;36;218;1;land;true;plains;6
7806;45;241;1;land;true;plains;6
7807;59;232;1;land;true;plains;6
7808;49;214;1;land;true;plains;6
7809;215;225;1;land;true;plains;6
7810;188;221;1;land;false;plains;6
7811;179;214;1;land;false;plains;6
7812;196;243;1;land;true;plains;6
7813;188;220;1;land;false;plains;6
7814;198;205;1;land;true;plains;6
7815;222;82;1;land;false;plains;6
7816;210;78;1;land;true;urban;6
7817;225;55;1;land;false;plains;6
7818;212;46;1;land;false;plains;6
7819;235;43;1;land;false;plains;6
7820;202;84;1;land;false;plains;6
7821;247;43;1;land;false;plains;6
7822;142;159;1;land;true;plains;6
7823;114;220;1;land;true;plains;6
7824;101;47;1;land;false;hills;6
7825;124;5;1;land;false;plains;6
7826;97;59;1;land;false;plains;6
7827;85;20;1;land;false;plains;6
7828;123;74;1;land;false;plains;6
7829;73;44;1;land;false;plains;6
7830;140;51;1;land;false;plains;6
7831;133;29;1;land;false;plains;6
7832;118;75;1;land;false;plains;6
7833;129;44;1;land;false;plains;6
7834;131;28;1;land;false;plains;6
7835;73;49;1;land;false;hills;6
7836;59;218;1;land;false;plains;6
7837;91;161;1;land;false;plains;6
7838;81;155;1;land;true;plains;6
7839;76;215;1;land;true;plains;6
7840;84;146;1;land;false;plains;6
7841;201;130;1;land;false;plains;6
7842;168;90;1;land;false;plains;6
7843;221;131;1;land;false;plains;6
7844;162;139;1;land;false;mountain;6
7845;224;160;1;land;false;plains;6
7846;158;96;1;land;false;plains;6
7847;169;123;1;land;false;plains;6
7848;214;120;1;land;false;plains;6
7849;212;159;1;land;false;hills;6
7850;200;139;1;land;false;hills;6
7851;228;142;1;land;false;hills;6
7852;200;123;1;land;false;plains;6
7853;187;97;1;land;false;plains;6
7854;172;107;1;land;false;plains;6
7855;179;120;1;land;false;hills;6
7856;204;93;1;land;false;plains;6
7857;225;134;1;land;false;plains;6
7858;198;130;1;land;false;mountain;6
7859;208;108;1;land;false;plains;6
7860;194;96;1;land;false;plains;6
7861;163;125;1;land;false;plains;6
7862;160;101;1;land;false;plains;6
7863;177;158;1;land;false;plains;6
7864;199;100;1;land;false;plains;6
7865;194;97;1;land;false;plains;6
7866;175;109;1;land;false;plains;6
7867;185;115;1;land;false;hills;6
7868;23;232;1;land;false;plains;6
7869;30;239;1;land;false;plains;6
7870;243;72;1;land;false;plains;6
7871;240;65;1;land;false;plains;6
7872;240;47;1;land;false;plains;6
7873;243;88;1;land;false;plains;6
7874;225;116;1;land;false;plains;6
7875;232;108;1;land;false;plains;6
7876;253;76;1;land;false;plains;6
7877;220;88;1;land;false;mountain;6
7878;207;105;1;land;false;plains;6
7879;217;73;1;land;false;plains;6
7880;253;66;1;land;false;plains;6
7881;234;155;1;land;true;plains;6
7882;252;154;1;land;true;plains;6
7883;208;142;1;land;true;plains;6
7884;140;8;1;land;false;plains;6
7885;141;49;1;land;false;plains;6
7886;144;5;1;land;false;plains;6
7887;165;24;1;land;false;plains;6
7888;140;27;1;land;false;plains;6
7889;161;9;1;land;false;plains;6
7890;6;242;1;land;true;plains;6
7891;15;252;1;land;true;plains;6
7892;6;245;1;land;false;plains;6
7893;18;227;1;land;false;plains;6
7894;148;220;1;land;false;plains;6
7895;139;197;1;land;false;plains;6
7896;195;200;1;land;false;plains;6
7897;242;67;1;land;false;plains;6
7898;224;91;1;land;false;urban;6
7899;232;95;1;land;false;plains;6
7900;225;88;1;land;false;plains;6
7901;207;80;1;land;false;plains;6
7902;246;61;1;land;false;plains;6
7903;227;44;1;land;false;plains;6
7904;236;80;1;land;false;urban;6
7905;203;63;1;land;false;plains;6
7906;240;77;1;land;false;plains;6
7907;241;79;1;land;false;plains;6
7908;248;72;1;land;false;hills;6
7909;252;42;1;land;false;plains;6
7910;6;31;1;land;false;plains;6
7911;49;77;1;land;false;plains;6
7912;35;95;1;land;false;hills;6
7913;20;48;1;land;false;plains;6
7914;23;28;1;land;false;hills;6
7915;114;143;1;land;false;plains;6
7916;141;122;1;land;false;plains;6
7917;142;106;1;land;false;plains;6
7918;105;100;1;land;false;hills;6
7919;125;142;1;land;false;plains;6
7920;106;120;1;land;false;plains;6
7921;172;70;1;land;false;plains;6
7922;170;110;1;land;false;plains;6
7923;108;116;1;land;false;plains;6
7924;108;108;1;land;false;plains;6
7925;110;123;1;land;false;plains;6
7926;141;109;1;land;false;plains;6
7927;117;66;1;land;false;plains;6
7928;122;137;1;land;false;plains;6
7929;18;134;1;land;false;plains;6
7930;29;97;1;land;false;plains;6
7931;90;86;1;land;false;plains;6
7932;88;64;1;land;false;plains;6
7933;56;71;1;land;false;plains;6
7934;42;72;1;land;false;plains;6
7935;66;130;1;land;false;plains;6
7936;51;78;1;land;false;plains;6
7937;75;83;1;land;false;plains;6
7938;88;116;1;land;false;hills;6
7939;87;133;1;land;false;plains;6
7940;233;94;1;land;false;hills;6
7941;209;19;1;land;false;hills;6
7942;253;86;1;land;false;plains;6
7943;236;60;1;land;false;plains;6
7944;236;21;1;land;false;plains;6
7945;233;37;1;land;false;plains;6
7946;239;68;1;land;false;plains;6
7947;208;16;1;land;false;plains;6
7948;233;91;1;land;false;plains;6
7949;213;38;1;land;false;plains;6
7950;6;42;1;land;false;hills;6
7951;22;19;1;land;false;plains;6
7952;45;35;1;land;false;hills;6
7953;39;38;1;land;false;hills;6
7954;82;83;1;land;false;plains;6
7955;197;183;1;land;false;plains;6
7956;219;239;1;land;false;plains;6
7957;212;193;1;land;false;plains;6
7958;176;243;1;land;false;plains;6
7959;205;198;1;land;false;hills;6
7960;235;228;1;land;false;plains;6
7961;219;251;1;land;false;plains;6
7962;197;246;1;land;false;plains;6
7963;229;186;1;land;false;plains;6
7964;175;212;1;land;false;plains;6
7965;244;240;1;land;false;plains;6
7966;186;210;1;land;false;hills;6
7967;170;188;1;land;false;hills;6
7968;238;187;1;land;false;plains;6
7969;248;208;1;land;false;plains;6
7970;241;178;1;land;false;plains;6
7971;207;181;1;land;false;plains;6
7972;214;189;1;land;false;plains;6
7973;176;181;1;land;false;plains;6
7974;179;244;1;land;false;plains;6
7975;211;252;1;land;false;plains;6
7976;243;208;1;land;false;plains;6
7977;221;243;1;land;false;hills;6
7978;172;193;1;land;false;plains;6
7979;223;224;1;land;false;plains;6
7980;190;235;1;land;false;plains;6
7981;207;177;1;land;false;plains;6
7982;237;238;1;land;false;plains;6
7983;230;223;1;land;false;plains;6
7984;240;203;1;land;false;plains;6
7985;196;181;1;land;false;plains;6
7986;215;226;1;land;false;plains;6
7987;219;221;1;land;false;hills;6
7988;180;254;1;land;false;plains;6
7989;183;237;1;land;false;plains;6
7990;179;212;1;land;false;plains;6
7991;242;233;1;land;false;plains;6
7992;82;208;1;land;false;plains;6
7993;87;178;1;land;false;hills;6
7994;97;170;1;land;false;plains;6
7995;71;230;1;land;false;plains;6
7996;126;195;1;land;false;plains;6
7997;116;180;1;land;false;plains;6
7998;130;219;1;land;false;plains;6
7999;132;199;1;land;false;plains;6
8000;115;168;1;land;false;urban;6
8001;81;225;1;land;false;plains;6
8002;86;179;1;land;false;plains;6
8003;98;217;1;land;false;plains;6
8004;4;222;1;land;false;plains;6
8005;234;64;1;land;true;plains;6
8006;167;28;1;land;false;hills;6
8007;208;31;1;land;false;hills;6
8008;210;96;1;land;false;hills;6
8009;186;59;1;land;false;hills;6
8010;139;213;1;land;false;plains;6
8011;155;193;1;land;false;plains;6
8012;193;224;1;land;false;hills;6
8013;171;195;1;land;false;plains;6
8014;127;213;1;land;false;plains;6
8015;162;173;1;land;false;plains;6
8016;146;196;1;land;false;plains;6
8017;193;166;1;land;false;plains;6
8018;197;203;1;land;false;plains;6
8019;138;237;1;land;false;plains;6
8020;144;168;1;land;false;plains;6
8021;162;167;1;land;false;plains;6
8022;131;192;1;land;false;plains;6
8023;184;227;1;land;false;plains;6
8024;192;225;1;land;false;plains;6
8025;175;211;1;land;false;plains;6
8026;61;140;1;land;false;plains;6
8027;62;140;1;land;false;plains;6
8028;57;149;1;land;false;plains;6
8029;31;181;1;land;false;plains;6
8030;27;133;1;land;false;plains;6
8031;20;171;1;land;false;plains;6
8032;18;154;1;land;false;plains;6
8033;57;147;1;land;false;plains;6
8034;38;169;1;land;false;urban;6
8035;60;174;1;land;false;plains;6
8036;72;254;1;land;false;plains;6
8037;88;240;1;land;false;plains;6
8038;44;217;1;land;false;plains;6
8039;79;221;1;land;false;plains;6
8040;81;216;1;land;false;plains;6
8041;57;214;1;land;true;plains;6
8042;47;253;1;land;true;plains;6
8043;36;237;1;land;false;plains;6
8044;68;238;1;land;true;plains;6
8045;47;240;1;land;false;plains;6
8046;99;248;1;land;false;plains;6
8047;104;236;1;land;false;plains;6
8048;50;123;1;land;false;plains;6
8049;117;69;1;land;false;plains;6
8050;249;76;1;land;false;plains;6
8051;246;40;1;land;false;plains;6
8052;219;85;1;land;false;plains;6
8053;254;64;1;land;false;hills;6
8054;252;61;1;land;false;plains;6
8055;222;45;1;land;false;plains;6
8056;238;107;1;land;false;hills;6
8057;216;94;1;land;false;plains;6
8058;220;56;1;land;false;hills;6
8059;219;62;1;land;false;plains;6
8060;245;66;1;land;false;plains;6
8061;225;51;1;land;false;plains;6
8062;209;76;1;land;false;plains;6
8063;232;93;1;land;false;hills;6
8064;227;64;1;land;false;plains;6
8065;244;80;1;land;false;plains;6
8066;237;96;1;land;false;hills;6
8067;237;70;1;land;false;plains;6
8068;224;113;1;land;false;plains;6
8069;244;101;1;land;false;plains;6
8070;215;85;1;land;false;plains;6
8071;232;57;1;land;false;plains;6
8072;129;201;1;land;false;jungle;6
8073;131;144;1;land;false;jungle;6
8074;112;170;1;land;false;jungle;6
8075;122;148;1;land;false;jungle;6
8076;83;145;1;land;false;jungle;6
8077;112;139;1;land;false;jungle;6
8078;85;192;1;land;false;jungle;6
8079;108;189;1;land;false;jungle;6
8080;130;191;1;land;false;jungle;6
8081;122;143;1;land;true;jungle;6
8082;87;205;1;land;true;jungle;6
8083;110;208;1;land;false;jungle;6
8084;137;176;1;land;false;jungle;6
8085;88;207;1;land;false;hills;6
8086;115;200;1;land;false;jungle;6
8087;126;184;1;land;false;jungle;6
8088;132;197;1;land;false;jungle;6
8089;139;155;1;land;true;jungle;6
8090;80;187;1;land;false;jungle;6
8091;94;182;1;land;false;jungle;6
8092;89;147;1;land;true;jungle;6
8093;112;206;1;land;true;jungle;6
8094;71;195;1;land;false;jungle;6
8095;98;176;1;land;false;jungle;6
8096;126;164;1;land;false;hills;6
8097;91;206;1;land;false;jungle;6
8098;100;201;1;land;false;jungle;6
8099;109;160;1;land;false;jungle;6
8100;90;148;1;land;false;jungle;6
8101;142;142;1;land;true;jungle;6
8102;89;142;1;land;false;jungle;6
8103;96;200;1;land;false;jungle;6
8104;135;168;1;land;true;jungle;6
8105;84;158;1;land;false;jungle;6
8106;73;165;1;land;false;hills;6
8107;142;174;1;land;false;jungle;6
8108;98;169;1;land;false;hills;6
8109;108;167;1;land;false;jungle;6
8110;71;189;1;land;false;jungle;6
8111;119;161;1;land;false;jungle;6
8112;39;151;1;land;false;hills;6
8113;49;205;1;land;false;plains;6
8114;21;160;1;land;false;plains;6
8115;20;191;1;land;false;plains;6
8116;205;225;1;land;false;jungle;6
8117;233;227;1;land;false;jungle;6
8118;245;229;1;land;false;jungle;6
8119;237;232;1;land;false;jungle;6
8120;205;254;1;land;false;jungle;6
8121;222;248;1;land;false;jungle;6
8122;200;232;1;land;false;jungle;6
8123;195;222;1;land;false;jungle;6
8124;222;219;1;land;false;jungle;6
8125;234;239;1;land;false;jungle;6
8126;215;249;1;land;false;jungle;6
8127;243;222;1;land;false;jungle;6
8128;229;223;1;land;false;jungle;6
8129;194;216;1;land;false;hills;6
8130;228;248;1;land;false;jungle;6
8131;245;218;1;land;false;jungle;6
8132;202;218;1;land;false;jungle;6
8133;191;223;1;land;false;jungle;6
8134;197;226;1;land;false;hills;6
8135;210;248;1;land;false;jungle;6
8136;230;246;1;land;false;jungle;6
8137;223;222;1;land;false;jungle;6
8138;216;254;1;land;false;jungle;6
8139;193;231;1;land;false;jungle;6
8140;228;239;1;land;false;jungle;6
8141;230;229;1;land;false;jungle;6
8142;231;223;1;land;false;jungle;6
8143;245;211;1;land;false;jungle;6
8144;214;237;1;land;false;jungle;6
8145;236;219;1;land;false;jungle;6
8146;238;98;1;land;false;plains;6
8147;170;95;1;land;false;plains;6
8148;224;138;1;land;false;plains;6
8149;194;123;1;land;false;plains;6
8150;206;106;1;land;false;plains;6
8151;117;239;1;land;false;plains;6
8152;208;48;1;land;false;plains;3
8153;242;15;1;land;false;plains;3
8154;207;0;1;land;false;plains;3
8155;233;22;1;land;false;plains;3
8156;211;28;1;land;false;plains;3
8157;212;51;1;land;false;plains;3
8158;245;10;1;land;false;plains;3
8159;226;58;1;land;false;plains;3
8160;121;89;1;land;false;plains;3
8161;122;104;1;land;false;plains;3
8162;160;88;1;land;false;plains;3
8163;115;75;1;land;true;plains;3
8164;165;77;1;land;false;plains;3
8165;170;55;1;land;false;urban;3
8166;167;71;1;land;false;plains;3
8167;156;59;1;land;false;plains;3
8168;187;46;1;land;false;plains;3
8169;175;110;1;land;false;plains;3
8170;116;89;1;land;false;plains;3
8171;150;117;1;land;true;plains;3
8172;165;92;1;land;false;plains;3
8173;169;46;1;land;false;plains;3
8174;146;114;1;land;false;plains;3
8175;142;92;1;land;false;plains;3
8176;150;101;1;land;false;plains;3
8177;80;137;1;land;false;plains;3
8178;65;172;1;land;true;plains;3
8179;132;157;1;land;true;plains;3
8180;65;137;1;land;false;plains;3
8181;103;111;1;land;false;plains;3
8182;86;150;1;land;false;plains;3
8183;113;159;1;land;false;urban;3
8184;134;183;1;land;false;plains;3
8185;89;163;1;land;true;plains;3
8186;80;144;1;land;false;plains;3
8187;60;162;1;land;false;plains;3
8188;81;143;1;land;true;plains;3
8189;76;143;1;land;false;plains;3
8190;129;158;1;land;false;plains;3
8191;68;109;1;land;false;plains;3
8192;161;245;1;land;true;plains;3
8193;171;234;1;land;true;plains;3
8194;134;154;1;land;true;plains;3
8195;182;182;1;land;true;plains;3
8196;205;174;1;land;true;plains;3
8197;139;171;1;land;true;plains;3
8198;186;155;1;land;true;plains;3
8199;147;203;1;land;true;plains;3
8200;179;132;1;land;true;plains;3
8201;169;134;1;land;true;plains;3
8202;227;97;1;land;true;plains;3
8203;233;52;1;land;true;plains;3
8204;210;81;1;land;true;plains;3
8205;187;63;1;land;true;plains;3
8206;252;109;1;land;false;plains;3
8207;108;36;1;land;false;plains;3
8208;91;74;1;land;true;plains;3
8209;127;36;1;land;true;plains;3
8210;106;55;1;land;true;plains;3
8211;130;83;1;land;true;plains;3
8212;125;35;1;land;true;plains;3
8213;173;113;1;land;false;plains;3
8214;182;87;1;land;false;plains;3
8215;233;50;1;land;true;plains;3
8216;216;44;1;land;false;plains;3
8217;173;74;1;land;false;plains;3
8218;219;104;1;land;true;plains;3
8219;190;86;1;land;true;plains;3
8220;167;103;1;land;true;plains;3
8221;211;98;1;land;false;plains;3
8222;188;119;1;land;false;plains;3
8223;229;44;1;land;false;plains;3
8224;164;120;1;land;false;plains;3
8225;197;47;1;land;true;plains;3
8226;174;118;1;land;false;plains;3
8227;197;64;1;land;false;plains;3
8228;166;59;1;land;false;plains;3
8229;167;87;1;land;false;plains;3
8230;241;58;1;land;false;plains;3
8231;241;104;1;land;false;plains;3
8232;168;84;1;land;false;plains;3
8233;164;55;1;land;false;plains;3
8234;215;74;1;land;true;urban;3
8235;214;58;1;land;false;plains;3
8236;207;59;1;land;false;plains;3
8237;212;66;1;land;false;plains;3
8238;178;47;1;land;false;urban;3
8239;172;86;1;land;false;plains;3
8240;214;119;1;land;false;plains;3
8241;100;244;1;land;false;plains;3
8242;52;232;1;land;false;plains;3
8243;62;214;1;land;false;plains;3
8244;56;248;1;land;false;plains;3
8245;84;199;1;land;false;plains;3
8246;81;230;1;land;false;plains;3
8247;92;252;1;land;false;plains;3
8248;46;201;1;land;false;plains;3
8249;56;214;1;land;false;plains;3
8250;54;231;1;land;false;plains;3
8251;90;230;1;land;false;plains;3
8252;68;217;1;land;false;plains;3
8253;233;174;1;land;false;plains;3
8254;227;128;1;land;false;plains;3
8255;189;177;1;land;false;plains;3
8256;243;118;1;land;false;plains;3
8257;223;109;1;land;false;plains;3
8258;220;109;1;land;false;plains;3
8259;251;114;1;land;false;plains;3
8260;198;177;1;land;false;plains;3
8261;229;121;1;land;false;plains;3
8262;227;159;1;land;false;plains;3
8263;116;183;1;land;false;plains;3
8264;126;176;1;land;false;plains;3
8265;136;189;1;land;false;plains;3
8266;121;195;1;land;false;plains;3
8267;163;206;1;land;false;plains;3
8268;154;160;1;land;true;plains;3
8269;93;209;1;land;true;plains;3
8270;94;211;1;land;false;plains;3
8271;125;214;1;land;true;plains;3
8272;160;203;1;land;false;plains;3
8273;229;32;1;land;false;plains;3
8274;248;14;1;land;true;plains;3
8275;217;71;1;land;true;plains;3
8276;235;53;1;land;true;plains;3
8277;254;37;1;land;true;plains;3
8278;223;71;1;land;false;plains;3
8279;206;235;1;land;true;plains;3
8280;227;228;1;land;true;plains;3
8281;195;224;1;land;true;plains;3
8282;199;216;1;land;true;plains;3
8283;238;223;1;land;true;plains;3
8284;238;247;1;land;true;plains;3
8285;205;222;1;land;true;plains;3
8286;240;237;1;land;true;plains;3
8287;209;243;1;land;true;plains;3
8288;182;207;1;land;true;plains;3
8289;213;241;1;land;true;plains;3
8290;207;219;1;land;true;plains;3
8291;211;253;1;land;true;plains;3
8292;240;235;1;land;true;plains;3
8293;243;229;1;land;true;plains;3
8294;247;246;1;land;false;plains;3
8295;163;20;1;land;false;plains;3
8296;154;36;1;land;true;plains;3
8297;173;58;1;land;false;plains;3
8298;207;74;1;land;false;plains;3
8299;251;130;1;land;false;plains;3
8300;191;83;1;land;false;plains;3
8301;242;82;1;land;false;plains;3
8302;186;108;1;land;false;plains;3
8303;188;69;1;land;false;plains;3
8304;217;83;1;land;false;plains;3
8305;235;98;1;land;false;plains;3
8306;207;73;1;land;false;plains;3
8307;233;128;1;land;false;plains;3
8308;236;101;1;land;false;plains;3
8309;216;87;1;land;false;plains;3
8310;239;115;1;land;false;plains;3
8311;196;74;1;land;false;plains;3
8312;210;110;1;land;false;plains;3
8313;208;67;1;land;false;plains;3
8314;70;74;1;land;false;plains;3
8315;85;115;1;land;false;plains;3
8316;35;123;1;land;false;plains;3
8317;44;127;1;land;false;plains;3
8318;84;93;1;land;false;plains;3
8319;75;97;1;land;false;plains;3
8320;85;98;1;land;false;plains;3
8321;86;136;1;land;false;plains;3
8322;87;78;1;land;false;plains;3
8323;50;111;1;land;false;hills;3
8324;90;83;1;land;false;plains;3
8325;141;211;1;land;false;plains;3
8326;97;160;1;land;false;plains;3
8327;115;231;1;land;false;plains;3
8328;137;229;1;land;false;plains;3
8329;36;111;1;land;false;plains;3
8330;17;80;1;land;false;plains;3
8331;39;58;1;land;false;plains;3
8332;3;90;1;land;true;plains;3
8333;32;82;1;land;true;plains;3
8334;43;35;1;land;true;plains;3
8335;18;66;1;land;true;plains;3
8336;141;214;1;land;true;plains;3
8337;115;219;1;land;true;plains;3
8338;89;221;1;land;false;plains;3
8339;77;239;1;land;false;plains;3
8340;145;226;1;land;true;plains;3
8341;230;211;1;land;true;plains;3
8342;170;250;1;land;false;plains;3
8343;216;215;1;land;true;plains;3
8344;207;185;1;land;true;plains;3
8345;203;184;1;land;true;plains;3
8346;194;182;1;land;true;plains;3
8347;152;242;1;land;true;plains;3
8348;226;216;1;land;false;plains;3
8349;180;185;1;land;false;urban;3
8350;210;186;1;land;true;plains;3
8351;169;234;1;land;true;plains;3
8352;196;216;1;land;true;plains;3
8353;224;196;1;land;true;plains;3
8354;210;196;1;land;false;plains;3
8355;229;212;1;land;false;plains;3
8356;227;225;1;land;true;plains;3
8357;163;226;1;land;true;plains;3
8358;154;222;1;land;false;plains;3
8359;215;193;1;land;true;plains;3
8360;179;221;1;land;true;plains;3
8361;164;245;1;land;true;plains;3
8362;168;230;1;land;true;plains;3
8363;205;208;1;land;false;plains;3
8364;213;184;1;land;true;plains;3
8365;173;236;1;land;false;plains;3
8366;158;182;1;land;true;plains;3
8367;231;204;1;land;true;plains;3
8368;153;212;1;land;false;urban;3
8369;216;208;1;land;true;plains;3
8370;193;230;1;land;true;plains;3
8371;172;192;1;land;true;plains;3
8372;219;182;1;land;true;plains;3
8373;182;219;1;land;false;plains;3
8374;154;177;1;land;false;plains;3
8375;200;209;1;land;true;plains;3
8376;157;184;1;land;true;plains;3
8377;140;67;1;land;false;plains;3
8378;118;44;1;land;false;plains;3
8379;135;66;1;land;false;plains;3
8380;82;32;1;land;false;plains;3
8381;135;24;1;land;false;plains;3
8382;108;23;1;land;false;plains;3
8383;148;32;1;land;false;plains;3
8384;152;52;1;land;false;plains;3
8385;85;29;1;land;false;plains;3
8386;96;2;1;land;true;plains;3
8387;82;3;1;land;false;urban;3
8388;121;30;1;land;false;plains;3
8389;93;14;1;land;false;plains;3
8390;85;60;1;land;false;plains;3
8391;132;24;1;land;false;plains;3
8392;80;188;1;land;true;plains;3
8393;201;38;1;land;true;plains;3
8394;214;73;1;land;true;plains;3
8395;213;17;1;land;true;plains;3
8396;143;199;1;land;true;plains;3
8397;161;249;1;land;true;plains;3
8398;154;200;1;land;false;plains;3
8399;209;237;1;land;false;plains;3
8400;82;114;1;land;false;plains;7
8401;94;193;1;land;true;plains;7
8402;137;157;1;land;false;plains;7
8403;83;165;1;land;true;plains;7
8404;79;191;1;land;true;plains;7
8405;62;112;1;land;false;plains;7
8406;93;138;1;land;false;plains;7
8407;107;143;1;land;false;urban;7
8408;199;104;1;land;true;plains;7
8409;209;126;1;land;true;plains;7
8410;229;10;1;land;false;urban;7
8411;227;10;1;land;false;plains;7
8412;222;3;1;land;false;plains;7
8413;194;2;1;land;false;plains;7
8414;252;32;1;land;false;urban;7
8415;28;171;1;land;false;urban;7
8416;9;167;1;land;false;plains;7
8417;26;168;1;land;false;plains;7
8418;7;152;1;land;false;plains;7
8419;3;216;1;land;false;urban;7
8420;14;187;1;land;false;urban;7
8421;76;138;1;land;true;plains;7
8422;69;140;1;land;false;urban;7
8423;97;92;1;land;false;plains;7
8424;25;68;1;land;true;plains;7
8425;58;61;1;land;false;plains;7
8426;7;44;1;land;false;urban;7
8427;14;96;1;land;false;plains;7
8428;44;107;1;land;false;plains;7
8429;41;99;1;land;false;urban;7
8430;14;130;1;land;false;plains;7
8431;5;107;1;land;false;plains;7
8432;22;99;1;land;false;plains;7
8433;65;106;1;land;false;plains;7
8434;12;126;1;land;false;plains;7
8435;7;66;1;land;false;plains;7
8436;8;127;1;land;false;plains;7
8437;18;136;1;land;false;plains;7
8438;160;47;1;land;false;urban;7
8439;113;55;1;land;false;urban;7
8440;123;53;1;land;true;plains;7
8441;120;71;1;land;true;plains;7
8442;130;13;1;land;true;plains;7
8443;163;63;1;land;true;urban;7
8444;125;27;1;land;true;plains;7
8445;151;71;1;land;true;urban;7
8446;109;22;1;land;true;plains;7
8447;166;20;1;land;false;urban;7
8448;171;16;1;land;false;urban;7
8449;157;23;1;land;true;urban;7
8450;110;5;1;land;false;urban;7
8451;169;57;1;land;true;plains;7
8452;110;6;1;land;true;plains;7
8453;143;33;1;land;true;plains;7
8454;160;11;1;land;true;plains;7
8455;167;53;1;land;true;plains;7
8456;156;58;1;land;false;plains;7
8457;153;244;1;land;false;plains;5
8458;127;217;1;land;false;plains;5
8459;124;239;1;land;false;plains;5
8460;135;211;1;land;false;plains;5
8461;87;215;1;land;false;plains;5
8462;138;254;1;land;false;plains;5
8463;151;225;1;land;false;plains;5
8464;123;220;1;land;false;plains;5
8465;83;226;1;land;false;plains;5
8466;159;241;1;land;false;hills;5
8467;158;251;1;land;false;plains;5
8468;96;248;1;land;false;plains;5
8469;159;242;1;land;false;plains;5
8470;106;233;1;land;false;hills;5
8471;96;234;1;land;false;hills;5
8472;154;230;1;land;false;plains;5
8473;154;248;1;land;false;plains;5
8474;147;177;1;land;true;plains;5
8475;159;189;1;land;true;plains;5
8476;188;196;1;land;false;plains;5
8477;143;197;1;land;false;plains;5
8478;151;170;1;land;false;plains;5
8479;136;174;1;land;true;plains;5
8480;188;140;1;land;true;plains;5
8481;159;195;1;land;false;plains;5
8482;106;80;1;land;false;plains;5
8483;58;80;1;land;false;plains;5
8484;98;97;1;land;false;plains;5
8485;80;97;1;land;false;hills;5
8486;108;31;1;land;false;plains;5
8487;67;37;1;land;false;plains;5
8488;94;100;1;land;false;plains;5
8489;122;36;1;land;false;plains;5
8490;87;80;1;land;false;plains;5
8491;73;40;1;land;false;plains;5
8492;58;99;1;land;false;plains;5
8493;79;42;1;land;false;plains;5
8494;74;53;1;land;false;urban;5
8495;127;54;1;land;false;plains;5
8496;56;47;1;land;true;plains;5
8497;92;72;1;land;false;plains;5
8498;83;37;1;land;false;plains;5
8499;57;97;1;land;false;plains;5
8500;112;85;1;land;false;plains;5
8501;92;76;1;land;false;plains;5
8502;69;64;1;land;false;plains;5
8503;81;68;1;land;false;plains;5
8504;72;67;1;land;false;plains;5
8505;126;58;1;land;false;plains;5
8506;86;71;1;land;false;plains;5
8507;124;49;1;land;false;plains;5
8508;74;85;1;land;false;plains;5
8509;131;243;1;land;false;hills;5
8510;99;210;1;land;false;plains;5
8511;115;229;1;land;false;plains;5
8512;150;248;1;land;false;plains;5
8513;151;211;1;land;false;plains;5
8514;165;232;1;land;false;plains;5
8515;131;233;1;land;false;plains;5
8516;107;211;1;land;false;plains;5
8517;158;212;1;land;false;plains;5
8518;146;234;1;land;false;plains;5
8519;115;218;1;land;false;plains;5
8520;170;244;1;land;false;plains;5
8521;131;252;1;land;false;plains;5
8522;166;234;1;land;false;plains;5
8523;148;235;1;land;false;plains;5
8524;118;228;1;land;false;plains;5
8525;106;247;1;land;false;plains;5
8526;95;227;1;land;false;plains;5
8527;162;254;1;land;false;plains;5
8528;106;221;1;land;false;plains;5
8529;117;217;1;land;false;plains;5
8530;98;234;1;land;false;plains;5
8531;109;218;1;land;false;plains;5
8532;95;217;1;land;false;plains;5
8533;150;242;1;land;false;plains;5
8534;102;232;1;land;false;plains;5
8535;105;247;1;land;false;plains;5
8536;123;243;1;land;false;plains;5
8537;151;230;1;land;false;plains;5
8538;117;247;1;land;false;plains;5
8539;155;242;1;land;false;plains;5
8540;166;219;1;land;false;plains;5
8541;129;241;1;land;false;plains;5
8542;149;215;1;land;false;hills;5
8543;167;211;1;land;false;plains;5
8544;124;233;1;land;false;hills;5
8545;158;211;1;land;false;plains;5
8546;112;223;1;land;false;plains;5
8547;144;212;1;land;false;plains;5
8548;106;254;1;land;false;plains;5
8549;155;235;1;land;false;hills;5
8550;146;225;1;land;false;plains;5
8551;136;214;1;land;false;plains;5
8552;165;254;1;land;false;plains;5
8553;117;223;1;land;false;plains;5
8554;119;220;1;land;false;plains;5
8555;169;252;1;land;false;plains;5
8556;118;216;1;land;false;hills;5
8557;137;232;1;land;false;plains;5
8558;102;254;1;land;false;plains;5
8559;150;216;1;land;false;plains;5
8560;121;239;1;land;false;plains;5
8561;105;246;1;land;false;plains;5
8562;129;225;1;land;false;plains;5
8563;146;233;1;land;false;plains;5
8564;154;243;1;land;false;plains;5
8565;147;214;1;land;false;plains;5
8566;172;250;1;land;false;plains;5
8567;138;222;1;land;false;plains;5
8568;49;56;1;land;false;plains;5
8569;62;32;1;land;false;plains;5
8570;85;46;1;land;true;plains;5
8571;99;74;1;land;false;plains;5
8572;66;94;1;land;false;plains;5
8573;110;90;1;land;false;plains;5
8574;62;85;1;land;false;plains;5
8575;62;82;1;land;false;plains;5
8576;48;63;1;land;false;plains;5
8577;92;43;1;land;false;plains;5
8578;90;98;1;land;false;plains;5
8579;51;80;1;land;false;plains;5
8580;108;92;1;land;false;plains;5
8581;99;61;1;land;false;plains;5
8582;94;76;1;land;false;plains;5
8583;41;52;1;land;false;plains;5
8584;108;65;1;land;false;plains;5
8585;79;45;1;land;true;plains;5
8586;214;26;1;land;false;plains;5
8587;150;21;1;land;false;plains;5
8588;192;6;1;land;false;plains;5
8589;198;9;1;land;false;plains;5
8590;186;44;1;land;false;plains;5
8591;210;30;1;land;false;plains;5
8592;184;35;1;land;false;plains;5
8593;197;10;1;land;false;plains;5
8594;204;13;1;land;false;plains;5
8595;165;32;1;land;false;plains;5
8596;164;23;1;land;false;plains;5
8597;177;5;1;land;false;plains;5
8598;183;80;1;land;true;plains;5
8599;165;47;1;land;false;plains;5
8600;158;78;1;land;false;plains;5
8601;161;118;1;land;false;plains;5
8602;134;48;1;land;false;plains;5
8603;202;50;1;land;false;plains;5
8604;176;92;1;land;false;plains;5
8605;192;77;1;land;false;plains;5
8606;175;122;1;land;false;plains;5
8607;212;87;1;land;false;plains;5
8608;186;56;1;land;false;plains;5
8609;186;87;1;land;false;plains;5
8610;169;65;1;land;false;plains;5
8611;146;117;1;land;false;plains;5
8612;183;121;1;land;false;plains;5
8613;185;68;1;land;false;plains;5
8614;145;102;1;land;false;plains;5
8615;191;79;1;land;false;plains;5
8616;154;85;1;land;false;plains;5
8617;193;115;1;land;false;plains;5
8618;207;72;1;land;false;plains;5
8619;173;85;1;land;false;plains;5
8620;208;120;1;land;false;plains;5
8621;145;124;1;land;false;plains;5
8622;159;62;1;land;false;plains;5
8623;161;125;1;land;false;plains;5
8624;193;53;1;land;false;plains;5
8625;159;121;1;land;false;plains;5
8626;160;77;1;land;false;plains;5
8627;206;203;1;land;false;plains;5
8628;152;176;1;land;false;urban;5
8629;200;171;1;land;false;plains;5
8630;226;198;1;land;false;plains;5
8631;159;146;1;land;false;plains;5
8632;171;192;1;land;false;plains;5
8633;164;138;1;land;true;plains;5
8634;217;213;1;land;false;plains;5
8635;197;216;1;land;false;plains;5
8636;174;166;1;land;false;plains;5
8637;231;188;1;land;false;plains;5
8638;220;160;1;land;false;plains;5
8639;214;164;1;land;true;plains;5
8640;179;183;1;land;false;plains;5
8641;187;187;1;land;false;plains;5
8642;218;145;1;land;false;plains;5
8643;192;208;1;land;true;plains;5
8644;158;188;1;land;false;plains;5
8645;188;197;1;land;false;plains;5
8646;168;170;1;land;false;plains;5
8647;0;68;1;land;false;plains;5
8648;36;29;1;land;false;plains;5
8649;35;52;1;land;false;plains;5
8650;33;63;1;land;false;plains;5
8651;24;50;1;land;false;plains;5
8652;13;60;1;land;false;plains;5
8653;40;23;1;land;false;plains;5
8654;1;21;1;land;false;plains;5
8655;21;21;1;land;false;plains;5
8656;36;19;1;land;false;plains;5
8657;31;68;1;land;false;plains;5
8658;27;43;1;land;false;urban;5
8659;4;56;1;land;false;plains;5
8660;31;48;1;land;false;plains;5
8661;42;30;1;land;false;plains;5
8662;16;35;1;land;false;plains;5
8663;29;4;1;land;false;plains;5
8664;20;61;1;land;false;plains;5
8665;42;53;1;land;false;plains;5
8666;23;42;1;land;false;plains;5
8667;33;52;1;land;false;hills;5
8668;38;53;1;land;false;plains;5
8669;24;25;1;land;false;plains;5
8670;34;29;1;land;false;plains;5
8671;38;62;1;land;false;plains;5
8672;17;46;1;land;false;plains;5
8673;64;37;1;land;false;plains;5
8674;52;55;1;land;false;urban;5
8675;8;39;1;land;false;plains;5
8676;72;57;1;land;false;plains;5
8677;42;77;1;land;false;plains;5
8678;13;7;1;land;false;plains;5
8679;78;68;1;land;false;plains;5
8680;191;68;1;land;false;plains;5
8681;177;82;1;land;false;plains;5
8682;197;103;1;land;false;plains;5
8683;164;102;1;land;false;plains;5
8684;172;93;1;land;false;plains;5
8685;224;90;1;land;false;plains;5
8686;171;69;1;land;false;plains;5
8687;227;84;1;land;false;plains;5
8688;235;123;1;land;false;plains;5
8689;163;83;1;land;false;plains;5
8690;183;56;1;land;false;plains;5
8691;196;73;1;land;false;plains;5
8692;212;85;1;land;false;hills;5
8693;241;102;1;land;false;plains;5
8694;217;103;1;land;false;hills;5
8695;199;87;1;land;false;plains;5
8696;215;123;1;land;false;plains;5
8697;167;67;1;land;false;plains;5
8698;199;95;1;land;false;plains;5
8699;164;123;1;land;false;plains;5
8700;227;58;1;land;false;plains;5
8701;204;84;1;land;false;plains;5
8702;198;122;1;land;false;plains;5
8703;238;93;1;land;false;plains;5
8704;182;68;1;land;false;plains;5
8705;199;159;1;land;false;plains;5
8706;225;148;1;land;false;urban;5
8707;226;170;1;land;false;plains;5
8708;235;185;1;land;false;plains;5
8709;200;160;1;land;true;urban;5
8710;234;200;1;land;false;plains;5
8711;254;172;1;land;false;plains;5
8712;244;158;1;land;false;plains;5
8713;194;159;1;land;true;plains;5
8714;205;172;1;land;true;plains;5
8715;245;159;1;land;true;urban;5
8716;243;178;1;land;false;plains;5
8717;135;251;1;land;false;plains;5
8718;152;222;1;land;false;plains;5
8719;119;208;1;land;false;plains;5
8720;113;243;1;land;false;plains;5
8721;93;218;1;land;false;plains;5
8722;99;247;1;land;false;plains;5
8723;110;251;1;land;false;plains;5
8724;128;235;1;land;false;plains;5
8725;90;199;1;land;false;plains;5
8726;140;206;1;land;false;plains;5
8727;115;204;1;land;false;plains;5
8728;210;55;1;land;false;plains;5
8729;246;16;1;land;false;plains;5
8730;214;54;1;land;false;plains;5
8731;222;19;1;land;false;urban;5
8732;230;39;1;land;false;plains;5
8733;247;32;1;land;false;plains;5
8734;201;37;1;land;false;plains;5
8735;216;59;1;land;false;hills;5
8736;235;26;1;land;false;plains;5
8737;231;60;1;land;false;plains;5
8738;217;2;1;land;false;plains;5
8739;202;16;1;land;false;plains;5
8740;194;222;1;land;true;plains;5
8741;147;229;1;land;true;plains;5
8742;217;74;1;land;false;urban;5
8743;149;121;1;land;false;plains;5
8744;219;130;1;land;true;plains;5
8745;193;103;1;land;true;plains;5
8746;143;78;1;land;true;plains;5
8747;154;120;1;land;false;plains;5
8748;156;142;1;land;false;plains;5
8749;188;26;1;land;true;plains;5
8750;251;41;1;land;true;plains;5
8751;248;12;1;land;true;plains;5
8752;244;25;1;land;true;plains;5
8753;190;30;1;land;true;plains;5
8754;218;9;1;land;true;plains;5
8755;175;41;1;land;true;plains;5
8756;199;33;1;land;true;plains;5
8757;238;48;1;land;true;plains;5
8758;218;30;1;land;true;plains;5
8759;222;201;1;land;false;plains;5
8760;246;208;1;land;false;plains;5
8761;237;204;1;land;true;plains;5
8762;223;225;1;land;true;plains;5
8763;220;181;1;land;false;plains;5
8764;219;193;1;land;false;plains;5
8765;223;190;1;land;true;urban;5
8766;242;214;1;land;true;plains;5
8767;222;221;1;land;true;plains;5
8768;216;209;1;land;true;plains;5
8769;247;222;1;land;false;plains;5
8770;220;195;1;land;false;plains;5
8771;254;216;1;land;true;plains;5
8772;233;243;1;land;true;plains;5
8773;242;199;1;land;true;plains;5
8774;215;223;1;land;true;plains;5
8775;215;240;1;land;true;plains;5
8776;227;230;1;land;true;plains;5
8777;218;253;1;land;false;urban;5
8778;239;220;1;land;true;plains;5
8779;223;216;1;land;true;plains;5
8780;253;224;1;land;false;plains;5
8781;224;214;1;land;true;plains;5
8782;250;233;1;land;false;plains;5
8783;227;240;1;land;false;plains;5
8784;216;207;1;land;false;plains;5
8785;250;228;1;land;false;plains;5
8786;174;87;1;land;false;hills;5
8787;168;64;1;land;false;plains;5
8788;134;104;1;land;false;plains;5
8789;139;77;1;land;false;hills;5
8790;162;39;1;land;false;plains;5
8791;135;99;1;land;false;hills;5
8792;135;44;1;land;false;hills;5
8793;151;89;1;land;false;plains;5
8794;186;41;1;land;false;plains;5
8795;121;49;1;land;false;plains;5
8796;171;95;1;land;false;hills;5
8797;126;77;1;land;false;hills;5
8798;130;60;1;land;false;hills;5
8799;136;68;1;land;false;plains;5
8800;113;65;1;land;false;plains;5
8801;143;58;1;land;false;hills;5
8802;122;91;1;land;false;plains;5
8803;146;40;1;land;false;plains;5
8804;178;109;1;land;false;plains;5
8805;159;52;1;land;false;plains;5
8806;161;35;1;land;false;hills;5
8807;184;60;1;land;false;plains;5
8808;146;34;1;land;false;plains;5
8809;158;49;1;land;false;hills;5
8810;161;51;1;land;false;hills;5
8811;181;97;1;land;false;hills;5
8812;129;86;1;land;false;plains;5
8813;123;95;1;land;false;hills;5
8814;177;243;1;land;false;hills;5
8815;166;245;1;land;false;hills;5
8816;172;227;1;land;false;plains;5
8817;139;210;1;land;false;plains;5
8818;176;221;1;land;false;plains;5
8819;162;251;1;land;false;hills;5
8820;149;228;1;land;false;hills;5
8821;178;221;1;land;false;plains;5
8822;146;240;1;land;false;hills;5
8823;157;244;1;land;false;hills;5
8824;184;235;1;land;false;plains;5
8825;182;249;1;land;false;plains;5
8826;184;226;1;land;false;hills;5
8827;164;239;1;land;false;hills;5
8828;123;235;1;land;false;hills;5
8829;167;212;1;land;false;hills;5
8830;177;228;1;land;false;hills;5
8831;182;225;1;land;false;hills;5
8832;140;233;1;land;false;plains;5
8833;149;229;1;land;false;plains;5
8834;183;238;1;land;false;hills;5
8835;179;250;1;land;false;plains;5
8836;225;36;1;land;false;plains;5
8837;199;17;1;land;false;hills;5
8838;177;30;1;land;false;plains;5
8839;191;27;1;land;false;plains;5
8840;220;37;1;land;false;plains;5
8841;174;13;1;land;false;plains;5
8842;181;61;1;land;false;plains;5
8843;204;43;1;land;false;plains;5
8844;169;59;1;land;false;plains;5
8845;186;18;1;land;false;plains;5
8846;198;62;1;land;false;plains;5
8847;223;14;1;land;false;plains;5
8848;153;62;1;land;false;plains;5
8849;196;88;1;land;false;plains;5
8850;220;139;1;land;false;plains;5
8851;195;103;1;land;false;plains;5
8852;242;92;1;land;false;plains;5
8853;235;63;1;land;false;plains;5
8854;203;138;1;land;false;plains;5
8855;214;117;1;land;false;plains;5
8856;232;68;1;land;false;plains;5
8857;252;84;1;land;false;plains;5
8858;209;61;1;land;false;plains;5
8859;204;79;1;land;false;plains;5
8860;202;88;1;land;false;plains;5
8861;249;82;1;land;false;plains;5
8862;216;98;1;land;false;plains;5
8863;205;127;1;land;false;plains;5
8864;205;123;1;land;false;plains;5
8865;254;123;1;land;false;plains;5
8866;221;106;1;land;false;plains;5
8867;241;76;1;land;false;plains;5
8868;234;96;1;land;true;plains;5
8869;245;82;1;land;true;plains;5
8870;224;79;1;land;false;plains;5
8871;236;61;1;land;false;plains;5
8872;235;86;1;land;false;plains;5
8873;206;73;1;land;false;plains;5
8874;235;106;1;land;false;plains;5
8875;244;104;1;land;false;plains;5
8876;232;73;1;land;false;plains;5
8877;230;90;1;land;false;plains;5
8878;206;72;1;land;false;plains;5
8879;226;100;1;land;false;plains;5
8880;221;111;1;land;false;plains;5
8881;246;79;1;land;false;plains;5
8882;204;77;1;land;false;plains;5
8883;246;83;1;land;false;plains;5
8884;218;115;1;land;false;plains;5
8885;248;136;1;land;false;urban;5
8886;235;83;1;land;false;plains;5
8887;206;133;1;land;false;plains;5
8888;200;134;1;land;false;plains;5
8889;224;121;1;land;false;plains;5
8890;208;136;1;land;false;plains;5
8891;214;103;1;land;false;plains;5
8892;47;206;1;land;false;plains;5
8893;30;222;1;land;false;hills;5
8894;37;184;1;land;false;hills;5
8895;39;204;1;land;false;plains;5
8896;26;200;1;land;false;plains;5
8897;43;250;1;land;false;plains;5
8898;211;96;1;land;false;plains;5
8899;140;58;1;land;false;plains;5
8900;150;110;1;land;false;plains;5
8901;214;116;1;land;false;urban;5
8902;203;116;1;land;false;plains;5
8903;184;63;1;land;false;plains;5
8904;206;78;1;land;false;plains;5
8905;189;71;1;land;false;plains;5
8906;144;51;1;land;false;plains;5
8907;150;98;1;land;false;plains;5
8908;169;74;1;land;false;urban;5
8909;200;106;1;land;false;plains;5
8910;209;167;1;land;false;plains;5
8911;240;98;1;land;false;plains;5
8912;224;89;1;land;false;plains;5
8913;243;120;1;land;false;plains;5
8914;219;126;1;land;false;plains;5
8915;240;119;1;land;false;plains;5
8916;202;128;1;land;false;plains;5
8917;215;164;1;land;false;plains;5
8918;201;143;1;land;false;plains;5
8919;216;146;1;land;false;plains;5
8920;210;95;1;land;false;plains;5
8921;235;152;1;land;false;plains;5
8922;248;157;1;land;false;plains;5
8923;239;109;1;land;false;plains;5
8924;219;156;1;land;false;plains;5
8925;234;98;1;land;false;hills;5
8926;252;111;1;land;false;plains;5
8927;205;149;1;land;false;plains;5
8928;231;152;1;land;false;plains;5
8929;91;239;1;land;false;plains;5
8930;43;205;1;land;false;plains;5
8931;112;230;1;land;false;hills;5
8932;113;179;1;land;false;plains;5
8933;77;235;1;land;false;plains;5
8934;65;242;1;land;false;urban;5
8935;113;241;1;land;false;urban;5
8936;95;225;1;land;false;hills;5
8937;69;239;1;land;false;hills;5
8938;45;218;1;land;false;hills;5
8939;36;238;1;land;false;hills;5
8940;74;232;1;land;false;mountain;5
8941;21;250;1;land;false;hills;5
8942;64;203;1;land;false;hills;5
8943;190;96;1;land;true;plains;5
8944;154;89;1;land;false;plains;5
8945;165;83;1;land;false;plains;5
8946;161;112;1;land;false;plains;5
8947;163;66;1;land;false;plains;5
8948;200;101;1;land;false;hills;5
8949;176;70;1;land;false;plains;5
8950;156;114;1;land;false;plains;5
8951;138;69;1;land;false;plains;5
8952;162;51;1;land;false;hills;5
8953;184;36;1;land;false;hills;5
8954;173;81;1;land;false;hills;5
8955;204;41;1;land;false;plains;5
8956;188;76;1;land;true;plains;5
8957;160;56;1;land;false;plains;5
8958;182;77;1;land;false;plains;5
8959;130;40;1;land;false;plains;5
8960;140;81;1;land;false;hills;5
8961;190;41;1;land;false;plains;5
8962;185;99;1;land;false;plains;5
8963;170;54;1;land;false;plains;5
8964;97;114;1;land;false;plains;5
8965;160;75;1;land;true;plains;5
8966;144;115;1;land;false;plains;5
8967;162;66;1;land;false;urban;5
8968;164;72;1;land;false;plains;5
8969;158;119;1;land;false;plains;5
8970;104;107;1;land;true;plains;5
8971;141;104;1;land;true;plains;5
8972;146;95;1;land;false;plains;5
8973;87;114;1;land;false;plains;5
8974;87;112;1;land;false;plains;5
8975;113;69;1;land;false;plains;5
8976;152;122;1;land;false;plains;5
8977;149;54;1;land;false;plains;5
8978;100;83;1;land;false;plains;5
8979;139;114;1;land;true;plains;5
8980;121;112;1;land;false;hills;5
8981;149;63;1;land;true;plains;5
8982;141;99;1;land;false;plains;5
8983;90;49;1;land;false;plains;5
8984;89;88;1;land;false;plains;5
8985;135;73;1;land;false;plains;5
8986;108;54;1;land;false;plains;5
8987;98;107;1;land;false;plains;5
8988;148;46;1;land;false;plains;5
8989;125;77;1;land;false;urban;5
8990;128;101;1;land;false;plains;5
8991;137;48;1;land;false;plains;5
8992;151;62;1;land;false;plains;5
8993;162;119;1;land;false;plains;5
8994;97;97;1;land;false;plains;5
8995;86;69;1;land;false;plains;5
8996;63;222;1;land;false;plains;5
8997;2;186;1;land;false;plains;5
8998;60;205;1;land;false;plains;5
8999;13;180;1;land;false;plains;5
9000;29;236;1;land;false;plains;5
9001;53;168;1;land;false;urban;5
9002;21;213;1;land;false;plains;5
9003;35;208;1;land;false;plains;5
9004;21;218;1;land;false;plains;5
9005;52;186;1;land;false;hills;5
9006;0;211;1;land;false;plains;5
9007;30;211;1;land;false;hills;5
9008;14;196;1;land;false;plains;5
9009;13;230;1;land;false;plains;5
9010;8;203;1;land;false;hills;5
9011;33;197;1;land;false;plains;5
9012;46;244;1;land;false;hills;5
9013;1;253;1;land;false;plains;5
9014;16;182;1;land;false;plains;5
9015;42;239;1;land;false;plains;5
9016;26;254;1;land;false;plains;5
9017;41;225;1;land;false;plains;5
9018;10;229;1;land;false;hills;5
9019;29;182;1;land;false;plains;5
9020;41;243;1;land;false;plains;5
9021;29;192;1;land;false;plains;5
9022;25;182;1;land;false;plains;5
9023;27;218;1;land;false;hills;5
9024;52;187;1;land;false;plains;5
9025;45;228;1;land;false;plains;5
9026;61;229;1;land;false;plains;5
9027;0;186;1;land;false;plains;5
9028;54;200;1;land;false;hills;5
9029;0;208;1;land;false;plains;5
9030;92;22;1;land;true;plains;5
9031;52;62;1;land;false;plains;5
9032;103;65;1;land;false;urban;5
9033;76;36;1;land;false;plains;5
9034;85;16;1;land;false;plains;5
9035;98;37;1;land;true;plains;5
9036;85;66;1;land;false;plains;5
9037;105;17;1;land;true;plains;5
9038;64;42;1;land;true;plains;5
9039;116;69;1;land;false;plains;5
9040;87;43;1;land;false;plains;5
9041;93;61;1;land;false;urban;5
9042;93;69;1;land;false;plains;5
9043;59;71;1;land;false;plains;5
9044;93;18;1;land;false;plains;5
9045;85;146;1;land;false;hills;5
9046;105;128;1;land;false;plains;5
9047;64;135;1;land;false;plains;5
9048;94;104;1;land;false;plains;5
9049;69;95;1;land;false;plains;5
9050;94;95;1;land;false;plains;5
9051;92;107;1;land;false;plains;5
9052;44;125;1;land;false;hills;5
9053;82;106;1;land;false;plains;5
9054;49;104;1;land;false;plains;5
9055;58;117;1;land;false;plains;5
9056;113;123;1;land;false;plains;5
9057;84;89;1;land;false;plains;5
9058;92;95;1;land;false;hills;5
9059;52;167;1;land;false;hills;5
9060;65;132;1;land;false;plains;5
9061;0;105;1;land;false;plains;5
9062;27;114;1;land;false;plains;5
9063;36;92;1;land;true;plains;5
9064;26;120;1;land;false;plains;5
9065;29;103;1;land;true;plains;5
9066;30;134;1;land;false;plains;5
9067;31;65;1;land;true;plains;5
9068;13;88;1;land;true;plains;5
9069;27;97;1;land;true;plains;5
9070;18;61;1;land;false;plains;5
9071;24;94;1;land;false;plains;5
9072;9;136;1;land;false;plains;5
9073;18;140;1;land;true;plains;5
9074;22;98;1;land;true;plains;5
9075;11;118;1;land;false;plains;5
9076;23;70;1;land;true;plains;5
9077;0;119;1;land;false;plains;5
9078;4;68;1;land;true;plains;5
9079;184;162;1;land;true;plains;5
9080;200;148;1;land;true;plains;5
9081;169;169;1;land;false;plains;5
9082;177;191;1;land;false;plains;5
9083;196;172;1;land;false;plains;5
9084;207;160;1;land;true;plains;5
9085;164;146;1;land;true;plains;5
9086;152;188;1;land;true;plains;5
9087;168;171;1;land;false;plains;5
9088;240;169;1;land;false;plains;5
9089;199;195;1;land;false;plains;5
9090;197;170;1;land;false;plains;5
9091;205;209;1;land;true;plains;5
9092;213;226;1;land;false;plains;5
9093;199;227;1;land;false;plains;5
9094;180;194;1;land;false;plains;5
9095;194;167;1;land;true;plains;5
9096;183;206;1;land;false;plains;5
9097;231;171;1;land;false;plains;5
9098;228;163;1;land;false;plains;5
9099;184;223;1;land;false;plains;5
9100;244;169;1;land;false;plains;5
9101;219;211;1;land;false;plains;5
9102;223;163;1;land;false;plains;5
9103;193;233;1;land;false;plains;5
9104;176;217;1;land;false;plains;5
9105;207;230;1;land;true;plains;5
9106;69;76;1;land;false;plains;5
9107;65;41;1;land;true;plains;5
9108;23;56;1;land;true;plains;5
9109;14;13;1;land;false;plains;5
9110;27;56;1;land;true;plains;5
9111;87;85;1;land;false;plains;5
9112;95;11;1;land;true;plains;5
9113;108;45;1;land;true;plains;5
9114;84;45;1;land;true;plains;5
9115;93;50;1;land;true;plains;5
9116;90;68;1;land;true;plains;5
9117;103;28;1;land;false;plains;5
9118;12;153;1;land;false;plains;5
9119;44;186;1;land;false;plains;5
9120;46;168;1;land;false;plains;5
9121;44;199;1;land;false;plains;5
9122;23;170;1;land;false;plains;5
9123;34;176;1;land;true;plains;5
9124;39;217;1;land;true;plains;5
9125;18;164;1;land;false;plains;5
9126;34;195;1;land;false;plains;5
9127;4;203;1;land;true;plains;5
9128;18;175;1;land;true;urban;5
9129;2;201;1;land;true;plains;5
9130;16;155;1;land;false;plains;5
9131;21;215;1;land;false;plains;5
9132;24;194;1;land;true;plains;5
9133;32;154;1;land;true;plains;5
9134;20;181;1;land;false;plains;5
9135;3;225;1;land;false;plains;5
9136;4;191;1;land;false;plains;5
9137;26;165;1;land;true;plains;5
9138;6;209;1;land;false;plains;5
9139;23;208;1;land;true;plains;5
9140;1;195;1;land;false;plains;5
9141;27;204;1;land;false;plains;5
9142;18;55;1;land;false;plains;5
9143;51;44;1;land;false;plains;5
9144;30;95;1;land;false;plains;5
9145;8;73;1;land;false;plains;5
9146;16;106;1;land;false;plains;5
9147;40;51;1;land;false;plains;5
9148;0;59;1;land;false;plains;5
9149;35;38;1;land;false;hills;5
9150;25;85;1;land;false;plains;5
9151;2;96;1;land;false;plains;5
9152;8;53;1;land;false;hills;5
9153;6;99;1;land;false;plains;5
9154;23;60;1;land;false;plains;5
9155;50;29;1;land;false;plains;5
9156;38;72;1;land;false;plains;5
9157;16;101;1;land;false;plains;5
9158;15;97;1;land;false;plains;5
9159;37;90;1;land;false;hills;5
9160;30;56;1;land;false;plains;5
9161;0;98;1;land;false;plains;5
9162;14;101;1;land;false;plains;5
9163;30;80;1;land;false;plains;5
9164;19;102;1;land;false;hills;5
9165;18;80;1;land;false;plains;5
9166;26;37;1;land;false;plains;5
9167;51;68;1;land;false;plains;5
9168;15;58;1;land;false;hills;5
9169;35;70;1;land;false;plains;5
9170;38;68;1;land;false;plains;5
9171;1;102;1;land;false;plains;5
9172;19;106;1;land;false;plains;5
9173;4;69;1;land;false;hills;5
9174;10;46;1;land;false;plains;5
9175;46;60;1;land;false;plains;5
9176;27;32;1;land;false;hills;5
9177;15;48;1;land;false;hills;5
9178;25;47;1;land;false;plains;5
9179;44;85;1;land;false;plains;5
9180;37;61;1;land;false;hills;5
9181;25;103;1;land;false;plains;5
9182;27;83;1;land;false;plains;5
9183;25;53;1;land;false;plains;5
9184;23;48;1;land;false;plains;5
9185;194;81;1;land;false;plains;5
9186;197;57;1;land;false;plains;5
9187;176;48;1;land;false;plains;5
9188;176;62;1;land;false;plains;5
9189;223;100;1;land;false;plains;5
9190;240;76;1;land;false;plains;5
9191;212;95;1;land;false;plains;5
9192;189;100;1;land;false;plains;5
9193;177;89;1;land;false;plains;5
9194;242;81;1;land;false;plains;5
9195;174;74;1;land;false;plains;5
9196;203;93;1;land;false;plains;5
9197;181;83;1;land;false;plains;5
9198;224;140;1;land;false;plains;5
9199;223;188;1;land;false;plains;5
9200;236;164;1;land;true;urban;5
9201;226;147;1;land;false;plains;5
9202;236;209;1;land;true;plains;5
9203;203;199;1;land;false;plains;5
9204;195;164;1;land;true;plains;5
9205;251;148;1;land;false;plains;5
9206;213;203;1;land;false;plains;5
9207;246;140;1;land;false;plains;5
9208;203;195;1;land;false;plains;5
9209;198;209;1;land;false;plains;5
9210;236;204;1;land;false;plains;5
9211;211;180;1;land;true;plains;5
9212;251;155;1;land;false;plains;5
9213;237;191;1;land;true;plains;5
9214;243;133;1;land;false;plains;5
9215;208;166;1;land;false;plains;5
9216;243;205;1;land;false;plains;5
9217;214;157;1;land;false;plains;5
9218;201;213;1;land;false;hills;5
9219;221;163;1;land;false;plains;5
9220;253;199;1;land;false;plains;5
9221;203;182;1;land;true;plains;5
9222;182;123;1;land;false;plains;5
9223;177;120;1;land;false;plains;5
9224;183;152;1;land;true;plains;5
9225;217;118;1;land;false;plains;5
9226;198;195;1;land;false;plains;5
9227;198;162;1;land;true;plains;5
9228;210;189;1;land;false;plains;5
9229;114;89;1;land;false;plains;5
9230;73;105;1;land;false;plains;5
9231;126;158;1;land;false;plains;5
9232;65;140;1;land;false;hills;5
9233;68;136;1;land;false;plains;5
9234;91;101;1;land;false;plains;5
9235;139;132;1;land;false;hills;5
9236;68;146;1;land;false;plains;5
9237;96;164;1;land;false;plains;5
9238;84;157;1;land;false;plains;5
9239;108;144;1;land;false;plains;5
9240;90;162;1;land;false;hills;5
9241;81;95;1;land;false;plains;5
9242;125;140;1;land;false;plains;5
9243;127;131;1;land;false;plains;5
9244;134;143;1;land;false;plains;5
9245;107;104;1;land;false;plains;5
9246;109;118;1;land;false;plains;5
9247;137;113;1;land;false;hills;5
9248;68;117;1;land;false;plains;5
9249;68;101;1;land;false;plains;5
9250;116;96;1;land;false;plains;5
9251;108;163;1;land;false;hills;5
9252;63;66;1;land;false;plains;5
9253;94;67;1;land;false;plains;5
9254;111;71;1;land;false;plains;5
9255;77;43;1;land;false;plains;5
9256;55;46;1;land;false;plains;5
9257;76;57;1;land;false;plains;5
9258;57;13;1;land;false;plains;5
9259;69;11;1;land;false;plains;5
9260;63;185;1;land;false;plains;5
9261;109;166;1;land;false;urban;5
9262;106;166;1;land;false;plains;5
9263;42;191;1;land;false;plains;5
9264;81;182;1;land;false;urban;5
9265;88;197;1;land;false;plains;5
9266;116;206;1;land;false;hills;5
9267;91;149;1;land;false;plains;5
9268;82;186;1;land;false;plains;5
9269;50;135;1;land;false;plains;5
9270;40;164;1;land;false;plains;5
9271;45;162;1;land;false;plains;5
9272;90;185;1;land;false;plains;5
9273;85;198;1;land;false;plains;5
9274;62;196;1;land;false;plains;5
9275;73;173;1;land;false;plains;5
9276;38;206;1;land;false;hills;5
9277;91;172;1;land;false;plains;5
9278;69;146;1;land;false;plains;5
9279;116;160;1;land;false;plains;5
9280;109;16;1;land;false;plains;5
9281;105;38;1;land;false;plains;5
9282;125;3;1;land;false;urban;5
9283;67;8;1;land;false;plains;5
9284;81;10;1;land;false;plains;5
9285;142;10;1;land;false;plains;5
9286;65;24;1;land;true;plains;5
9287;67;0;1;land;false;plains;5
9288;102;5;1;land;false;plains;5
9289;130;20;1;land;false;urban;5
9290;76;24;1;land;true;plains;5
9291;66;49;1;land;false;urban;5
9292;104;10;1;land;false;plains;5
9293;69;21;1;land;true;plains;5
9294;136;13;1;land;false;urban;5
9295;119;24;1;land;true;plains;5
9296;82;44;1;land;false;plains;5
9297;33;201;1;land;false;plains;5
9298;24;251;1;land;false;plains;5
9299;22;204;1;land;false;plains;5
9300;24;244;1;land;false;plains;5
9301;56;221;1;land;false;plains;5
9302;36;240;1;land;false;plains;5
9303;34;221;1;land;false;plains;5
9304;28;250;1;land;false;plains;5
9305;32;240;1;land;false;plains;5
9306;33;243;1;land;false;plains;5
9307;0;243;1;land;false;plains;5
9308;191;246;1;land;false;plains;5
9309;208;207;1;land;false;plains;5
9310;186;226;1;land;false;plains;5
9311;215;250;1;land;false;hills;5
9312;180;203;1;land;false;hills;5
9313;228;220;1;land;false;plains;5
9314;191;233;1;land;false;urban;5
9315;157;230;1;land;false;mountain;5
9316;173;197;1;land;false;plains;5
9317;168;248;1;land;false;hills;5
9318;195;199;1;land;false;plains;5
9319;206;224;1;land;false;plains;5
9320;218;184;1;land;false;plains;5
9321;17;109;1;land;false;urban;5
9322;23;61;1;land;true;plains;5
9323;65;39;1;land;false;urban;5
9324;61;76;1;land;true;plains;5
9325;72;102;1;land;false;plains;5
9326;61;71;1;land;false;plains;5
9327;26;68;1;land;false;plains;5
9328;57;93;1;land;false;plains;5
9329;18;62;1;land;false;plains;5
9330;58;65;1;land;false;plains;5
9331;5;33;1;land;true;plains;5
9332;29;35;1;land;false;plains;5
9333;47;35;1;land;false;plains;5
9334;9;23;1;land;false;plains;5
9335;30;9;1;land;false;plains;5
9336;31;23;1;land;false;plains;5
9337;57;10;1;land;false;plains;5
9338;39;8;1;land;false;plains;5
9339;31;54;1;land;false;plains;5
9340;49;166;1;land;false;urban;5
9341;36;118;1;land;false;plains;5
9342;55;163;1;land;false;plains;5
9343;51;124;1;land;false;plains;5
9344;37;141;1;land;false;plains;5
9345;55;145;1;land;false;plains;5
9346;119;1;1;land;false;plains;5
9347;125;23;1;land;false;urban;5
9348;133;43;1;land;false;plains;5
9349;151;47;1;land;false;urban;5
9350;137;59;1;land;false;plains;5
9351;155;22;1;land;false;urban;5
9352;102;56;1;land;false;urban;5
9353;132;18;1;land;false;plains;5
9354;107;27;1;land;false;plains;5
9355;124;9;1;land;false;plains;5
9356;130;54;1;land;false;plains;5
9357;121;36;1;land;false;plains;5
9358;156;54;1;land;false;plains;5
9359;172;32;1;land;false;plains;5
9360;125;40;1;land;false;plains;5
9361;140;17;1;land;false;plains;5
9362;120;80;1;land;false;plains;5
9363;132;75;1;land;false;plains;5
9364;157;84;1;land;false;hills;5
9365;127;137;1;land;false;plains;5
9366;150;83;1;land;false;plains;5
9367;173;128;1;land;false;plains;5
9368;176;116;1;land;false;plains;5
9369;128;97;1;land;false;mountain;5
9370;46;180;1;land;false;plains;5
9371;44;231;1;land;false;plains;5
9372;87;190;1;land;false;urban;5
9373;54;236;1;land;false;plains;5
9374;58;180;1;land;false;urban;5
9375;77;231;1;land;false;plains;5
9376;35;170;1;land;false;plains;5
9377;87;229;1;land;false;plains;5
9378;47;191;1;land;false;plains;5
9379;54;172;1;land;false;plains;5
9380;102;220;1;land;false;plains;5
9381;40;214;1;land;false;plains;5
9382;91;196;1;land;false;plains;5
9383;45;212;1;land;false;plains;5
9384;38;225;1;land;false;plains;5
9385;203;227;1;land;false;urban;5
9386;233;251;1;land;false;plains;5
9387;213;240;1;land;false;plains;5
9388;172;212;1;land;false;plains;5
9389;159;209;1;land;false;plains;5
9390;217;253;1;land;false;plains;5
9391;227;206;1;land;false;plains;5
9392;230;208;1;land;false;plains;5
9393;196;239;1;land;false;plains;5
9394;189;245;1;land;false;plains;5
9395;231;242;1;land;false;plains;5
9396;222;243;1;land;false;urban;5
9397;216;224;1;land;false;urban;5
9398;223;237;1;land;false;plains;5
9399;162;253;1;land;false;urban;5
9400;162;247;1;land;false;plains;5
9401;178;213;1;land;false;plains;5
9402;224;249;1;land;false;plains;5
9403;202;205;1;land;false;plains;5
9404;219;39;1;land;false;plains;5
9405;207;46;1;land;false;plains;5
9406;195;38;1;land;false;plains;5
9407;214;92;1;land;false;plains;5
9408;213;97;1;land;false;plains;5
9409;181;66;1;land;false;urban;5
9410;192;37;1;land;false;plains;5
9411;149;75;1;land;false;plains;5
9412;160;76;1;land;false;plains;5
9413;214;68;1;land;false;plains;5
9414;200;237;1;land;false;plains;5
9415;189;240;1;land;true;plains;5
9416;164;253;1;land;false;plains;5
9417;177;240;1;land;false;plains;5
9418;155;200;1;land;false;plains;5
9419;148;201;1;land;true;plains;5
9420;150;225;1;land;false;plains;5
9421;133;236;1;land;false;plains;5
9422;182;196;1;land;false;plains;5
9423;185;240;1;land;false;plains;5
9424;181;205;1;land;false;plains;5
9425;184;210;1;land;false;plains;5
9426;140;218;1;land;false;plains;5
9427;165;192;1;land;false;plains;5
9428;158;222;1;land;false;plains;5
9429;159;235;1;land;true;urban;5
9430;179;200;1;land;false;plains;5
9431;206;246;1;land;false;plains;5
9432;182;238;1;land;false;plains;5
9433;143;205;1;land;false;plains;5
9434;177;226;1;land;false;plains;5
9435;200;217;1;land;false;plains;5
9436;136;239;1;land;false;plains;5
9437;207;236;1;land;false;plains;5
9438;186;221;1;land;false;plains;5
9439;170;198;1;land;false;plains;5
9440;183;224;1;land;true;plains;5
9441;206;219;1;land;false;plains;5
9442;175;229;1;land;false;plains;5
9443;177;221;1;land;false;plains;5
9444;200;215;1;land;false;plains;5
9445;133;204;1;land;false;plains;5
9446;141;206;1;land;true;plains;5
9447;129;203;1;land;false;plains;5
9448;124;42;1;land;false;plains;5
9449;156;44;1;land;true;urban;5
9450;150;66;1;land;false;plains;5
9451;183;58;1;land;false;plains;5
9452;149;23;1;land;false;plains;5
9453;139;50;1;land;false;plains;5
9454;154;39;1;land;false;plains;5
9455;162;56;1;land;false;plains;5
9456;140;93;1;land;false;plains;5
9457;120;83;1;land;false;plains;5
9458;143;128;1;land;false;plains;5
9459;149;96;1;land;false;plains;5
9460;126;89;1;land;false;urban;5
9461;106;115;1;land;false;plains;5
9462;122;142;1;land;true;plains;5
9463;132;120;1;land;false;plains;5
9464;135;144;1;land;false;plains;5
9465;105;117;1;land;true;urban;5
9466;87;179;1;land;false;urban;5
9467;141;144;1;land;true;plains;5
9468;136;151;1;land;true;urban;5
9469;79;187;1;land;true;plains;5
9470;124;164;1;land;false;plains;5
9471;194;21;1;land;false;plains;5
9472;248;7;1;land;false;plains;5
9473;241;78;1;land;false;plains;5
9474;229;13;1;land;false;plains;5
9475;198;33;1;land;false;plains;5
9476;238;18;1;land;false;plains;5
9477;247;46;1;land;false;plains;5
9478;241;34;1;land;false;plains;5
9479;193;41;1;land;false;plains;5
9480;194;42;1;land;false;plains;5
9481;213;29;1;land;false;plains;5
9482;252;27;1;land;false;plains;5
9483;243;75;1;land;false;hills;5
9484;232;47;1;land;false;plains;5
9485;227;17;1;land;false;plains;5
9486;203;20;1;land;false;hills;5
9487;250;65;1;land;false;plains;5
9488;74;55;1;land;false;plains;5
9489;32;114;1;land;false;plains;5
9490;43;36;1;land;false;plains;5
9491;29;56;1;land;false;plains;5
9492;37;101;1;land;false;plains;5
9493;83;97;1;land;false;plains;5
9494;47;79;1;land;false;plains;5
9495;58;113;1;land;false;plains;5
9496;103;49;1;land;false;hills;5
9497;25;93;1;land;false;plains;5
9498;40;94;1;land;false;plains;5
9499;44;56;1;land;false;plains;5
9500;76;103;1;land;false;plains;5
9501;95;104;1;land;false;plains;5
9502;41;40;1;land;false;plains;5
9503;72;50;1;land;false;plains;5
9504;101;79;1;land;false;hills;5
9505;26;71;1;land;false;plains;5
9506;79;74;1;land;false;plains;5
9507;58;90;1;land;false;plains;5
9508;29;74;1;land;false;hills;5
9509;82;56;1;land;false;plains;5
9510;33;103;1;land;false;plains;5
9511;50;38;1;land;false;plains;5
9512;31;88;1;land;false;plains;5
9513;88;46;1;land;false;plains;5
9514;52;99;1;land;false;plains;5
9515;89;87;1;land;false;urban;5
9516;62;88;1;land;false;plains;5
9517;86;52;1;land;false;plains;5
9518;45;103;1;land;false;plains;5
9519;62;109;1;land;false;hills;5
9520;104;89;1;land;false;hills;5
9521;84;34;1;land;false;plains;5
9522;128;38;1;land;false;plains;5
9523;125;11;1;land;false;plains;5
9524;94;37;1;land;false;plains;5
9525;126;3;1;land;true;plains;5
9526;92;31;1;land;true;plains;5
9527;143;5;1;land;false;plains;5
9528;104;13;1;land;false;urban;5
9529;139;17;1;land;true;plains;5
9530;116;37;1;land;false;plains;5
9531;96;47;1;land;false;plains;5
9532;81;74;1;land;false;plains;5
9533;63;122;1;land;false;plains;5
9534;87;45;1;land;false;plains;5
9535;64;122;1;land;false;plains;5
9536;20;56;1;land;true;plains;5
9537;19;17;1;land;true;plains;5
9538;33;72;1;land;false;plains;5
9539;1;24;1;land;true;plains;5
9540;205;188;1;land;false;plains;5
9541;245;226;1;land;false;plains;5
9542;232;227;1;land;true;plains;5
9543;247;204;1;land;true;plains;5
9544;217;180;1;land;false;plains;5
9545;249;215;1;land;false;plains;5
9546;230;207;1;land;false;plains;5
9547;219;181;1;land;false;plains;5
9548;214;213;1;land;false;plains;5
9549;231;232;1;land;false;plains;5
9550;250;234;1;land;true;plains;5
9551;219;206;1;land;false;plains;5
9552;211;219;1;land;false;plains;5
9553;206;213;1;land;false;plains;5
9554;250;247;1;land;false;plains;5
9555;250;248;1;land;false;plains;5
9556;150;70;1;land;true;urban;5
9557;151;77;1;land;true;plains;5
9558;199;49;1;land;false;plains;5
9559;141;40;1;land;false;plains;5
9560;131;59;1;land;false;urban;5
9561;136;55;1;land;false;plains;5
9562;222;250;1;land;false;hills;5
9563;147;222;1;land;false;hills;5
9564;187;200;1;land;false;hills;5
9565;151;231;1;land;false;plains;5
9566;162;193;1;land;false;plains;5
9567;202;211;1;land;false;hills;5
9568;150;236;1;land;false;hills;5
9569;149;246;1;land;false;plains;5
9570;197;247;1;land;false;hills;5
9571;190;195;1;land;false;plains;5
9572;191;193;1;land;false;plains;5
9573;177;251;1;land;false;hills;5
9574;172;244;1;land;false;hills;5
9575;145;190;1;land;false;plains;5
9576;198;253;1;land;false;hills;5
9577;205;223;1;land;false;hills;5
9578;208;216;1;land;false;hills;5
9579;204;58;1;land;false;plains;5
9580;213;114;1;land;false;plains;5
9581;218;104;1;land;false;hills;5
9582;207;69;1;land;false;hills;5
9583;159;98;1;land;false;plains;5
9584;171;82;1;land;false;plains;5
9585;200;111;1;land;false;plains;5
9586;211;117;1;land;false;plains;5
9587;229;51;1;land;false;plains;5
9588;166;89;1;land;false;plains;5
9589;191;98;1;land;false;plains;5
9590;178;51;1;land;false;hills;5
9591;197;173;1;land;false;plains;5
9592;131;145;1;land;false;plains;5
9593;187;110;1;land;false;plains;5
9594;154;150;1;land;false;plains;5
9595;137;164;1;land;false;plains;5
9596;149;158;1;land;false;plains;5
9597;127;166;1;land;false;plains;5
9598;133;106;1;land;false;plains;5
9599;142;140;1;land;false;plains;5
9600;142;177;1;land;false;plains;5
9601;161;172;1;land;false;plains;5
9602;171;159;1;land;false;plains;5
9603;131;172;1;land;false;plains;5
9604;161;114;1;land;false;plains;5
9605;157;97;1;land;false;plains;5
9606;171;140;1;land;false;plains;5
9607;149;114;1;land;false;plains;5
9608;174;174;1;land;false;plains;5
9609;166;116;1;land;false;plains;5
9610;127;112;1;land;false;plains;5
9611;191;97;1;land;false;urban;5
9612;157;117;1;land;false;plains;5
9613;131;150;1;land;false;plains;5
9614;180;162;1;land;false;plains;5
9615;31;129;1;land;false;plains;5
9616;24;74;1;land;false;plains;5
9617;75;112;1;land;false;plains;5
9618;65;115;1;land;false;plains;5
9619;65;113;1;land;false;plains;5
9620;60;78;1;land;false;plains;5
9621;47;106;1;land;false;plains;5
9622;45;112;1;land;false;plains;5
9623;77;156;1;land;false;plains;5
9624;81;179;1;land;false;plains;5
9625;84;201;1;land;false;urban;5
9626;15;219;1;land;false;plains;5
9627;18;157;1;land;false;plains;5
9628;52;218;1;land;false;plains;5
9629;34;146;1;land;false;urban;5
9630;36;147;1;land;true;plains;5
9631;36;132;1;land;true;plains;5
9632;5;130;1;land;true;urban;5
9633;18;148;1;land;true;plains;5
9634;199;183;1;land;false;plains;5
9635;189;159;1;land;false;plains;5
9636;202;208;1;land;false;plains;5
9637;169;157;1;land;true;plains;5
9638;225;143;1;land;false;plains;5
9639;225;201;1;land;true;plains;5
9640;156;135;1;land;true;plains;5
9641;168;142;1;land;true;plains;5
9642;159;167;1;land;false;plains;5
9643;228;196;1;land;false;plains;5
9644;182;137;1;land;false;plains;5
9645;154;100;1;land;false;plains;5
9646;222;156;1;land;true;plains;5
9647;162;168;1;land;true;plains;5
9648;164;178;1;land;true;plains;5
9649;217;117;1;land;true;plains;5
9650;174;143;1;land;true;plains;5
9651;213;135;1;land;true;plains;5
9652;183;112;1;land;true;plains;5
9653;163;13;1;land;false;plains;5
9654;156;4;1;land;false;plains;5
9655;124;21;1;land;false;plains;5
9656;176;7;1;land;false;plains;5
9657;185;51;1;land;false;plains;5
9658;121;4;1;land;false;plains;5
9659;173;75;1;land;false;plains;5
9660;167;18;1;land;false;plains;5
9661;163;21;1;land;false;plains;5
9662;170;59;1;land;false;plains;5
9663;139;10;1;land;false;plains;5
9664;155;66;1;land;false;plains;5
9665;139;63;1;land;false;plains;5
9666;172;66;1;land;false;plains;5
9667;151;24;1;land;false;plains;5
9668;118;48;1;land;false;plains;5
9669;155;63;1;land;false;plains;5
9670;181;31;1;land;false;plains;5
9671;158;33;1;land;false;plains;5
9672;160;1;1;land;false;plains;5
9673;167;7;1;land;false;plains;5
9674;174;29;1;land;false;plains;5
9675;179;8;1;land;false;plains;5
9676;180;75;1;land;false;plains;5
9677;107;63;1;land;false;plains;5
9678;184;45;1;land;false;plains;5
9679;170;13;1;land;false;plains;5
9680;128;40;1;land;false;plains;5
9681;114;41;1;land;false;plains;5
9682;126;14;1;land;false;plains;5
9683;181;6;1;land;false;plains;5
9684;148;60;1;land;false;plains;5
9685;137;60;1;land;false;plains;5
9686;138;10;1;land;false;plains;5
9687;101;204;1;land;true;plains;5
9688;93;234;1;land;true;plains;5
9689;89;247;1;land;true;plains;5
9690;101;246;1;land;false;plains;5
9691;156;143;1;land;false;plains;5
9692;134;161;1;land;false;plains;5
9693;185;149;1;land;true;plains;5
9694;145;171;1;land;false;urban;5
9695;137;209;1;land;false;plains;5
9696;116;210;1;land;false;plains;5
9697;159;150;1;land;true;plains;5
9698;116;152;1;land;true;plains;5
9699;173;144;1;land;false;plains;5
9700;121;160;1;land;false;plains;5
9701;136;159;1;land;false;plains;5
9702;138;193;1;land;false;plains;5
9703;127;164;1;land;true;urban;5
9704;131;218;1;land;false;plains;5
9705;179;175;1;land;false;plains;5
9706;127;200;1;land;true;plains;5
9707;136;161;1;land;false;plains;5
9708;175;203;1;land;false;plains;5
9709;110;207;1;land;false;plains;5
9710;253;5;1;land;false;plains;5
9711;215;15;1;land;true;plains;5
9712;216;3;1;land;false;plains;5
9713;236;23;1;land;false;urban;5
9714;249;21;1;land;false;plains;5
9715;192;45;1;land;false;plains;5
9716;217;11;1;land;false;plains;5
9717;212;12;1;land;true;plains;5
9718;238;45;1;land;true;plains;5
9719;200;45;1;land;false;plains;5
9720;212;3;1;land;true;plains;5
9721;219;26;1;land;false;plains;5
9722;247;123;1;land;false;urban;5
9723;204;154;1;land;false;plains;5
9724;206;114;1;land;false;plains;5
9725;245;127;1;land;false;plains;5
9726;222;112;1;land;false;plains;5
9727;203;121;1;land;false;plains;5
9728;162;117;1;land;false;plains;5
9729;157;92;1;land;false;plains;5
9730;149;74;1;land;false;plains;5
9731;219;105;1;land;false;plains;5
9732;170;128;1;land;false;plains;5
9733;181;85;1;land;false;plains;5
9734;164;73;1;land;false;plains;5
9735;190;68;1;land;false;plains;5
9736;226;117;1;land;false;plains;5
9737;207;130;1;land;false;plains;5
9738;159;71;1;land;false;plains;5
9739;222;142;1;land;false;urban;5
9740;190;123;1;land;false;plains;5
9741;170;71;1;land;false;plains;5
9742;158;143;1;land;false;plains;5
9743;178;140;1;land;false;plains;5
9744;217;81;1;land;false;plains;5
9745;121;249;1;land;false;hills;5
9746;126;192;1;land;false;plains;5
9747;179;236;1;land;false;hills;5
9748;194;184;1;land;false;plains;5
9749;154;196;1;land;false;plains;5
9750;160;220;1;land;false;hills;5
9751;139;203;1;land;false;plains;5
9752;119;181;1;land;false;plains;5
9753;157;226;1;land;false;hills;5
9754;118;203;1;land;false;hills;5
9755;181;206;1;land;false;hills;5
9756;166;203;1;land;false;plains;5
9757;182;202;1;land;false;plains;5
9758;170;206;1;land;false;plains;5
9759;188;174;1;land;false;hills;5
9760;132;187;1;land;false;plains;5
9761;159;181;1;land;false;plains;5
9762;161;182;1;land;false;plains;5
9763;199;53;1;land;false;plains;5
9764;225;77;1;land;false;plains;5
9765;170;25;1;land;false;hills;5
9766;183;28;1;land;false;plains;5
9767;174;20;1;land;false;plains;5
9768;236;33;1;land;false;plains;5
9769;175;36;1;land;false;plains;5
9770;191;64;1;land;false;plains;5
9771;243;52;1;land;false;hills;5
9772;210;94;1;land;false;plains;5
9773;235;44;1;land;false;hills;5
9774;223;39;1;land;false;plains;5
9775;240;35;1;land;false;hills;5
9776;242;59;1;land;false;plains;5
9777;178;48;1;land;false;urban;5
9778;238;19;1;land;false;plains;5
9779;54;100;1;land;false;plains;5
9780;61;106;1;land;false;plains;5
9781;28;82;1;land;false;plains;5
9782;10;91;1;land;false;plains;5
9783;48;73;1;land;false;plains;5
9784;76;94;1;land;false;plains;5
9785;29;1;1;land;false;plains;5
9786;32;13;1;land;false;plains;5
9787;19;6;1;land;false;plains;5
9788;53;16;1;land;false;plains;5
9789;55;55;1;land;false;plains;5
9790;44;43;1;land;false;hills;5
9791;139;19;1;land;false;plains;5
9792;126;49;1;land;false;plains;5
9793;171;78;1;land;false;plains;5
9794;205;77;1;land;false;hills;5
9795;128;99;1;land;false;plains;5
9796;173;20;1;land;false;plains;5
9797;138;93;1;land;false;plains;5
9798;181;64;1;land;false;plains;5
9799;136;29;1;land;false;hills;5
9800;184;68;1;land;false;plains;5
9801;202;23;1;land;false;plains;5
9802;48;87;1;land;true;plains;5
9803;100;148;1;land;true;plains;5
9804;72;94;1;land;true;plains;5
9805;57;135;1;land;false;plains;5
9806;74;105;1;land;false;plains;5
9807;105;90;1;land;true;plains;5
9808;81;122;1;land;true;plains;5
9809;52;96;1;land;false;urban;5
9810;213;68;1;land;false;plains;5
9811;185;78;1;land;false;plains;5
9812;200;78;1;land;false;plains;5
9813;191;34;1;land;false;plains;5
9814;245;94;1;land;false;plains;5
9815;208;66;1;land;true;plains;5
9816;236;37;1;land;false;plains;5
9817;195;48;1;land;false;plains;5
9818;254;67;1;land;false;plains;5
9819;226;75;1;land;true;plains;5
9820;209;47;1;land;false;plains;5
9821;230;86;1;land;false;plains;5
9822;245;50;1;land;false;plains;5
9823;218;74;1;land;false;plains;5
9824;179;27;1;land;false;plains;5
9825;250;87;1;land;false;plains;5
9826;217;46;1;land;false;plains;5
9827;201;65;1;land;false;plains;5
9828;216;62;1;land;false;plains;5
9829;211;18;1;land;false;plains;5
9830;214;27;1;land;false;plains;5
9831;212;93;1;land;false;plains;5
9832;210;20;1;land;false;plains;5
9833;200;49;1;land;false;plains;5
9834;204;20;1;land;false;plains;5
9835;221;78;1;land;true;plains;5
9836;34;133;1;land;true;plains;5
9837;43;113;1;land;false;plains;5
9838;4;57;1;land;false;plains;5
9839;42;119;1;land;false;plains;5
9840;44;123;1;land;false;plains;5
9841;8;114;1;land;false;plains;5
9842;6;84;1;land;false;plains;5
9843;45;115;1;land;false;plains;5
9844;32;87;1;land;false;urban;5
9845;5;68;1;land;false;plains;5
9846;15;104;1;land;false;urban;5
9847;9;59;1;land;false;plains;5
9848;23;112;1;land;false;plains;5
9849;57;89;1;land;false;plains;5
9850;24;153;1;land;false;plains;5
9851;12;150;1;land;false;plains;5
9852;20;170;1;land;false;plains;5
9853;57;190;1;land;false;plains;5
9854;60;223;1;land;false;plains;5
9855;75;202;1;land;false;plains;5
9856;57;179;1;land;false;plains;5
9857;90;215;1;land;false;plains;5
9858;56;167;1;land;false;plains;5
9859;110;203;1;land;false;plains;5
9860;101;160;1;land;false;plains;5
9861;99;171;1;land;false;plains;5
9862;120;187;1;land;false;plains;5
9863;96;152;1;land;false;plains;5
9864;93;169;1;land;false;plains;5
9865;86;172;1;land;false;plains;5
9866;77;158;1;land;false;plains;5
9867;99;176;1;land;false;plains;5
9868;101;172;1;land;false;mountain;5
9869;98;154;1;land;false;plains;5
9870;81;146;1;land;false;plains;5
9871;125;177;1;land;false;plains;5
9872;77;164;1;land;false;plains;5
9873;56;181;1;land;false;plains;5
9874;64;153;1;land;false;plains;5
9875;73;184;1;land;false;plains;5
9876;120;167;1;land;false;plains;5
9877;129;143;1;land;false;hills;5
9878;106;153;1;land;false;hills;5
9879;70;170;1;land;false;plains;5
9880;74;203;1;land;false;plains;5
9881;75;165;1;land;false;plains;5
9882;62;153;1;land;false;plains;5
9883;115;194;1;land;false;plains;5
9884;111;198;1;land;false;plains;5
9885;53;147;1;land;false;plains;5
9886;117;151;1;land;false;hills;5
9887;80;221;1;land;false;plains;5
9888;92;217;1;land;false;plains;5
9889;109;173;1;land;false;plains;5
9890;96;180;1;land;false;plains;5
9891;70;163;1;land;false;hills;5
9892;110;186;1;land;false;hills;5
9893;53;176;1;land;false;plains;5
9894;70;204;1;land;false;plains;5
9895;162;217;1;land;false;plains;5
9896;110;220;1;land;false;plains;5
9897;109;200;1;land;false;plains;5
9898;109;164;1;land;false;plains;5
9899;226;205;1;land;true;plains;5
9900;203;213;1;land;false;plains;5
9901;232;252;1;land;false;urban;5
9902;209;206;1;land;true;plains;5
9903;179;225;1;land;true;plains;5
9904;192;249;1;land;true;plains;5
9905;235;225;1;land;false;plains;5
9906;208;248;1;land;false;plains;5
9907;251;235;1;land;false;plains;5
9908;240;220;1;land;false;plains;5
9909;206;207;1;land;false;plains;5
9910;249;247;1;land;false;plains;5
9911;231;244;1;land;false;plains;5
9912;229;228;1;land;true;plains;5
9913;232;225;1;land;false;plains;5
9914;245;237;1;land;false;plains;5
9915;243;197;1;land;false;plains;5
9916;222;211;1;land;false;plains;5
9917;246;210;1;land;false;plains;5
9918;218;219;1;land;true;plains;5
9919;205;244;1;land;false;plains;5
9920;228;251;1;land;false;plains;5
9921;212;237;1;land;false;plains;5
9922;234;229;1;land;false;plains;5
9923;235;232;1;land;false;plains;5
9924;215;252;1;land;false;plains;5
9925;226;214;1;land;false;plains;5
9926;234;207;1;land;false;urban;5
9927;240;200;1;land;false;plains;5
9928;238;214;1;land;true;plains;5
9929;38;35;1;land;false;plains;5
9930;34;52;1;land;false;plains;5
9931;0;72;1;land;false;plains;5
9932;42;98;1;land;false;plains;5
9933;21;63;1;land;false;plains;5
9934;35;40;1;land;false;plains;5
9935;40;95;1;land;false;plains;5
9936;18;106;1;land;false;plains;5
9937;12;98;1;land;false;plains;5
9938;17;83;1;land;false;plains;5
9939;72;179;1;land;false;plains;5
9940;78;178;1;land;false;plains;5
9941;51;220;1;land;false;plains;5
9942;49;218;1;land;false;plains;5
9943;111;187;1;land;false;plains;5
9944;61;220;1;land;false;plains;5
9945;78;203;1;land;false;plains;5
9946;72;182;1;land;false;plains;5
9947;53;231;1;land;false;plains;5
9948;65;173;1;land;false;plains;5
9949;59;203;1;land;false;plains;5
9950;207;249;1;land;true;plains;5
9951;199;254;1;land;false;plains;5
9952;194;253;1;land;true;plains;5
9953;151;247;1;land;true;plains;5
9954;172;214;1;land;true;plains;5
9955;185;200;1;land;false;plains;5
9956;180;215;1;land;false;plains;5
9957;198;200;1;land;false;plains;5
9958;186;250;1;land;false;plains;5
9959;74;75;1;land;false;plains;5
9960;84;74;1;land;false;plains;5
9961;108;114;1;land;true;urban;5
9962;36;119;1;land;true;plains;5
9963;78;73;1;land;true;plains;5
9964;59;47;1;land;false;plains;5
9965;63;58;1;land;false;plains;5
9966;34;92;1;land;true;plains;5
9967;35;74;1;land;true;plains;5
9968;94;73;1;land;false;plains;5
9969;85;52;1;land;true;plains;5
9970;103;73;1;land;true;plains;5
9971;107;100;1;land;false;plains;5
9972;52;92;1;land;true;urban;5
9973;42;48;1;land;true;plains;5
9974;38;125;1;land;false;plains;5
9975;98;106;1;land;true;urban;5
9976;75;118;1;land;false;plains;5
9977;8;199;1;land;false;plains;5
9978;6;134;1;land;true;plains;5
9979;17;185;1;land;false;plains;5
9980;23;205;1;land;true;plains;5
9981;7;140;1;land;false;plains;5
9982;34;164;1;land;false;plains;5
9983;5;179;1;land;true;plains;5
9984;14;207;1;land;true;plains;5
9985;11;198;1;land;false;plains;5
9986;40;182;1;land;true;plains;5
9987;34;210;1;land;true;plains;5
9988;4;184;1;land;true;plains;5
9989;181;196;1;land;false;plains;5
9990;137;207;1;land;false;plains;5
9991;136;172;1;land;false;plains;5
9992;204;170;1;land;false;plains;5
9993;186;187;1;land;false;plains;5
9994;149;220;1;land;false;plains;5
9995;135;242;1;land;false;urban;5
9996;189;221;1;land;false;plains;5
9997;175;174;1;land;true;plains;5
9998;174;193;1;land;false;plains;5
9999;142;192;1;land;false;urban;5
10000;145;185;1;land;false;plains;5
10001;176;203;1;land;true;plains;5
10002;204;236;1;land;false;plains;5
10003;199;234;1;land;false;plains;5
10004;197;184;1;land;false;plains;5
10005;195;218;1;land;false;plains;5
10006;173;230;1;land;false;plains;5
10007;180;210;1;land;false;plains;5
10008;144;200;1;land;false;plains;5
10009;204;209;1;land;false;plains;5
10010;145;164;1;land;false;plains;5
10011;175;215;1;land;true;plains;5
10012;144;237;1;land;false;plains;5
10013;175;221;1;land;false;plains;5
10014;185;188;1;land;true;plains;5
10015;146;229;1;land;false;plains;5
10016;137;183;1;land;true;plains;5
10017;181;204;1;land;false;plains;5
10018;184;179;1;land;false;plains;5
10019;132;206;1;land;false;plains;5
10020;149;212;1;land;false;plains;5
10021;169;220;1;land;false;plains;5
10022;192;191;1;land;false;plains;5
10023;176;199;1;land;false;plains;5
10024;129;187;1;land;false;plains;5
10025;189;234;1;land;false;plains;5
10026;188;168;1;land;false;plains;5
10027;194;201;1;land;false;plains;5
10028;115;11;1;land;false;plains;5
10029;48;30;1;land;false;plains;5
10030;83;38;1;land;false;plains;5
10031;78;41;1;land;false;plains;5
10032;111;42;1;land;false;hills;5
10033;84;14;1;land;false;plains;5
10034;86;18;1;land;false;plains;5
10035;101;28;1;land;false;plains;5
10036;105;7;1;land;false;plains;5
10037;80;31;1;land;false;plains;5
10038;66;21;1;land;false;plains;5
10039;50;1;1;land;false;plains;5
10040;96;34;1;land;false;plains;5
10041;102;29;1;land;false;plains;5
10042;48;2;1;land;false;plains;5
10043;115;3;1;land;false;plains;5
10044;38;14;1;land;false;plains;5
10045;71;6;1;land;false;plains;5
10046;79;29;1;land;false;plains;5
10047;50;40;1;land;false;plains;5
10048;53;22;1;land;false;plains;5
10049;44;22;1;land;false;plains;5
10050;71;1;1;land;false;plains;5
10051;90;36;1;land;false;plains;5
10052;73;11;1;land;false;urban;5
10053;74;37;1;land;false;plains;5
10054;82;27;1;land;false;plains;5
10055;43;209;1;land;false;plains;5
10056;47;151;1;land;true;plains;5
10057;44;157;1;land;true;plains;5
10058;103;220;1;land;false;plains;5
10059;55;217;1;land;false;plains;5
10060;72;200;1;land;false;plains;5
10061;73;199;1;land;true;plains;5
10062;50;228;1;land;false;plains;5
10063;65;193;1;land;false;plains;5
10064;101;161;1;land;false;plains;5
10065;40;209;1;land;false;plains;5
10066;50;150;1;land;false;plains;5
10067;46;204;1;land;false;plains;5
10068;49;229;1;land;false;plains;5
10069;89;226;1;land;false;plains;5
10070;105;154;1;land;false;plains;5
10071;102;225;1;land;false;plains;5
10072;88;190;1;land;false;plains;5
10073;69;154;1;land;true;plains;5
10074;146;182;1;land;false;hills;5
10075;80;166;1;land;false;plains;5
10076;80;195;1;land;false;plains;5
10077;98;159;1;land;false;plains;5
10078;88;168;1;land;false;hills;5
10079;93;153;1;land;false;plains;5
10080;118;180;1;land;false;plains;5
10081;145;208;1;land;false;hills;5
10082;93;171;1;land;false;plains;5
10083;134;204;1;land;false;hills;5
10084;136;196;1;land;false;plains;5
10085;112;144;1;land;false;hills;5
10086;85;243;1;land;true;plains;5
10087;101;217;1;land;true;plains;5
10088;125;232;1;land;false;plains;5
10089;103;219;1;land;true;plains;5
10090;110;167;1;land;false;plains;5
10091;77;195;1;land;true;plains;5
10092;134;243;1;land;false;plains;5
10093;136;242;1;land;false;plains;5
10094;81;175;1;land;true;plains;5
10095;127;238;1;land;false;plains;5
10096;111;81;1;land;false;plains;5
10097;68;64;1;land;false;plains;5
10098;72;92;1;land;false;plains;5
10099;71;118;1;land;false;hills;5
10100;121;82;1;land;false;plains;5
10101;132;127;1;land;false;plains;5
10102;86;130;1;land;false;plains;5
10103;69;131;1;land;false;hills;5
10104;118;110;1;land;false;plains;5
10105;68;59;1;land;false;plains;5
10106;89;70;1;land;false;plains;5
10107;96;121;1;land;false;plains;5
10108;118;89;1;land;false;plains;5
10109;125;56;1;land;false;plains;5
10110;63;114;1;land;false;plains;5
10111;65;54;1;land;false;plains;5
10112;83;77;1;land;false;plains;5
10113;93;60;1;land;false;hills;5
10114;126;87;1;land;false;plains;5
10115;42;92;1;land;false;plains;5
10116;59;84;1;land;false;plains;5
10117;46;74;1;land;true;plains;5
10118;16;55;1;land;false;plains;5
10119;54;70;1;land;false;plains;5
10120;61;97;1;land;false;plains;5
10121;34;109;1;land;false;plains;5
10122;66;117;1;land;false;plains;5
10123;41;63;1;land;false;plains;5
10124;18;96;1;land;false;plains;5
10125;8;133;1;land;true;plains;5
10126;75;58;1;land;false;plains;5
10127;43;72;1;land;true;plains;5
10128;36;107;1;land;true;plains;5
10129;54;83;1;land;false;plains;5
10130;39;113;1;land;true;plains;5
10131;5;126;1;land;true;plains;5
10132;52;116;1;land;false;plains;5
10133;61;89;1;land;false;plains;5
10134;70;64;1;land;true;plains;5
10135;56;108;1;land;false;plains;5
10136;57;114;1;land;false;plains;5
10137;24;68;1;land;false;plains;5
10138;6;64;1;land;false;urban;5
10139;34;76;1;land;false;plains;5
10140;3;85;1;land;false;plains;5
10141;76;60;1;land;false;plains;5
10142;7;77;1;land;false;plains;5
10143;38;79;1;land;false;plains;5
10144;58;98;1;land;false;plains;5
10145;37;58;1;land;false;plains;5
10146;59;101;1;land;false;plains;5
10147;31;102;1;land;false;plains;5
10148;57;130;1;land;true;plains;5
10149;32;92;1;land;true;plains;5
10150;35;87;1;land;false;plains;5
10151;21;57;1;land;false;plains;5
10152;9;129;1;land;false;plains;5
10153;24;54;1;land;true;plains;5
10154;249;74;1;land;false;plains;4
10155;244;133;1;land;false;plains;4
10156;199;139;1;land;false;plains;4
10157;229;87;1;land;false;plains;4
10158;246;90;1;land;false;urban;4
10159;232;99;1;land;false;plains;4
10160;219;100;1;land;false;plains;4
10161;205;144;1;land;false;plains;4
10162;225;109;1;land;false;plains;4
10163;224;101;1;land;false;plains;4
10164;205;74;1;land;false;plains;4
10165;251;101;1;land;false;plains;4
10166;242;150;1;land;false;plains;4
10167;209;74;1;land;false;plains;4
10168;213;130;1;land;false;hills;4
10169;240;117;1;land;false;plains;4
10170;202;112;1;land;false;plains;4
10171;245;95;1;land;false;plains;4
10172;211;37;1;land;false;hills;4
10173;144;30;1;land;false;hills;4
10174;188;27;1;land;false;plains;4
10175;207;23;1;land;false;plains;4
10176;151;26;1;land;false;plains;4
10177;161;13;1;land;false;plains;4
10178;215;44;1;land;false;hills;4
10179;3;110;1;land;true;plains;4
10180;29;141;1;land;true;plains;4
10181;13;156;1;land;false;plains;4
10182;225;85;1;land;false;plains;4
10183;252;95;1;land;true;plains;4
10184;223;129;1;land;true;plains;4
10185;232;148;1;land;true;plains;4
10186;254;134;1;land;false;plains;4
10187;249;146;1;land;true;plains;4
10188;61;120;1;land;false;plains;4
10189;33;94;1;land;false;plains;4
10190;15;121;1;land;false;plains;4
10191;4;144;1;land;false;plains;4
10192;23;88;1;land;false;plains;4
10193;52;102;1;land;false;plains;4
10194;17;145;1;land;false;plains;4
10195;25;120;1;land;false;plains;4
10196;27;162;1;land;true;plains;4
10197;5;167;1;land;false;plains;4
10198;51;160;1;land;false;plains;4
10199;21;129;1;land;false;plains;4
10200;5;134;1;land;false;plains;4
10201;21;109;1;land;true;plains;4
10202;47;157;1;land;false;plains;4
10203;52;155;1;land;false;plains;4
10204;28;142;1;land;true;plains;4
10205;11;128;1;land;false;plains;4
10206;36;133;1;land;false;plains;4
10207;19;166;1;land;false;plains;4
10208;0;156;1;land;false;plains;4
10209;36;88;1;land;true;plains;4
10210;10;121;1;land;false;plains;4
10211;24;146;1;land;false;plains;4
10212;20;100;1;land;false;plains;4
10213;39;99;1;land;false;plains;4
10214;4;100;1;land;false;plains;4
10215;31;116;1;land;true;plains;4
10216;26;155;1;land;true;plains;4
10217;40;156;1;land;false;plains;4
10218;24;108;1;land;false;plains;4
10219;13;162;1;land;false;plains;4
10220;13;138;1;land;false;plains;4
10221;57;163;1;land;false;plains;4
10222;53;132;1;land;false;plains;4
10223;3;97;1;land;false;plains;4
10224;33;155;1;land;false;plains;4
10225;22;166;1;land;false;plains;4
10226;177;0;1;land;false;plains;4
10227;137;36;1;land;false;plains;4
10228;213;11;1;land;false;plains;4
10229;155;6;1;land;true;plains;4
10230;195;24;1;land;true;plains;4
10231;155;12;1;land;true;plains;4
10232;184;4;1;land;false;plains;4
10233;193;11;1;land;false;desert;4
10234;161;28;1;land;false;plains;4
10235;214;11;1;land;false;desert;4
10236;157;22;1;land;false;plains;4
10237;183;14;1;land;true;plains;4
10238;207;13;1;land;false;plains;4
10239;167;29;1;land;false;plains;4
10240;157;32;1;land;true;plains;4
10241;180;30;1;land;true;plains;4
10242;159;42;1;land;false;desert;4
10243;157;41;1;land;true;plains;4
10244;203;33;1;land;false;plains;4
10245;166;27;1;land;false;plains;4
10246;175;20;1;land;false;desert;4
10247;175;6;1;land;false;plains;4
10248;194;29;1;land;true;plains;4
10249;213;99;1;land;false;plains;4
10250;161;132;1;land;false;plains;4
10251;202;120;1;land;false;plains;4
10252;207;77;1;land;false;plains;4
10253;238;127;1;land;false;plains;4
10254;181;127;1;land;false;plains;4
10255;187;70;1;land;false;plains;4
10256;191;69;1;land;false;plains;4
10257;147;108;1;land;false;hills;4
10258;148;76;1;land;false;hills;4
10259;145;70;1;land;false;plains;4
10260;113;97;1;land;false;plains;4
10261;136;46;1;land;false;plains;4
10262;85;50;1;land;false;hills;4
10263;140;98;1;land;false;plains;4
10264;97;88;1;land;false;plains;4
10265;151;68;1;land;false;hills;4
10266;124;107;1;land;false;hills;4
10267;110;43;1;land;false;hills;4
10268;148;104;1;land;false;plains;4
10269;143;49;1;land;false;plains;4
10270;132;71;1;land;false;hills;4
10271;150;67;1;land;false;plains;4
10272;134;68;1;land;false;plains;4
10273;139;56;1;land;false;plains;4
10274;155;72;1;land;false;hills;4
10275;98;81;1;land;false;plains;4
10276;138;110;1;land;false;hills;4
10277;105;74;1;land;false;plains;4
10278;17;27;1;land;false;plains;4
10279;67;13;1;land;false;plains;4
10280;13;84;1;land;true;plains;4
10281;4;70;1;land;true;plains;4
10282;4;45;1;land;true;plains;4
10283;7;71;1;land;true;plains;4
10284;8;195;1;land;true;plains;4
10285;39;175;1;land;true;plains;4
10286;9;240;1;land;true;plains;4
10287;32;235;1;land;false;plains;4
10288;8;228;1;land;true;plains;4
10289;12;195;1;land;true;plains;4
10290;29;183;1;land;false;plains;4
10291;15;220;1;land;false;plains;4
10292;11;207;1;land;true;plains;4
10293;170;221;1;land;true;plains;4
10294;176;210;1;land;true;plains;4
10295;158;153;1;land;false;plains;4
10296;209;196;1;land;false;plains;4
10297;170;203;1;land;false;urban;4
10298;196;194;1;land;false;plains;4
10299;180;172;1;land;false;plains;4
10300;188;182;1;land;true;plains;4
10301;206;155;1;land;false;plains;4
10302;216;60;1;land;true;plains;4
10303;232;50;1;land;true;plains;4
10304;196;16;1;land;true;plains;4
10305;208;21;1;land;true;plains;4
10306;195;43;1;land;false;plains;4
10307;234;25;1;land;true;urban;4
10308;223;16;1;land;false;plains;4
10309;160;24;1;land;false;plains;4
10310;214;1;1;land;true;plains;4
10311;176;38;1;land;false;plains;4
10312;224;22;1;land;true;plains;4
10313;166;29;1;land;false;plains;4
10314;180;37;1;land;true;plains;4
10315;232;35;1;land;false;plains;4
10316;171;4;1;land;false;plains;4
10317;187;32;1;land;false;plains;4
10318;216;36;1;land;true;plains;4
10319;1;112;1;land;false;urban;4
10320;36;95;1;land;false;plains;4
10321;4;117;1;land;false;plains;4
10322;41;109;1;land;false;plains;4
10323;3;111;1;land;false;plains;4
10324;10;130;1;land;false;plains;4
10325;26;134;1;land;false;plains;4
10326;37;155;1;land;false;urban;4
10327;110;54;1;land;true;plains;4
10328;135;96;1;land;false;urban;4
10329;131;40;1;land;false;plains;4
10330;107;67;1;land;true;plains;4
10331;128;49;1;land;false;plains;4
10332;131;44;1;land;false;plains;4
10333;111;58;1;land;false;urban;4
10334;170;78;1;land;true;plains;4
10335;102;108;1;land;false;plains;4
10336;129;40;1;land;false;plains;4
10337;127;68;1;land;false;plains;4
10338;63;226;1;land;false;plains;4
10339;38;227;1;land;false;plains;4
10340;41;181;1;land;false;plains;4
10341;45;235;1;land;false;plains;4
10342;46;225;1;land;false;plains;4
10343;62;206;1;land;false;plains;4
10344;43;196;1;land;false;plains;4
10345;67;218;1;land;false;plains;4
10346;62;225;1;land;false;plains;4
10347;153;51;1;land;false;plains;4
10348;152;43;1;land;false;plains;4
10349;95;50;1;land;false;plains;4
10350;156;89;1;land;false;plains;4
10351;124;111;1;land;false;plains;4
10352;147;84;1;land;false;plains;4
10353;146;54;1;land;false;plains;4
10354;133;95;1;land;false;plains;4
10355;102;105;1;land;false;plains;4
10356;153;67;1;land;false;plains;4
10357;76;172;1;land;false;urban;4
10358;76;144;1;land;false;plains;4
10359;42;113;1;land;false;plains;4
10360;83;131;1;land;false;plains;4
10361;105;150;1;land;false;plains;4
10362;106;99;1;land;false;urban;4
10363;87;155;1;land;false;plains;4
10364;89;149;1;land;true;plains;4
10365;48;175;1;land;false;plains;4
10366;58;124;1;land;false;plains;4
10367;59;162;1;land;false;plains;4
10368;43;142;1;land;false;plains;4
10369;54;157;1;land;false;plains;4
10370;28;192;1;land;false;desert;4
10371;27;247;1;land;false;desert;4
10372;82;251;1;land;false;desert;4
10373;78;195;1;land;false;desert;4
10374;77;243;1;land;false;desert;4
10375;73;252;1;land;false;desert;4
10376;13;242;1;land;false;desert;4
10377;65;236;1;land;false;desert;4
10378;42;232;1;land;false;desert;4
10379;46;241;1;land;false;desert;4
10380;58;249;1;land;false;desert;4
10381;34;252;1;land;false;desert;4
10382;27;242;1;land;false;desert;4
10383;25;215;1;land;false;desert;4
10384;82;245;1;land;false;desert;4
10385;64;175;1;land;false;desert;4
10386;51;249;1;land;false;hills;4
10387;18;198;1;land;false;desert;4
10388;71;174;1;land;false;desert;4
10389;65;251;1;land;false;desert;4
10390;85;181;1;land;false;mountain;4
10391;36;181;1;land;false;desert;4
10392;25;211;1;land;false;desert;4
10393;67;212;1;land;false;desert;4
10394;64;193;1;land;false;hills;4
10395;28;201;1;land;false;desert;4
10396;24;226;1;land;false;hills;4
10397;78;217;1;land;false;desert;4
10398;9;228;1;land;false;desert;4
10399;45;237;1;land;false;desert;4
10400;38;217;1;land;false;desert;4
10401;58;177;1;land;false;hills;4
10402;24;217;1;land;false;desert;4
10403;30;199;1;land;false;desert;4
10404;12;197;1;land;false;desert;4
10405;52;225;1;land;false;hills;4
10406;49;227;1;land;false;desert;4
10407;64;183;1;land;false;desert;4
10408;71;178;1;land;false;desert;4
10409;34;196;1;land;false;desert;4
10410;58;213;1;land;false;desert;4
10411;55;252;1;land;false;desert;4
10412;64;202;1;land;false;hills;4
10413;85;240;1;land;false;desert;4
10414;75;218;1;land;false;desert;4
10415;208;29;1;land;true;plains;4
10416;141;185;1;land;false;plains;4
10417;98;112;1;land;false;plains;4
10418;113;133;1;land;false;plains;4
10419;138;123;1;land;false;plains;4
10420;69;162;1;land;false;plains;4
10421;128;132;1;land;false;plains;4
10422;68;181;1;land;false;plains;4
10423;134;114;1;land;false;hills;4
10424;65;177;1;land;false;plains;4
10425;72;159;1;land;false;plains;4
10426;135;109;1;land;false;plains;4
10427;116;144;1;land;false;plains;4
10428;111;165;1;land;false;plains;4
10429;101;117;1;land;false;hills;4
10430;134;110;1;land;false;plains;4
10431;65;117;1;land;false;plains;4
10432;85;131;1;land;false;plains;4
10433;121;130;1;land;false;plains;4
10434;92;129;1;land;false;plains;4
10435;141;146;1;land;false;plains;4
10436;143;175;1;land;false;plains;4
10437;136;136;1;land;false;plains;4
10438;67;183;1;land;false;plains;4
10439;125;163;1;land;false;plains;4
10440;98;188;1;land;false;plains;4
10441;77;155;1;land;false;plains;4
10442;120;113;1;land;false;plains;4
10443;103;119;1;land;false;plains;4
10444;137;125;1;land;false;plains;4
10445;92;175;1;land;false;plains;4
10446;104;116;1;land;false;plains;4
10447;128;109;1;land;false;plains;4
10448;98;110;1;land;false;plains;4
10449;123;170;1;land;false;plains;4
10450;104;125;1;land;false;plains;4
10451;139;163;1;land;false;plains;4
10452;58;183;1;land;false;plains;4
10453;94;135;1;land;false;plains;4
10454;127;118;1;land;false;plains;4
10455;56;129;1;land;false;plains;4
10456;102;174;1;land;false;plains;4
10457;113;180;1;land;false;hills;4
10458;119;118;1;land;false;plains;4
10459;52;151;1;land;false;plains;4
10460;100;117;1;land;false;plains;4
10461;85;154;1;land;false;plains;4
10462;123;166;1;land;false;plains;4
10463;243;171;1;land;false;plains;4
10464;191;183;1;land;false;plains;4
10465;207;190;1;land;false;plains;4
10466;250;205;1;land;false;plains;4
10467;191;180;1;land;false;urban;4
10468;178;223;1;land;false;plains;4
10469;248;204;1;land;false;plains;4
10470;234;161;1;land;false;plains;4
10471;85;32;1;land;true;plains;4
10472;114;26;1;land;true;plains;4
10473;127;26;1;land;false;plains;4
10474;108;82;1;land;false;plains;4
10475;77;45;1;land;true;plains;4
10476;133;77;1;land;true;plains;4
10477;135;86;1;land;true;plains;4
10478;56;96;1;land;false;plains;4
10479;33;165;1;land;false;plains;4
10480;101;153;1;land;false;desert;4
10481;34;139;1;land;false;desert;4
10482;88;122;1;land;false;plains;4
10483;60;136;1;land;false;plains;4
10484;92;151;1;land;false;desert;4
10485;47;103;1;land;false;plains;4
10486;32;127;1;land;false;desert;4
10487;67;129;1;land;false;plains;4
10488;108;154;1;land;false;desert;4
10489;44;142;1;land;false;hills;4
10490;3;132;1;land;false;plains;4
10491;5;112;1;land;false;plains;4
10492;5;80;1;land;false;plains;4
10493;2;151;1;land;false;plains;4
10494;61;134;1;land;false;plains;4
10495;53;129;1;land;false;plains;4
10496;240;64;1;land;true;plains;4
10497;178;61;1;land;true;plains;4
10498;226;63;1;land;false;plains;4
10499;200;110;1;land;false;plains;4
10500;172;102;1;land;true;plains;4
10501;158;170;1;land;true;plains;4
10502;111;197;1;land;true;plains;4
10503;117;172;1;land;false;plains;4
10504;112;204;1;land;true;plains;4
10505;118;65;1;land;false;plains;4
10506;122;49;1;land;false;plains;4
10507;127;74;1;land;false;plains;4
10508;130;18;1;land;false;plains;4
10509;93;39;1;land;true;plains;4
10510;120;48;1;land;false;plains;4
10511;127;40;1;land;true;plains;4
10512;141;62;1;land;true;plains;4
10513;94;18;1;land;true;plains;4
10514;102;58;1;land;false;plains;4
10515;95;60;1;land;true;plains;4
10516;142;67;1;land;false;urban;4
10517;81;66;1;land;true;plains;4
10518;85;30;1;land;false;urban;4
10519;131;67;1;land;false;plains;4
10520;72;17;1;land;true;plains;4
10521;106;96;1;land;true;plains;4
10522;106;36;1;land;false;plains;4
10523;98;32;1;land;false;plains;4
10524;108;213;1;land;false;plains;4
10525;141;170;1;land;false;plains;4
10526;151;196;1;land;false;plains;4
10527;145;181;1;land;false;plains;4
10528;153;140;1;land;false;plains;4
10529;8;63;1;land;false;plains;4
10530;21;0;1;land;true;plains;4
10531;40;44;1;land;false;plains;4
10532;63;49;1;land;false;plains;4
10533;66;12;1;land;true;plains;4
10534;24;70;1;land;false;plains;4
10535;20;38;1;land;true;plains;4
10536;23;23;1;land;true;plains;4
10537;27;45;1;land;false;plains;4
10538;15;40;1;land;true;plains;4
10539;17;1;1;land;false;plains;4
10540;211;10;1;land;false;plains;4
10541;220;52;1;land;false;plains;4
10542;149;130;1;land;false;plains;4
10543;172;185;1;land;false;plains;4
10544;185;168;1;land;false;plains;4
10545;167;129;1;land;false;plains;4
10546;158;187;1;land;false;plains;4
10547;198;158;1;land;false;plains;4
10548;193;156;1;land;false;plains;4
10549;195;166;1;land;false;plains;4
10550;162;185;1;land;false;plains;4
10551;210;182;1;land;false;hills;4
10552;212;155;1;land;false;hills;4
10553;223;187;1;land;false;hills;4
10554;182;163;1;land;false;hills;4
10555;199;193;1;land;false;plains;4
10556;191;167;1;land;false;plains;4
10557;195;71;1;land;false;desert;4
10558;212;71;1;land;false;desert;4
10559;226;56;1;land;false;desert;4
10560;236;11;1;land;false;desert;4
10561;244;64;1;land;false;desert;4
10562;204;8;1;land;false;desert;4
10563;238;5;1;land;false;desert;4
10564;194;49;1;land;false;desert;4
10565;226;31;1;land;false;desert;4
10566;223;25;1;land;false;desert;4
10567;206;81;1;land;false;desert;4
10568;242;62;1;land;false;desert;4
10569;231;30;1;land;false;desert;4
10570;217;52;1;land;false;desert;4
10571;214;77;1;land;false;desert;4
10572;250;14;1;land;false;desert;4
10573;240;74;1;land;false;desert;4
10574;198;74;1;land;false;desert;4
10575;254;80;1;land;false;desert;4
10576;198;25;1;land;false;desert;4
10577;232;10;1;land;false;desert;4
10578;214;13;1;land;false;desert;4
10579;225;61;1;land;false;hills;4
10580;245;14;1;land;false;desert;4
10581;241;46;1;land;false;desert;4
10582;216;68;1;land;false;hills;4
10583;227;16;1;land;false;desert;4
10584;225;47;1;land;false;desert;4
10585;197;17;1;land;false;hills;4
10586;205;54;1;land;false;desert;4
10587;220;58;1;land;false;desert;4
10588;248;53;1;land;false;desert;4
10589;201;32;1;land;false;desert;4
10590;235;32;1;land;false;desert;4
10591;204;40;1;land;false;desert;4
10592;195;56;1;land;false;desert;4
10593;241;7;1;land;false;desert;4
10594;239;25;1;land;false;desert;4
10595;205;37;1;land;false;desert;4
10596;202;44;1;land;false;desert;4
10597;211;2;1;land;false;desert;4
10598;205;64;1;land;false;desert;4
10599;128;147;1;land;true;plains;4
10600;129;138;1;land;true;plains;4
10601;123;126;1;land;true;plains;4
10602;109;130;1;land;true;plains;4
10603;168;164;1;land;false;plains;4
10604;151;128;1;land;true;plains;4
10605;135;150;1;land;false;plains;4
10606;152;115;1;land;false;plains;4
10607;179;182;1;land;true;plains;4
10608;116;169;1;land;true;plains;4
10609;150;172;1;land;false;plains;4
10610;50;233;1;land;false;plains;4
10611;31;202;1;land;false;plains;4
10612;35;233;1;land;false;plains;4
10613;23;235;1;land;false;plains;4
10614;29;196;1;land;false;plains;4
10615;10;251;1;land;false;plains;4
10616;10;245;1;land;false;plains;4
10617;72;142;1;land;true;plains;4
10618;51;187;1;land;false;plains;4
10619;61;157;1;land;false;plains;4
10620;86;157;1;land;true;plains;4
10621;48;146;1;land;false;plains;4
10622;61;217;1;land;false;plains;4
10623;3;241;1;land;false;hills;4
10624;11;190;1;land;false;plains;4
10625;39;164;1;land;false;plains;4
10626;68;183;1;land;false;plains;4
10627;51;176;1;land;false;plains;4
10628;65;206;1;land;false;urban;4
10629;57;182;1;land;false;plains;4
10630;2;187;1;land;false;hills;4
10631;13;199;1;land;false;plains;4
10632;22;234;1;land;false;plains;4
10633;38;214;1;land;false;plains;4
10634;53;234;1;land;false;plains;4
10635;18;186;1;land;false;plains;4
10636;29;206;1;land;false;hills;4
10637;50;183;1;land;false;plains;4
10638;55;225;1;land;false;plains;4
10639;7;192;1;land;false;hills;4
10640;48;180;1;land;false;plains;4
10641;67;174;1;land;false;plains;4
10642;74;233;1;land;false;hills;4
10643;34;223;1;land;false;plains;4
10644;16;216;1;land;false;plains;4
10645;70;178;1;land;false;plains;4
10646;64;215;1;land;false;hills;4
10647;47;175;1;land;false;plains;4
10648;7;229;1;land;false;plains;4
10649;35;92;1;land;true;plains;4
10650;11;68;1;land;true;plains;4
10651;40;86;1;land;false;plains;4
10652;182;179;1;land;false;plains;4
10653;182;119;1;land;false;plains;4
10654;136;163;1;land;false;plains;4
10655;187;153;1;land;false;plains;4
10656;121;182;1;land;false;plains;4
10657;164;189;1;land;false;plains;4
10658;180;161;1;land;false;plains;4
10659;174;130;1;land;false;plains;4
10660;156;132;1;land;false;plains;4
10661;183;161;1;land;false;plains;4
10662;159;132;1;land;false;plains;4
10663;148;134;1;land;false;plains;4
10664;124;120;1;land;false;plains;4
10665;122;168;1;land;false;plains;4
10666;117;140;1;land;false;urban;4
10667;196;123;1;land;false;plains;4
10668;192;178;1;land;false;plains;4
10669;132;192;1;land;false;plains;4
10670;82;137;1;land;false;plains;4
10671;91;166;1;land;false;urban;4
10672;84;185;1;land;false;plains;4
10673;108;149;1;land;false;plains;4
10674;60;175;1;land;false;plains;4
10675;85;156;1;land;false;plains;4
10676;108;169;1;land;false;plains;4
10677;209;117;1;land;true;plains;4
10678;254;119;1;land;true;plains;4
10679;236;139;1;land;false;plains;4
10680;224;142;1;land;false;plains;4
10681;251;92;1;land;true;plains;4
10682;250;116;1;land;true;plains;4
10683;221;145;1;land;true;plains;4
10684;227;151;1;land;false;urban;4
10685;239;99;1;land;true;plains;4
10686;235;153;1;land;true;plains;4
10687;246;125;1;land;false;urban;4
10688;226;93;1;land;true;plains;4
10689;111;236;1;land;true;plains;4
10690;75;232;1;land;true;plains;4
10691;103;198;1;land;false;plains;4
10692;104;220;1;land;false;plains;4
10693;139;194;1;land;true;plains;4
10694;182;218;1;land;false;plains;4
10695;172;248;1;land;false;plains;4
10696;156;241;1;land;false;plains;4
10697;180;209;1;land;false;plains;4
10698;132;225;1;land;false;plains;4
10699;151;223;1;land;false;plains;4
10700;192;223;1;land;false;plains;4
10701;131;237;1;land;false;plains;4
10702;63;239;1;land;true;plains;4
10703;37;199;1;land;true;plains;4
10704;38;242;1;land;true;plains;4
10705;39;212;1;land;false;plains;4
10706;96;233;1;land;false;plains;4
10707;222;194;1;land;false;plains;4
10708;227;235;1;land;false;plains;4
10709;249;184;1;land;false;plains;4
10710;206;198;1;land;false;plains;4
10711;201;216;1;land;false;hills;4
10712;231;186;1;land;false;plains;4
10713;253;212;1;land;false;hills;4
10714;62;129;1;land;false;plains;4
10715;98;160;1;land;false;plains;4
10716;44;182;1;land;false;plains;4
10717;77;152;1;land;false;plains;4
10718;71;169;1;land;false;plains;4
10719;43;150;1;land;false;plains;4
10720;56;165;1;land;false;plains;4
10721;69;174;1;land;false;plains;4
10722;52;115;1;land;false;plains;4
10723;67;119;1;land;false;plains;4
10724;66;183;1;land;false;plains;4
10725;80;148;1;land;false;plains;4
10726;23;123;1;land;false;plains;4
10727;34;16;1;land;false;plains;4
10728;45;9;1;land;false;plains;4
10729;12;44;1;land;false;urban;4
10730;1;28;1;land;false;plains;4
10731;48;33;1;land;false;plains;4
10732;36;13;1;land;false;plains;4
10733;36;21;1;land;false;plains;4
10734;25;4;1;land;true;plains;4
10735;2;42;1;land;false;plains;4
10736;44;18;1;land;false;plains;4
10737;0;32;1;land;false;plains;4
10738;251;164;1;land;false;plains;4
10739;194;193;1;land;true;plains;4
10740;248;234;1;land;false;plains;4
10741;206;239;1;land;false;plains;4
10742;205;167;1;land;true;plains;4
10743;252;188;1;land;false;urban;4
10744;186;222;1;land;false;plains;4
10745;187;223;1;land;true;plains;4
10746;240;208;1;land;false;plains;4
10747;229;166;1;land;false;plains;4
10748;224;233;1;land;false;plains;4
10749;56;144;1;land;true;plains;4
10750;123;151;1;land;true;plains;4
10751;113;126;1;land;true;plains;4
10752;127;122;1;land;true;plains;4
10753;13;111;1;land;true;plains;4
10754;39;95;1;land;false;plains;4
10755;22;106;1;land;true;plains;4
10756;16;150;1;land;false;plains;4
10757;28;112;1;land;true;plains;4
10758;10;163;1;land;false;urban;4
10759;36;160;1;land;true;plains;4
10760;0;130;1;land;false;plains;4
10761;35;162;1;land;false;plains;4
10762;40;196;1;land;false;plains;4
10763;107;223;1;land;false;plains;4
10764;47;213;1;land;false;plains;4
10765;48;240;1;land;false;plains;4
10766;70;218;1;land;false;hills;4
10767;105;195;1;land;false;plains;4
10768;42;220;1;land;false;plains;4
10769;203;170;1;land;false;plains;4
10770;216;133;1;land;false;plains;4
10771;155;184;1;land;false;hills;4
10772;174;162;1;land;false;plains;4
10773;215;158;1;land;false;hills;4
10774;185;181;1;land;false;plains;4
10775;170;181;1;land;false;plains;4
10776;161;122;1;land;false;plains;4
10777;165;143;1;land;false;plains;4
10778;212;141;1;land;false;hills;4
10779;30;170;1;land;true;plains;4
10780;7;133;1;land;true;plains;4
10781;0;116;1;land;true;plains;4
10782;31;156;1;land;true;plains;4
10783;57;133;1;land;true;plains;4
10784;79;127;1;land;false;plains;4
10785;50;89;1;land;false;plains;4
10786;33;133;1;land;true;plains;4
10787;79;91;1;land;true;plains;4
10788;35;122;1;land;false;plains;4
10789;83;134;1;land;false;plains;4
10790;34;134;1;land;false;plains;4
10791;47;119;1;land;false;plains;4
10792;50;131;1;land;false;plains;4
10793;89;120;1;land;false;plains;4
10794;95;140;1;land;false;plains;4
10795;87;110;1;land;false;plains;4
10796;209;230;1;land;true;plains;4
10797;27;236;1;land;false;plains;4
10798;41;188;1;land;true;plains;4
10799;60;232;1;land;true;plains;4
10800;53;227;1;land;false;plains;4
10801;111;160;1;land;false;plains;4
10802;52;202;1;land;false;plains;4
10803;45;187;1;land;false;plains;4
10804;73;169;1;land;false;plains;4
10805;57;206;1;land;false;plains;4
10806;54;192;1;land;false;plains;4
10807;84;144;1;land;false;plains;4
10808;86;197;1;land;false;plains;4
10809;174;63;1;land;false;plains;4
10810;191;35;1;land;false;plains;4
10811;132;70;1;land;true;plains;4
10812;41;115;1;land;false;plains;4
10813;55;141;1;land;false;plains;4
10814;56;141;1;land;false;plains;4
10815;63;106;1;land;false;plains;4
10816;199;90;1;land;false;plains;4
10817;194;110;1;land;false;plains;4
10818;132;136;1;land;false;plains;4
10819;155;80;1;land;false;plains;4
10820;198;108;1;land;false;plains;4
10821;151;117;1;land;false;urban;4
10822;188;156;1;land;false;plains;4
10823;153;109;1;land;false;plains;4
10824;184;149;1;land;false;plains;4
10825;66;86;1;land;true;plains;4
10826;79;116;1;land;false;plains;4
10827;58;130;1;land;true;plains;4
10828;101;96;1;land;false;plains;4
10829;205;24;1;land;false;plains;4
10830;230;43;1;land;false;plains;4
10831;201;80;1;land;false;plains;4
10832;199;36;1;land;false;plains;4
10833;189;49;1;land;false;plains;4
10834;209;38;1;land;false;plains;4
10835;221;81;1;land;false;plains;4
10836;220;9;1;land;false;plains;4
10837;213;24;1;land;false;plains;4
10838;205;79;1;land;false;plains;4
10839;224;84;1;land;false;plains;4
10840;208;76;1;land;false;plains;4
10841;216;57;1;land;false;plains;4
10842;181;40;1;land;false;plains;4
10843;224;61;1;land;false;plains;4
10844;237;45;1;land;false;hills;4
10845;89;121;1;land;false;plains;4
10846;127;165;1;land;false;plains;4
10847;163;129;1;land;false;hills;4
10848;104;142;1;land;false;hills;4
10849;157;176;1;land;false;hills;4
10850;141;133;1;land;false;plains;4
10851;111;121;1;land;false;plains;4
10852;88;8;1;land;true;plains;4
10853;90;53;1;land;true;plains;4
10854;105;56;1;land;false;plains;4
10855;248;165;1;land;false;hills;4
10856;223;176;1;land;false;hills;4
10857;219;164;1;land;false;plains;4
10858;247;134;1;land;false;plains;4
10859;199;119;1;land;false;hills;4
10860;219;135;1;land;false;hills;4
10861;201;163;1;land;false;plains;4
10862;239;122;1;land;false;plains;4
10863;168;240;1;land;false;plains;4
10864;174;172;1;land;false;plains;4
10865;199;212;1;land;false;plains;4
10866;251;56;1;land;true;plains;4
10867;244;23;1;land;false;plains;4
10868;184;136;1;land;false;plains;4
10869;182;165;1;land;false;plains;4
10870;211;164;1;land;false;urban;4
10871;164;152;1;land;false;plains;4
10872;167;173;1;land;false;plains;4
10873;163;120;1;land;false;plains;4
10874;173;124;1;land;false;plains;4
10875;143;168;1;land;false;urban;4
10876;166;132;1;land;false;plains;4
10877;176;137;1;land;false;plains;4
10878;159;137;1;land;false;plains;4
10879;157;131;1;land;false;plains;4
10880;152;143;1;land;false;plains;4
10881;140;120;1;land;false;plains;4
10882;137;142;1;land;false;plains;4
10883;164;159;1;land;false;urban;4
10884;192;125;1;land;false;plains;4
10885;159;119;1;land;false;urban;4
10886;166;169;1;land;false;plains;4
10887;176;121;1;land;false;plains;4
10888;151;172;1;land;false;plains;4
10889;165;170;1;land;false;plains;4
10890;199;164;1;land;false;plains;4
10891;187;233;1;land;false;plains;4
10892;201;237;1;land;false;plains;4
10893;209;170;1;land;false;hills;4
10894;156;185;1;land;false;plains;4
10895;147;230;1;land;false;urban;4
10896;129;105;1;land;false;plains;4
10897;189;79;1;land;false;plains;4
10898;150;127;1;land;false;plains;4
10899;178;108;1;land;false;plains;4
10900;171;74;1;land;true;plains;4
10901;168;136;1;land;false;urban;4
10902;152;82;1;land;false;plains;4
10903;169;138;1;land;false;plains;4
10904;140;86;1;land;false;plains;4
10905;183;134;1;land;true;plains;4
10906;163;143;1;land;true;plains;4
10907;135;119;1;land;false;plains;4
10908;181;129;1;land;false;urban;4
10909;188;110;1;land;false;plains;4
10910;172;95;1;land;false;plains;4
10911;154;97;1;land;false;plains;4
10912;154;145;1;land;false;urban;4
10913;122;130;1;land;false;plains;4
10914;58;7;1;land;true;plains;4
10915;34;48;1;land;true;plains;4
10916;109;55;1;land;true;plains;4
10917;105;36;1;land;false;plains;4
10918;108;22;1;land;false;plains;4
10919;89;7;1;land;false;plains;4
10920;84;27;1;land;true;plains;4
10921;41;36;1;land;false;plains;4
10922;70;45;1;land;false;urban;4
10923;37;10;1;land;false;plains;4
10924;201;137;1;land;false;plains;4
10925;212;139;1;land;false;plains;4
10926;66;38;1;land;false;plains;4
10927;115;6;1;land;false;plains;4
10928;15;78;1;land;false;plains;4
10929;37;67;1;land;true;plains;4
10930;26;131;1;land;false;plains;4
10931;9;52;1;land;false;plains;4
10932;16;60;1;land;true;plains;4
10933;31;131;1;land;false;plains;4
10934;11;90;1;land;false;plains;4
10935;36;70;1;land;false;plains;4
10936;244;153;1;land;false;plains;4
10937;217;120;1;land;false;plains;4
10938;218;118;1;land;false;plains;4
10939;131;74;1;land;true;plains;4
10940;190;106;1;land;false;urban;4
10941;155;145;1;land;true;plains;4
10942;129;133;1;land;true;plains;4
10943;203;117;1;land;true;plains;4
10944;126;79;1;land;true;plains;4
10945;13;90;1;land;false;plains;4
10946;10;39;1;land;false;plains;4
10947;41;25;1;land;false;plains;4
10948;2;31;1;land;true;plains;4
10949;9;84;1;land;false;plains;4
10950;92;50;1;land;false;desert;4
10951;89;33;1;land;false;desert;4
10952;86;53;1;land;false;desert;4
10953;102;45;1;land;false;desert;4
10954;70;1;1;land;false;desert;4
10955;66;18;1;land;false;desert;4
10956;96;31;1;land;false;desert;4
10957;74;26;1;land;false;desert;4
10958;65;4;1;land;false;hills;4
10959;94;17;1;land;false;desert;4
10960;129;4;1;land;false;desert;4
10961;120;9;1;land;false;desert;4
10962;62;46;1;land;false;desert;4
10963;96;18;1;land;false;desert;4
10964;63;19;1;land;false;desert;4
10965;80;18;1;land;false;desert;4
10966;102;39;1;land;false;desert;4
10967;97;28;1;land;false;hills;4
10968;72;14;1;land;false;desert;4
10969;67;38;1;land;false;desert;4
10970;59;5;1;land;false;desert;4
10971;75;64;1;land;false;hills;4
10972;84;15;1;land;false;desert;4
10973;135;35;1;land;false;desert;4
10974;84;28;1;land;false;desert;4
10975;85;15;1;land;false;desert;4
10976;72;20;1;land;false;desert;4
10977;69;25;1;land;false;desert;4
10978;72;13;1;land;false;mountain;4
10979;102;71;1;land;false;desert;4
10980;111;50;1;land;false;desert;4
10981;86;13;1;land;false;hills;4
10982;107;18;1;land;false;desert;4
10983;93;21;1;land;false;desert;4
10984;129;1;1;land;false;desert;4
10985;77;40;1;land;false;desert;4
10986;112;48;1;land;false;desert;4
10987;106;74;1;land;false;desert;4
10988;135;28;1;land;false;desert;4
10989;100;24;1;land;false;desert;4
10990;121;1;1;land;false;desert;4
10991;128;33;1;land;false;desert;4
10992;85;22;1;land;false;desert;4
10993;112;53;1;land;false;desert;4
10994;61;44;1;land;false;desert;4
10995;103;64;1;land;false;hills;4
10996;181;172;1;land;false;plains;4
10997;191;138;1;land;true;plains;4
10998;198;138;1;land;false;plains;4
10999;188;180;1;land;false;plains;4
11000;229;117;1;land;false;plains;4
11001;176;122;1;land;false;urban;4
11002;175;146;1;land;true;plains;4
11003;189;181;1;land;false;plains;4
11004;205;183;1;land;true;plains;4
11005;207;149;1;land;true;plains;4
11006;209;178;1;land;false;plains;4
11007;81;118;1;land;false;plains;4
11008;47;69;1;land;true;plains;4
11009;16;87;1;land;true;plains;4
11010;36;104;1;land;true;plains;4
11011;45;97;1;land;false;plains;4
11012;71;20;1;land;false;plains;4
11013;120;67;1;land;false;plains;4
11014;59;134;1;land;false;plains;4
11015;25;151;1;land;false;plains;4
11016;23;162;1;land;false;plains;4
11017;2;182;1;land;false;plains;4
11018;25;181;1;land;false;plains;4
11019;106;192;1;land;false;plains;4
11020;156;233;1;land;false;plains;4
11021;120;221;1;land;false;plains;4
11022;109;194;1;land;false;plains;4
11023;159;225;1;land;false;plains;4
11024;163;182;1;land;true;plains;4
11025;171;247;1;land;false;plains;4
11026;171;219;1;land;false;plains;4
11027;111;200;1;land;true;plains;4
11028;158;181;1;land;true;plains;4
11029;132;242;1;land;false;plains;4
11030;159;220;1;land;false;plains;4
11031;125;204;1;land;false;plains;4
11032;109;212;1;land;false;plains;4
11033;149;227;1;land;false;plains;4
11034;119;183;1;land;false;plains;4
11035;111;248;1;land;false;plains;4
11036;121;241;1;land;false;plains;4
11037;150;218;1;land;false;plains;4
11038;143;221;1;land;false;plains;4
11039;174;254;1;land;false;plains;4
11040;177;214;1;land;false;plains;4
11041;172;195;1;land;false;plains;4
11042;130;199;1;land;false;plains;4
11043;167;193;1;land;false;plains;4
11044;106;241;1;land;true;plains;4
11045;151;239;1;land;false;plains;4
11046;107;181;1;land;false;plains;4
11047;148;248;1;land;false;plains;4
11048;107;235;1;land;true;plains;4
11049;166;249;1;land;false;plains;4
11050;162;249;1;land;false;plains;4
11051;182;229;1;land;false;plains;4
11052;169;250;1;land;false;plains;4
11053;168;232;1;land;false;plains;4
11054;170;242;1;land;true;plains;4
11055;104;241;1;land;false;plains;4
11056;175;207;1;land;false;plains;4
11057;166;210;1;land;false;plains;4
11058;127;207;1;land;false;hills;4
11059;127;216;1;land;false;plains;4
11060;166;184;1;land;false;plains;4
11061;107;203;1;land;false;plains;4
11062;179;209;1;land;false;plains;4
11063;105;239;1;land;false;plains;4
11064;134;225;1;land;false;plains;4
11065;112;184;1;land;false;plains;4
11066;132;248;1;land;false;plains;4
11067;113;234;1;land;true;plains;4
11068;172;204;1;land;true;plains;4
11069;148;243;1;land;false;plains;4
11070;109;209;1;land;false;plains;4
11071;112;220;1;land;false;plains;4
11072;117;225;1;land;false;plains;4
11073;118;252;1;land;false;plains;4
11074;152;213;1;land;false;plains;4
11075;129;185;1;land;true;plains;4
11076;149;188;1;land;false;desert;4
11077;116;195;1;land;false;plains;4
11078;128;181;1;land;false;plains;4
11079;115;210;1;land;false;plains;4
11080;119;195;1;land;false;plains;4
11081;139;201;1;land;false;plains;4
11082;118;232;1;land;false;plains;4
11083;161;222;1;land;false;plains;4
11084;140;238;1;land;false;plains;4
11085;181;207;1;land;false;plains;4
11086;111;212;1;land;true;plains;4
11087;112;239;1;land;false;plains;4
11088;123;248;1;land;false;plains;4
11089;103;181;1;land;false;plains;4
11090;153;218;1;land;false;plains;4
11091;118;214;1;land;false;hills;4
11092;170;204;1;land;false;plains;4
11093;180;218;1;land;true;plains;4
11094;111;241;1;land;false;desert;4
11095;180;253;1;land;false;hills;4
11096;135;197;1;land;false;plains;4
11097;127;193;1;land;false;plains;4
11098;103;235;1;land;false;plains;4
11099;123;218;1;land;false;plains;4
11100;117;210;1;land;false;plains;4
11101;173;194;1;land;false;plains;4
11102;178;208;1;land;false;plains;4
11103;151;207;1;land;false;plains;4
11104;109;184;1;land;false;plains;4
11105;110;232;1;land;false;plains;4
11106;143;196;1;land;false;plains;4
11107;138;199;1;land;false;plains;4
11108;104;252;1;land;false;hills;4
11109;182;191;1;land;true;plains;4
11110;165;202;1;land;true;plains;4
11111;122;207;1;land;false;plains;4
11112;118;207;1;land;true;plains;4
11113;179;227;1;land;false;plains;4
11114;173;222;1;land;false;plains;4
11115;138;218;1;land;false;plains;4
11116;145;212;1;land;false;plains;4
11117;143;242;1;land;false;plains;4
11118;136;243;1;land;false;plains;4
11119;168;179;1;land;false;plains;4
11120;185;173;1;land;false;plains;4
11121;201;173;1;land;false;plains;4
11122;146;208;1;land;false;plains;4
11123;164;207;1;land;false;plains;4
11124;138;52;1;land;false;plains;4
11125;108;50;1;land;true;plains;4
11126;129;81;1;land;false;plains;4
11127;121;26;1;land;true;plains;4
11128;111;51;1;land;true;plains;4
11129;155;37;1;land;false;urban;4
11130;214;97;1;land;false;plains;4
11131;251;97;1;land;false;plains;4
11132;189;93;1;land;false;plains;4
11133;250;100;1;land;false;plains;4
11134;206;136;1;land;false;plains;4
11135;188;90;1;land;false;plains;4
11136;186;127;1;land;false;plains;4
11137;230;143;1;land;false;plains;4
11138;200;107;1;land;false;plains;4
11139;183;129;1;land;false;plains;4
11140;244;109;1;land;false;plains;4
11141;202;151;1;land;false;plains;4
11142;195;128;1;land;false;plains;4
11143;215;166;1;land;false;plains;4
11144;189;158;1;land;false;plains;4
11145;99;249;1;land;false;plains;4
11146;54;249;1;land;true;plains;4
11147;42;217;1;land;true;plains;4
11148;85;227;1;land;false;plains;4
11149;44;229;1;land;true;urban;4
11150;237;142;1;land;false;plains;4
11151;235;120;1;land;false;plains;4
11152;223;101;1;land;false;plains;4
11153;239;114;1;land;false;plains;4
11154;243;126;1;land;false;urban;4
11155;232;173;1;land;false;plains;4
11156;223;138;1;land;false;plains;4
11157;238;123;1;land;false;plains;4
11158;228;107;1;land;false;plains;4
11159;251;103;1;land;false;plains;4
11160;213;176;1;land;false;plains;4
11161;172;229;1;land;false;plains;4
11162;205;245;1;land;false;plains;4
11163;170;233;1;land;false;plains;4
11164;166;214;1;land;false;plains;4
11165;145;243;1;land;false;plains;4
11166;185;254;1;land;false;plains;4
11167;155;226;1;land;false;plains;4
11168;168;204;1;land;false;plains;4
11169;158;210;1;land;false;plains;4
11170;180;216;1;land;false;plains;4
11171;171;191;1;land;false;plains;4
11172;177;201;1;land;false;plains;4
11173;162;201;1;land;false;plains;4
11174;94;194;1;land;false;plains;4
11175;134;194;1;land;false;plains;4
11176;123;205;1;land;false;plains;4
11177;143;177;1;land;false;plains;4
11178;44;76;1;land;true;plains;4
11179;99;118;1;land;false;plains;4
11180;100;75;1;land;true;plains;4
11181;77;77;1;land;false;plains;4
11182;68;86;1;land;false;plains;4
11183;36;239;1;land;false;plains;4
11184;69;250;1;land;false;plains;4
11185;27;248;1;land;false;plains;4
11186;42;223;1;land;false;plains;4
11187;209;138;1;land;false;plains;4
11188;142;129;1;land;false;plains;4
11189;172;99;1;land;false;plains;4
11190;179;126;1;land;false;plains;4
11191;208;95;1;land;false;plains;4
11192;144;92;1;land;false;plains;4
11193;144;107;1;land;false;plains;4
11194;199;130;1;land;false;plains;4
11195;214;86;1;land;false;plains;4
11196;154;147;1;land;false;plains;4
11197;238;86;1;land;false;plains;4
11198;214;96;1;land;false;plains;4
11199;248;118;1;land;false;plains;4
11200;223;91;1;land;false;plains;4
11201;226;101;1;land;false;plains;4
11202;221;152;1;land;false;plains;4
11203;227;134;1;land;false;plains;4
11204;231;178;1;land;false;plains;4
11205;230;162;1;land;false;plains;4
11206;219;142;1;land;false;plains;4
11207;179;176;1;land;false;plains;4
11208;185;157;1;land;false;desert;4
11209;191;171;1;land;false;plains;4
11210;246;110;1;land;false;plains;4
11211;241;136;1;land;false;plains;4
11212;242;153;1;land;false;plains;4
11213;226;120;1;land;false;plains;4
11214;233;148;1;land;false;plains;4
11215;217;133;1;land;false;plains;4
11216;194;118;1;land;false;plains;4
11217;232;166;1;land;false;desert;4
11218;172;157;1;land;false;plains;4
11219;8;30;1;land;false;plains;4
11220;38;11;1;land;true;plains;4
11221;33;3;1;land;false;plains;4
11222;145;117;1;land;false;plains;4
11223;148;131;1;land;false;plains;4
11224;155;102;1;land;false;plains;4
11225;134;82;1;land;false;plains;4
11226;128;46;1;land;false;plains;4
11227;149;38;1;land;false;plains;4
11228;82;70;1;land;false;plains;4
11229;94;92;1;land;false;plains;4
11230;148;100;1;land;false;plains;4
11231;131;115;1;land;false;plains;4
11232;110;53;1;land;false;plains;4
11233;98;50;1;land;false;plains;4
11234;102;86;1;land;false;plains;4
11235;23;164;1;land;true;plains;4
11236;4;200;1;land;false;plains;4
11237;11;163;1;land;false;plains;4
11238;22;155;1;land;false;plains;4
11239;11;149;1;land;false;plains;4
11240;59;207;1;land;false;plains;4
11241;24;172;1;land;true;plains;4
11242;34;181;1;land;true;plains;4
11243;71;142;1;land;true;plains;4
11244;55;154;1;land;false;plains;4
11245;42;155;1;land;true;plains;4
11246;62;147;1;land;false;plains;4
11247;1;180;1;land;true;plains;4
11248;14;169;1;land;false;plains;4
11249;0;138;1;land;true;plains;4
11250;42;170;1;land;false;plains;4
11251;52;194;1;land;false;plains;4
11252;24;140;1;land;false;plains;4
11253;9;208;1;land;true;plains;4
11254;23;191;1;land;true;plains;4
11255;62;98;1;land;true;plains;4
11256;63;44;1;land;false;plains;4
11257;143;62;1;land;false;plains;4
11258;128;25;1;land;false;plains;4
11259;169;34;1;land;false;plains;4
11260;194;140;1;land;false;plains;4
11261;166;127;1;land;false;plains;4
11262;220;163;1;land;false;plains;4
11263;225;164;1;land;false;plains;4
11264;168;106;1;land;false;plains;4
11265;157;113;1;land;false;plains;4
11266;216;169;1;land;false;plains;4
11267;211;159;1;land;false;plains;4
11268;166;117;1;land;true;plains;4
11269;228;132;1;land;false;plains;4
11270;230;168;1;land;false;urban;4
11271;169;184;1;land;false;plains;4
11272;206;250;1;land;true;plains;4
11273;178;252;1;land;true;plains;4
11274;54;159;1;land;true;plains;4
11275;78;102;1;land;false;plains;4
11276;101;149;1;land;false;plains;4
11277;48;96;1;land;false;plains;4
11278;82;150;1;land;true;plains;4
11279;118;151;1;land;false;plains;4
11280;45;119;1;land;false;desert;4
11281;72;110;1;land;false;plains;4
11282;80;164;1;land;false;plains;4
11283;117;130;1;land;false;plains;4
11284;70;119;1;land;false;plains;4
11285;90;167;1;land;false;plains;4
11286;98;119;1;land;false;plains;4
11287;111;99;1;land;false;plains;4
11288;114;140;1;land;false;plains;4
11289;119;169;1;land;false;plains;4
11290;82;160;1;land;false;plains;4
11291;217;97;1;land;false;plains;4
11292;249;98;1;land;false;plains;4
11293;230;95;1;land;false;plains;4
11294;76;212;1;land;false;plains;4
11295;137;251;1;land;false;plains;4
11296;125;195;1;land;false;urban;4
11297;129;211;1;land;false;plains;4
11298;68;253;1;land;true;urban;4
11299;125;226;1;land;false;plains;4
11300;69;205;1;land;false;plains;4
11301;119;218;1;land;false;plains;4
11302;88;233;1;land;true;plains;4
11303;110;192;1;land;false;plains;4
11304;90;211;1;land;true;plains;4
11305;129;238;1;land;false;plains;4
11306;92;251;1;land;false;plains;4
11307;105;242;1;land;true;plains;4
11308;86;195;1;land;false;plains;4
11309;38;56;1;land;false;plains;4
11310;26;117;1;land;false;plains;4
11311;44;116;1;land;false;plains;4
11312;43;69;1;land;false;plains;4
11313;27;68;1;land;false;plains;4
11314;2;75;1;land;false;plains;4
11315;14;118;1;land;false;plains;4
11316;30;91;1;land;false;plains;4
11317;42;115;1;land;false;urban;4
11318;38;73;1;land;false;plains;4
11319;27;112;1;land;false;plains;4
11320;34;63;1;land;false;plains;4
11321;39;46;1;land;false;plains;4
11322;10;45;1;land;false;plains;4
11323;207;83;1;land;false;plains;4
11324;159;86;1;land;false;plains;4
11325;176;63;1;land;false;hills;4
11326;172;29;1;land;false;hills;4
11327;162;82;1;land;false;plains;4
11328;211;20;1;land;false;plains;4
11329;165;17;1;land;false;plains;4
11330;230;71;1;land;true;plains;4
11331;244;91;1;land;false;plains;4
11332;252;94;1;land;true;urban;4
11333;244;67;1;land;false;plains;4
11334;113;224;1;land;false;plains;4
11335;85;250;1;land;false;plains;4
11336;86;241;1;land;false;hills;4
11337;115;239;1;land;false;plains;4
11338;70;245;1;land;false;plains;4
11339;77;222;1;land;false;plains;4
11340;198;233;1;land;false;plains;4
11341;231;207;1;land;false;plains;4
11342;214;254;1;land;false;plains;4
11343;144;208;1;land;false;plains;4
11344;138;230;1;land;true;plains;4
11345;102;229;1;land;true;plains;4
11346;80;235;1;land;false;plains;4
11347;96;249;1;land;true;plains;4
11348;123;239;1;land;true;plains;4
11349;100;229;1;land;false;plains;4
11350;80;227;1;land;true;plains;4
11351;136;195;1;land;false;plains;4
11352;158;254;1;land;false;plains;4
11353;144;246;1;land;true;plains;4
11354;134;199;1;land;false;plains;4
11355;136;199;1;land;false;plains;4
11356;155;202;1;land;true;plains;4
11357;67;168;1;land;false;plains;4
11358;32;144;1;land;true;plains;4
11359;65;208;1;land;false;plains;4
11360;83;138;1;land;false;plains;4
11361;58;150;1;land;true;plains;4
11362;34;202;1;land;true;plains;4
11363;97;186;1;land;true;plains;4
11364;77;137;1;land;false;plains;4
11365;211;97;1;land;false;plains;4
11366;229;73;1;land;false;plains;4
11367;200;91;1;land;false;plains;4
11368;238;31;1;land;false;plains;4
11369;196;43;1;land;false;plains;4
11370;246;75;1;land;false;plains;4
11371;196;50;1;land;false;urban;4
11372;201;97;1;land;false;plains;4
11373;74;151;1;land;false;plains;4
11374;81;114;1;land;false;plains;4
11375;49;118;1;land;false;plains;4
11376;50;147;1;land;false;plains;4
11377;68;90;1;land;false;plains;4
11378;59;95;1;land;false;plains;4
11379;53;106;1;land;false;plains;4
11380;107;123;1;land;false;plains;4
11381;52;145;1;land;false;plains;4
11382;40;165;1;land;false;plains;4
11383;15;185;1;land;false;plains;4
11384;42;141;1;land;false;plains;4
11385;5;204;1;land;false;plains;4
11386;34;153;1;land;false;plains;4
11387;72;193;1;land;false;plains;4
11388;76;182;1;land;false;plains;4
11389;74;156;1;land;false;plains;4
11390;111;45;1;land;false;plains;4
11391;91;23;1;land;false;plains;4
11392;106;6;1;land;false;plains;4
11393;45;29;1;land;false;plains;4
11394;78;16;1;land;false;plains;4
11395;143;152;1;land;false;hills;4
11396;176;86;1;land;false;hills;4
11397;142;115;1;land;false;plains;4
11398;155;105;1;land;false;plains;4
11399;131;160;1;land;false;hills;4
11400;119;129;1;land;false;hills;4
11401;116;82;1;land;false;plains;4
11402;138;116;1;land;false;plains;4
11403;176;138;1;land;false;plains;4
11404;25;218;1;land;false;plains;4
11405;2;223;1;land;false;plains;4
11406;30;223;1;land;false;plains;4
11407;49;185;1;land;false;plains;4
11408;22;165;1;land;false;plains;4
11409;45;204;1;land;false;plains;4
11410;19;183;1;land;false;plains;4
11411;18;200;1;land;false;plains;4
11412;21;165;1;land;false;plains;4
11413;37;178;1;land;false;plains;4
11414;26;223;1;land;false;plains;4
11415;191;14;1;land;false;plains;4
11416;171;30;1;land;false;plains;4
11417;194;76;1;land;false;plains;4
11418;214;82;1;land;false;plains;4
11419;199;59;1;land;false;plains;4
11420;148;19;1;land;true;plains;4
11421;185;128;1;land;false;plains;4
11422;211;165;1;land;false;plains;4
11423;214;195;1;land;false;plains;4
11424;208;123;1;land;false;plains;4
11425;177;184;1;land;false;plains;4
11426;216;171;1;land;false;plains;4
11427;190;126;1;land;false;plains;4
11428;35;3;1;land;true;plains;4
11429;43;2;1;land;false;plains;4
11430;14;12;1;land;true;plains;4
11431;12;6;1;land;false;plains;4
11432;43;39;1;land;false;plains;4
11433;172;239;1;land;false;plains;4
11434;200;244;1;land;false;plains;4
11435;193;220;1;land;false;plains;4
11436;143;241;1;land;false;plains;4
11437;156;218;1;land;false;plains;4
11438;191;237;1;land;false;plains;4
11439;50;108;1;land;false;plains;4
11440;15;105;1;land;false;plains;4
11441;19;137;1;land;false;plains;4
11442;1;106;1;land;false;hills;4
11443;41;167;1;land;false;plains;4
11444;32;109;1;land;false;plains;4
11445;15;144;1;land;false;plains;4
11446;14;102;1;land;false;plains;4
11447;20;102;1;land;false;plains;4
11448;23;165;1;land;false;plains;4
11449;25;105;1;land;false;plains;4
11450;7;116;1;land;false;plains;4
11451;19;162;1;land;false;plains;4
11452;209;194;1;land;true;plains;4
11453;194;153;1;land;true;plains;4
11454;186;134;1;land;true;plains;4
11455;242;147;1;land;true;plains;4
11456;54;39;1;land;false;plains;4
11457;89;73;1;land;false;plains;4
11458;40;77;1;land;false;plains;4
11459;40;56;1;land;false;plains;4
11460;91;82;1;land;false;plains;4
11461;29;28;1;land;false;plains;4
11462;111;27;1;land;true;plains;4
11463;17;42;1;land;false;plains;4
11464;36;62;1;land;false;plains;4
11465;36;50;1;land;false;plains;4
11466;32;5;1;land;false;plains;4
11467;91;8;1;land;false;plains;4
11468;47;8;1;land;false;plains;4
11469;49;5;1;land;false;plains;4
11470;54;23;1;land;false;plains;4
11471;36;1;1;land;false;plains;4
11472;26;51;1;land;false;plains;4
11473;44;34;1;land;false;plains;4
11474;26;66;1;land;false;plains;4
11475;42;79;1;land;false;plains;4
11476;18;41;1;land;true;plains;4
11477;10;106;1;land;false;plains;4
11478;13;83;1;land;true;plains;4
11479;18;45;1;land;false;plains;4
11480;20;81;1;land;true;urban;4
11481;27;48;1;land;true;plains;4
11482;1;74;1;land;false;urban;4
11483;13;103;1;land;true;plains;4
11484;18;51;1;land;false;plains;4
11485;4;31;1;land;true;plains;4
11486;240;105;1;land;true;plains;4
11487;226;131;1;land;true;plains;4
11488;194;130;1;land;true;plains;4
11489;245;216;1;land;false;plains;4
11490;211;196;1;land;false;plains;4
11491;214;247;1;land;false;plains;4
11492;217;221;1;land;false;plains;4
11493;245;234;1;land;false;plains;4
11494;220;237;1;land;false;plains;4
11495;199;218;1;land;false;plains;4
11496;211;247;1;land;false;plains;4
11497;63;198;1;land;false;hills;4
11498;36;167;1;land;false;plains;4
11499;16;170;1;land;false;plains;4
11500;37;161;1;land;false;plains;4
11501;21;210;1;land;false;plains;4
11502;8;219;1;land;false;plains;4
11503;26;210;1;land;false;plains;4
11504;50;159;1;land;false;plains;4
11505;43;207;1;land;false;plains;4
11506;51;153;1;land;false;plains;4
11507;58;214;1;land;false;plains;4
11508;49;201;1;land;false;plains;4
11509;48;159;1;land;false;plains;4
11510;42;146;1;land;false;plains;4
11511;98;212;1;land;false;plains;4
11512;83;195;1;land;false;plains;4
11513;73;158;1;land;false;plains;4
11514;82;159;1;land;false;urban;4
11515;217;134;1;land;false;plains;4
11516;211;207;1;land;true;plains;4
11517;239;176;1;land;false;plains;4
11518;254;180;1;land;true;plains;4
11519;249;166;1;land;false;plains;4
11520;244;57;1;land;false;plains;4
11521;236;103;1;land;false;plains;4
11522;243;81;1;land;true;plains;4
11523;241;37;1;land;true;plains;4
11524;231;78;1;land;false;plains;4
11525;250;69;1;land;true;plains;4
11526;253;62;1;land;true;plains;4
11527;235;72;1;land;false;plains;4
11528;230;53;1;land;false;plains;4
11529;247;45;1;land;false;plains;4
11530;217;99;1;land;false;plains;4
11531;251;75;1;land;true;plains;4
11532;247;99;1;land;true;plains;4
11533;130;157;1;land;false;plains;4
11534;199;83;1;land;false;plains;4
11535;130;145;1;land;false;plains;4
11536;164;115;1;land;false;plains;4
11537;151;133;1;land;false;plains;4
11538;172;160;1;land;false;plains;4
11539;212;245;1;land;false;plains;4
11540;225;227;1;land;false;plains;4
11541;233;245;1;land;false;plains;4
11542;223;231;1;land;false;plains;4
11543;224;252;1;land;false;plains;4
11544;229;246;1;land;false;plains;4
11545;216;252;1;land;false;plains;4
11546;227;231;1;land;false;plains;4
11547;230;221;1;land;false;plains;4
11548;245;227;1;land;true;plains;4
11549;235;229;1;land;false;plains;4
11550;246;250;1;land;false;plains;4
11551;215;231;1;land;false;plains;4
11552;239;244;1;land;false;plains;4
11553;222;226;1;land;false;plains;4
11554;217;244;1;land;false;plains;4
11555;217;238;1;land;false;urban;4
11556;246;141;1;land;false;plains;4
11557;216;157;1;land;false;plains;4
11558;240;143;1;land;false;plains;4
11559;239;131;1;land;false;plains;4
11560;218;168;1;land;false;plains;4
11561;254;125;1;land;false;plains;4
11562;200;179;1;land;false;hills;4
11563;200;137;1;land;false;plains;4
11564;175;69;1;land;true;plains;4
11565;189;14;1;land;false;plains;4
11566;9;224;1;land;false;plains;4
11567;191;178;1;land;false;plains;4
11568;196;177;1;land;true;plains;4
11569;189;102;1;land;true;plains;4
11570;193;214;1;land;false;plains;4
11571;132;189;1;land;true;plains;4
11572;123;225;1;land;false;plains;4
11573;182;211;1;land;true;plains;4
11574;135;238;1;land;false;urban;4
11575;162;223;1;land;false;plains;4
11576;149;193;1;land;false;plains;4
11577;194;243;1;land;false;plains;4
11578;165;247;1;land;true;plains;4
11579;125;247;1;land;false;plains;4
11580;169;216;1;land;true;urban;4
11581;230;253;1;land;false;plains;4
11582;189;204;1;land;false;plains;4
11583;203;238;1;land;false;plains;4
11584;226;185;1;land;false;plains;4
11585;189;231;1;land;false;plains;4
11586;166;230;1;land;false;plains;4
11587;39;60;1;land;false;plains;4
11588;62;102;1;land;false;plains;4
11589;47;81;1;land;false;plains;4
11590;72;46;1;land;false;plains;4
11591;40;63;1;land;false;plains;4
11592;93;79;1;land;false;plains;4
11593;96;67;1;land;false;plains;4
11594;98;75;1;land;false;plains;4
11595;53;180;1;land;false;urban;4
11596;53;213;1;land;false;plains;4
11597;42;147;1;land;false;plains;4
11598;19;187;1;land;false;plains;4
11599;71;153;1;land;false;plains;4
11600;18;220;1;land;false;plains;4
11601;8;202;1;land;false;plains;4
11602;20;217;1;land;false;plains;4
11603;50;195;1;land;false;plains;4
11604;38;197;1;land;false;plains;4
11605;6;217;1;land;false;plains;4
11606;12;220;1;land;false;plains;4
11607;191;254;1;land;false;plains;4
11608;186;237;1;land;false;plains;4
11609;247;215;1;land;false;plains;4
11610;235;234;1;land;false;hills;4
11611;224;253;1;land;false;plains;4
11612;191;205;1;land;false;urban;4
11613;200;242;1;land;false;hills;4
11614;236;246;1;land;false;plains;4
11615;221;222;1;land;false;plains;4
11616;243;234;1;land;false;plains;4
11617;200;230;1;land;false;plains;4
11618;174;242;1;land;false;plains;4
11619;207;254;1;land;false;plains;4
11620;203;240;1;land;false;plains;4
11621;191;214;1;land;false;plains;4
11622;212;232;1;land;false;plains;4
11623;241;235;1;land;false;plains;4
11624;43;58;1;land;false;plains;4
11625;32;52;1;land;true;plains;4
11626;35;82;1;land;false;plains;4
11627;64;49;1;land;true;plains;4
11628;198;231;1;land;false;plains;4
11629;179;224;1;land;false;plains;4
11630;191;234;1;land;false;plains;4
11631;186;243;1;land;false;plains;4
11632;248;253;1;land;false;plains;4
11633;169;96;1;land;false;plains;4
11634;199;110;1;land;false;plains;4
11635;178;128;1;land;false;plains;4
11636;170;131;1;land;false;plains;4
11637;172;152;1;land;false;plains;4
11638;168;101;1;land;false;plains;4
11639;163;100;1;land;false;plains;4
11640;57;42;1;land;false;plains;4
11641;37;100;1;land;false;plains;4
11642;55;57;1;land;false;mountain;4
11643;6;90;1;land;false;hills;4
11644;59;97;1;land;false;hills;4
11645;69;111;1;land;false;hills;4
11646;33;112;1;land;false;plains;4
11647;3;59;1;land;false;hills;4
11648;42;57;1;land;false;plains;4
11649;29;51;1;land;false;plains;4
11650;0;92;1;land;false;plains;4
11651;54;112;1;land;false;plains;4
11652;12;66;1;land;false;hills;4
11653;63;91;1;land;false;hills;4
11654;32;50;1;land;false;plains;4
11655;21;77;1;land;false;urban;4
11656;70;69;1;land;false;hills;4
11657;65;50;1;land;false;plains;4
11658;19;98;1;land;false;hills;4
11659;28;93;1;land;false;hills;4
11660;42;78;1;land;false;plains;4
11661;192;70;1;land;false;plains;4
11662;219;55;1;land;false;plains;4
11663;190;69;1;land;true;plains;4
11664;187;65;1;land;false;plains;4
11665;153;56;1;land;false;plains;4
11666;186;78;1;land;false;plains;4
11667;155;25;1;land;false;plains;4
11668;166;47;1;land;false;plains;4
11669;192;79;1;land;false;plains;4
11670;185;28;1;land;true;plains;4
11671;210;63;1;land;false;plains;4
11672;205;78;1;land;false;plains;4
11673;171;32;1;land;false;plains;4
11674;213;42;1;land;false;plains;4
11675;162;67;1;land;false;plains;4
11676;195;61;1;land;true;plains;4
11677;229;93;1;land;false;hills;4
11678;183;64;1;land;false;plains;4
11679;202;82;1;land;false;plains;4
11680;198;41;1;land;false;plains;4
11681;211;19;1;land;false;plains;4
11682;184;28;1;land;false;plains;4
11683;222;94;1;land;false;plains;4
11684;171;65;1;land;false;plains;4
11685;204;81;1;land;false;plains;4
11686;202;55;1;land;false;plains;4
11687;157;51;1;land;true;plains;4
11688;159;89;1;land;true;plains;4
11689;192;99;1;land;false;plains;4
11690;158;68;1;land;false;plains;4
11691;162;63;1;land;false;plains;4
11692;182;59;1;land;false;plains;4
11693;158;54;1;land;true;plains;4
11694;164;77;1;land;false;plains;4
11695;159;94;1;land;false;plains;4
11696;192;83;1;land;false;plains;4
11697;196;83;1;land;true;plains;4
11698;157;60;1;land;false;plains;4
11699;228;73;1;land;false;plains;4
11700;226;85;1;land;false;plains;4
11701;201;44;1;land;false;plains;4
11702;200;64;1;land;true;plains;4
11703;156;39;1;land;false;plains;4
11704;196;45;1;land;false;plains;4
11705;184;30;1;land;false;plains;4
11706;212;70;1;land;true;plains;4
11707;196;23;1;land;false;plains;4
11708;220;30;1;land;true;plains;4
11709;171;45;1;land;false;plains;4
11710;208;86;1;land;false;plains;4
11711;183;43;1;land;false;hills;4
11712;191;23;1;land;false;plains;4
11713;220;65;1;land;false;plains;4
11714;167;20;1;land;false;plains;4
11715;211;26;1;land;false;plains;4
11716;200;24;1;land;false;plains;4
11717;188;63;1;land;false;plains;4
11718;182;41;1;land;false;plains;4
11719;168;38;1;land;true;plains;4
11720;59;8;1;land;false;plains;4
11721;50;41;1;land;true;plains;4
11722;80;12;1;land;false;plains;4
11723;87;36;1;land;false;plains;4
11724;52;0;1;land;false;plains;4
11725;187;91;1;land;false;plains;4
11726;191;109;1;land;false;plains;4
11727;222;107;1;land;false;plains;4
11728;179;122;1;land;false;plains;4
11729;237;117;1;land;false;plains;4
11730;234;129;1;land;false;plains;4
11731;253;169;1;land;false;plains;4
11732;217;113;1;land;false;urban;4
11733;227;131;1;land;false;plains;4
11734;237;145;1;land;true;plains;4
11735;224;137;1;land;true;plains;4
11736;245;164;1;land;false;plains;4
11737;249;177;1;land;true;urban;4
11738;244;114;1;land;true;plains;4
11739;180;14;1;land;false;plains;4
11740;168;7;1;land;false;urban;4
11741;167;41;1;land;false;urban;4
11742;183;6;1;land;false;plains;4
11743;182;32;1;land;false;plains;4
11744;177;14;1;land;false;plains;4
11745;165;36;1;land;false;plains;4
11746;188;41;1;land;false;plains;4
11747;179;125;1;land;false;plains;4
11748;142;113;1;land;false;plains;4
11749;171;118;1;land;true;plains;4
11750;27;205;1;land;true;plains;4
11751;66;244;1;land;false;urban;4
11752;69;213;1;land;false;plains;4
11753;25;234;1;land;false;plains;4
11754;61;253;1;land;false;plains;4
11755;80;233;1;land;false;plains;4
11756;28;246;1;land;false;plains;4
11757;33;242;1;land;false;plains;4
11758;159;43;1;land;false;urban;2
11759;173;31;1;land;true;plains;2
11760;147;2;1;land;true;plains;2
11761;194;31;1;land;true;plains;2
11762;133;16;1;land;true;urban;2
11763;189;8;1;land;true;plains;2
11764;48;203;1;land;true;plains;2
11765;10;188;1;land;false;plains;2
11766;4;241;1;land;false;plains;2
11767;80;32;1;land;false;plains;2
11768;102;93;1;land;false;plains;2
11769;86;93;1;land;false;plains;2
11770;114;43;1;land;false;plains;2
11771;170;246;1;land;false;plains;2
11772;149;249;1;land;true;plains;2
11773;187;253;1;land;false;plains;2
11774;146;223;1;land;false;urban;2
11775;155;224;1;land;false;plains;2
11776;151;219;1;land;true;plains;2
11777;149;219;1;land;false;plains;2
11778;132;229;1;land;false;plains;2
11779;164;230;1;land;false;plains;2
11780;184;242;1;land;false;plains;2
11781;98;53;1;land;true;plains;2
11782;101;113;1;land;true;urban;2
11783;96;75;1;land;true;plains;2
11784;88;110;1;land;true;plains;2
11785;147;212;1;land;true;plains;2
11786;159;248;1;land;true;urban;2
11787;111;227;1;land;true;plains;2
11788;143;237;1;land;true;plains;2
11789;116;218;1;land;true;plains;2
11790;160;232;1;land;true;plains;2
11791;144;211;1;land;true;plains;2
11792;120;230;1;land;true;plains;2
11793;109;225;1;land;false;plains;2
11794;166;212;1;land;false;plains;2
11795;140;48;1;land;false;plains;2
11796;167;39;1;land;false;plains;2
11797;174;21;1;land;false;plains;2
11798;163;24;1;land;false;urban;2
11799;97;248;1;land;true;plains;2
11800;107;224;1;land;true;plains;2
11801;73;67;1;land;false;plains;2
11802;33;123;1;land;false;plains;2
11803;89;54;1;land;false;urban;2
11804;31;90;1;land;false;plains;2
11805;58;55;1;land;false;plains;2
11806;40;64;1;land;false;urban;2
11807;47;92;1;land;false;plains;2
11808;32;70;1;land;false;plains;2
11809;76;241;1;land;true;plains;2
11810;75;181;1;land;true;plains;2
11811;36;43;1;land;false;plains;2
11812;222;198;1;land;false;plains;2
11813;152;147;1;land;false;plains;2
11814;206;201;1;land;true;plains;2
11815;220;185;1;land;true;plains;2
11816;228;191;1;land;false;plains;2
11817;97;150;1;land;true;plains;2
11818;66;134;1;land;false;plains;2
11819;63;160;1;land;true;plains;2
11820;70;141;1;land;true;plains;2
11821;62;136;1;land;false;plains;2
11822;86;176;1;land;false;urban;2
11823;84;148;1;land;false;plains;2
11824;71;162;1;land;false;urban;2
11825;90;126;1;land;true;plains;2
11826;88;169;1;land;true;plains;2
11827;62;111;1;land;false;plains;2
11828;177;210;1;land;false;urban;2
11829;186;161;1;land;false;urban;2
11830;166;163;1;land;true;plains;2
11831;182;188;1;land;true;urban;2
11832;160;191;1;land;false;plains;2
11833;218;175;1;land;false;plains;2
11834;161;215;1;land;true;plains;2
11835;190;196;1;land;true;plains;2
11836;184;198;1;land;false;plains;2
11837;151;127;1;land;true;plains;2
11838;136;158;1;land;false;plains;2
11839;118;95;1;land;false;urban;2
11840;89;161;1;land;true;plains;2
11841;148;108;1;land;false;plains;2
11842;152;145;1;land;true;plains;2
11843;143;135;1;land;false;plains;2
11844;134;116;1;land;true;plains;2
11845;108;105;1;land;true;plains;2
11846;82;88;1;land;true;plains;2
11847;90;91;1;land;false;plains;2
11848;94;163;1;land;false;plains;2
11849;107;96;1;land;false;plains;2
11850;172;129;1;land;false;urban;2
11851;103;167;1;land;false;plains;2
11852;152;168;1;land;true;urban;2
11853;103;106;1;land;false;plains;2
11854;235;195;1;land;false;plains;2
11855;210;184;1;land;true;plains;2
11856;247;150;1;land;false;plains;2
11857;254;154;1;land;true;plains;2
11858;233;186;1;land;true;plains;2
11859;238;132;1;land;true;plains;2
11860;254;193;1;land;false;urban;2
11861;212;202;1;land;true;plains;2
11862;245;167;1;land;false;plains;2
11863;211;185;1;land;true;plains;2
11864;245;170;1;land;true;plains;2
11865;245;203;1;land;false;plains;2
11866;245;155;1;land;false;urban;2
11867;223;143;1;land;false;plains;2
11868;41;169;1;land;false;plains;2
11869;62;195;1;land;false;plains;2
11870;73;147;1;land;false;plains;2
11871;21;148;1;land;false;urban;2
11872;23;160;1;land;false;plains;2
11873;67;186;1;land;false;urban;2
11874;75;136;1;land;false;plains;2
11875;51;93;1;land;true;plains;2
11876;17;126;1;land;true;plains;1
11877;38;146;1;land;false;plains;1
11878;55;139;1;land;false;plains;1
11879;22;149;1;land;true;plains;1
11880;4;155;1;land;false;plains;1
11881;40;112;1;land;true;plains;1
11882;219;117;1;land;false;plains;1
11883;252;79;1;land;false;plains;1
11884;213;77;1;land;false;plains;1
11885;206;95;1;land;false;plains;1
11886;205;67;1;land;true;plains;1
11887;226;142;1;land;false;plains;1
11888;231;97;1;land;false;plains;1
11889;226;99;1;land;false;plains;1
11890;223;93;1;land;false;plains;1
11891;238;85;1;land;true;plains;1
11892;216;109;1;land;false;plains;1
11893;254;133;1;land;true;plains;1
11894;215;69;1;land;false;plains;1
11895;206;113;1;land;false;plains;1
11896;248;104;1;land;false;plains;1
11897;229;112;1;land;false;plains;1
11898;230;111;1;land;false;plains;1
11899;207;117;1;land;true;plains;1
11900;207;131;1;land;true;plains;1
11901;231;98;1;land;false;plains;1
11902;78;175;1;land;true;plains;1
11903;122;236;1;land;true;plains;1
11904;119;209;1;land;false;plains;1
11905;71;231;1;land;true;plains;1
11906;79;250;1;land;false;plains;1
11907;97;221;1;land;false;plains;1
11908;69;244;1;land;false;plains;1
11909;103;180;1;land;false;plains;1
11910;85;232;1;land;false;plains;1
11911;102;245;1;land;true;plains;1
11912;101;18;1;land;false;plains;1
11913;93;41;1;land;false;plains;1
11914;89;46;1;land;false;plains;1
11915;141;6;1;land;false;plains;1
11916;85;31;1;land;false;plains;1
11917;148;26;1;land;false;plains;1
11918;152;42;1;land;false;plains;1
11919;153;28;1;land;true;plains;1
11920;144;21;1;land;true;plains;1
11921;148;40;1;land;false;plains;1
11922;138;30;1;land;true;plains;1
11923;131;48;1;land;false;plains;1
11924;85;44;1;land;true;plains;1
11925;100;10;1;land;false;plains;1
11926;143;29;1;land;false;plains;1
11927;122;28;1;land;true;plains;1
11928;103;29;1;land;true;plains;1
11929;89;21;1;land;true;plains;1
11930;149;29;1;land;true;plains;1
11931;111;12;1;land;true;plains;1
11932;89;23;1;land;false;plains;1
11933;152;25;1;land;false;plains;1
11934;93;3;1;land;true;plains;1
11935;88;14;1;land;false;plains;1
11936;56;226;1;land;false;plains;1
11937;24;225;1;land;false;plains;1
11938;81;249;1;land;true;plains;1
11939;51;246;1;land;true;plains;1
11940;70;226;1;land;true;plains;1
11941;74;228;1;land;false;plains;1
11942;5;224;1;land;true;plains;1
11943;81;243;1;land;true;plains;1
11944;33;31;1;land;false;plains;1
11945;26;57;1;land;true;plains;1
11946;60;22;1;land;false;plains;1
11947;33;22;1;land;true;plains;1
11948;10;68;1;land;true;plains;1
11949;29;52;1;land;false;plains;1
11950;10;63;1;land;true;plains;1
11951;34;24;1;land;true;plains;1
11952;9;60;1;land;true;plains;1
11953;20;88;1;land;true;plains;1
11954;51;10;1;land;false;plains;1
11955;22;43;1;land;true;urban;1
11956;60;41;1;land;false;plains;1
11957;35;54;1;land;false;plains;1
11958;18;44;1;land;false;plains;1
11959;17;234;1;land;true;plains;1
11960;120;123;1;land;true;plains;1
11961;178;84;1;land;true;plains;1
11962;151;75;1;land;true;plains;1
11963;159;120;1;land;true;plains;1
11964;175;83;1;land;true;plains;1
11965;131;146;1;land;false;plains;1
11966;164;211;1;land;true;plains;1
11967;172;209;1;land;true;plains;1
11968;157;216;1;land;false;plains;1
11969;76;201;1;land;true;jungle;4
11970;18;239;1;land;false;jungle;4
11971;3;221;1;land;true;jungle;4
11972;41;192;1;land;false;jungle;4
11973;46;205;1;land;false;jungle;4
11974;31;241;1;land;false;jungle;4
11975;28;238;1;land;true;jungle;4
11976;10;226;1;land;true;jungle;4
11977;39;194;1;land;false;jungle;4
11978;67;191;1;land;true;jungle;4
11979;37;235;1;land;true;jungle;4
11980;61;198;1;land;true;jungle;4
11981;59;229;1;land;true;jungle;4
11982;59;252;1;land;true;jungle;4
11983;11;204;1;land;true;jungle;4
11984;36;205;1;land;false;jungle;4
11985;69;194;1;land;true;jungle;4
11986;58;241;1;land;false;jungle;4
11987;24;213;1;land;true;jungle;4
11988;33;206;1;land;true;jungle;4
11989;13;183;1;land;false;jungle;4
11990;10;232;1;land;true;jungle;4
11991;74;123;1;land;false;jungle;4
11992;18;128;1;land;true;jungle;4
11993;60;122;1;land;true;jungle;4
11994;20;178;1;land;false;jungle;4
11995;57;119;1;land;false;jungle;4
11996;86;173;1;land;false;jungle;4
11997;48;141;1;land;true;jungle;4
11998;70;144;1;land;true;jungle;4
11999;37;160;1;land;true;jungle;4
12000;33;122;1;land;true;jungle;4
12001;80;130;1;land;true;jungle;4
12002;74;124;1;land;false;jungle;4
12003;75;175;1;land;true;jungle;4
12004;21;146;1;land;false;jungle;4
12005;89;125;1;land;true;jungle;4
12006;13;139;1;land;true;jungle;4
12007;80;124;1;land;true;jungle;4
12008;16;166;1;land;true;jungle;4
12009;66;114;1;land;true;jungle;4
12010;56;128;1;land;false;jungle;4
12011;55;117;1;land;true;jungle;4
12012;78;138;1;land;true;jungle;4
12013;79;141;1;land;true;jungle;4
12014;119;63;1;land;true;plains;6
12015;154;106;1;land;true;plains;6
12016;142;79;1;land;false;plains;6
12017;112;110;1;land;true;plains;6
12018;145;121;1;land;true;plains;6
12019;149;91;1;land;true;plains;6
12020;163;52;1;land;true;plains;6
12021;143;59;1;land;false;plains;6
12022;152;54;1;land;true;plains;6
12023;47;197;1;land;true;plains;6
12024;37;251;1;land;true;plains;6
12025;119;141;1;land;false;urban;6
12026;123;176;1;land;false;plains;6
12027;142;202;1;land;false;plains;6
12028;186;178;1;land;false;plains;6
12029;188;199;1;land;true;plains;6
12030;181;175;1;land;false;plains;6
12031;133;202;1;land;false;plains;6
12032;182;150;1;land;true;plains;6
12033;125;129;1;land;true;plains;6
12034;150;171;1;land;false;plains;6
12035;119;131;1;land;true;plains;6
12036;182;199;1;land;true;plains;6
12037;252;183;1;land;true;plains;6
12038;136;27;1;land;true;plains;6
12039;157;83;1;land;true;plains;6
12040;98;35;1;land;false;plains;6
12041;55;60;1;land;false;plains;6
12042;80;4;1;land;false;plains;6
12043;58;59;1;land;false;plains;6
12044;68;1;1;land;false;plains;6
12045;41;13;1;land;true;plains;6
12046;35;26;1;land;false;plains;6
12047;63;59;1;land;true;plains;6
12048;61;2;1;land;true;plains;6
12049;82;73;1;land;true;plains;6
12050;58;16;1;land;true;plains;6
12051;46;2;1;land;false;plains;6
12052;88;59;1;land;false;urban;6
12053;242;120;1;land;true;plains;6
12054;189;132;1;land;true;plains;6
12055;232;136;1;land;false;plains;6
12056;236;132;1;land;true;plains;6
12057;201;167;1;land;false;plains;6
12058;193;106;1;land;true;plains;6
12059;202;132;1;land;false;plains;6
12060;238;99;1;land;true;urban;6
12061;4;80;1;land;true;plains;6
12062;0;35;1;land;true;plains;6
12063;34;97;1;land;true;plains;6
12064;90;123;1;land;false;plains;6
12065;145;115;1;land;false;urban;6
12066;80;102;1;land;false;plains;6
12067;103;104;1;land;false;plains;6
12068;138;88;1;land;false;plains;6
12069;123;137;1;land;true;plains;6
12070;95;107;1;land;false;plains;6
12071;81;91;1;land;true;plains;6
12072;97;127;1;land;true;plains;6
12073;74;74;1;land;false;urban;6
12074;107;89;1;land;false;plains;6
12075;122;136;1;land;true;plains;6
12076;92;70;1;land;true;plains;6
12077;69;246;1;land;true;plains;2
12078;93;236;1;land;false;plains;2
12079;62;207;1;land;true;plains;2
12080;102;210;1;land;true;plains;2
12081;80;194;1;land;false;urban;2
12082;51;227;1;land;false;urban;2
12083;87;244;1;land;false;urban;2
12084;120;250;1;land;true;plains;2
12085;65;247;1;land;true;plains;2
12086;193;206;1;land;false;plains;2
12087;217;175;1;land;true;plains;2
12088;211;151;1;land;true;plains;2
12089;208;222;1;land;false;urban;2
12090;48;8;1;land;false;plains;2
12091;35;0;1;land;true;plains;2
12092;10;19;1;land;true;urban;2
12093;26;3;1;land;true;plains;2
12094;22;26;1;land;true;plains;2
12095;21;52;1;land;false;plains;2
12096;25;35;1;land;false;plains;2
12097;30;64;1;land;true;plains;2
12098;21;13;1;land;true;plains;2
12099;154;51;1;land;true;plains;2
12100;88;90;1;land;true;plains;2
12101;164;78;1;land;true;plains;2
12102;123;50;1;land;true;plains;2
12103;151;23;1;land;true;plains;2
12104;110;91;1;land;true;plains;2
12105;139;78;1;land;true;urban;2
12106;137;53;1;land;true;plains;2
12107;116;79;1;land;true;plains;2
12108;108;98;1;land;true;urban;2
12109;103;124;1;land;false;plains;2
12110;180;142;1;land;true;urban;2
12111;190;154;1;land;true;plains;2
12112;158;108;1;land;false;plains;2
12113;180;106;1;land;true;urban;2
12114;176;110;1;land;true;urban;2
12115;201;89;1;land;false;plains;2
12116;161;99;1;land;true;urban;2
12117;220;110;1;land;true;plains;2
12118;216;92;1;land;false;plains;2
12119;70;57;1;land;true;plains;2
12120;65;46;1;land;true;plains;2
12121;36;162;1;land;true;plains;2
12122;36;212;1;land;false;plains;2
12123;72;199;1;land;true;plains;2
12124;27;28;1;land;true;plains;2
12125;177;87;1;land;true;plains;4
12126;176;131;1;land;true;plains;4
12127;205;134;1;land;true;plains;4
12128;186;117;1;land;true;plains;4
12129;154;76;1;land;false;urban;4
12130;169;135;1;land;true;plains;4
12131;154;68;1;land;true;plains;4
12132;217;32;1;land;true;plains;4
12133;219;11;1;land;true;plains;4
12134;208;5;1;land;true;plains;4
12135;174;16;1;land;false;plains;4
12136;44;31;1;land;true;plains;4
12137;28;74;1;land;true;plains;4
12138;10;13;1;land;true;plains;4
12139;63;43;1;land;true;plains;4
12140;251;4;1;land;false;plains;4
12141;182;50;1;land;true;plains;4
12142;187;43;1;land;true;plains;4
12143;222;63;1;land;true;urban;4
12144;214;18;1;land;true;urban;4
12145;248;68;1;land;true;urban;4
12146;198;14;1;land;true;plains;4
12147;202;12;1;land;true;plains;4
12148;188;22;1;land;true;plains;4
12149;203;75;1;land;true;plains;4
12150;227;6;1;land;false;plains;4
12151;249;19;1;land;true;plains;4
12152;184;21;1;land;true;plains;4
12153;202;10;1;land;true;plains;4
12154;182;58;1;land;false;plains;4
12155;216;45;1;land;true;plains;4
12156;217;75;1;land;true;plains;4
12157;207;53;1;land;true;urban;4
12158;229;69;1;land;true;plains;4
12159;231;16;1;land;false;plains;4
12160;221;30;1;land;false;plains;4
12161;221;21;1;land;true;plains;4
12162;205;61;1;land;true;plains;4
12163;210;18;1;land;false;urban;4
12164;60;218;1;land;false;plains;4
12165;37;211;1;land;true;plains;4
12166;81;238;1;land;true;plains;4
12167;38;222;1;land;true;plains;4
12168;127;190;1;land;true;plains;4
12169;25;205;1;land;true;plains;4
12170;41;198;1;land;true;plains;4
12171;104;180;1;land;false;plains;4
12172;59;160;1;land;true;plains;4
12173;29;162;1;land;true;plains;4
12174;64;169;1;land;true;plains;4
12175;46;208;1;land;true;plains;4
12176;210;230;1;land;false;plains;4
12177;225;218;1;land;false;plains;4
12178;184;187;1;land;false;plains;4
12179;206;159;1;land;false;plains;4
12180;141;192;1;land;false;plains;4
12181;105;161;1;land;false;plains;4
12182;113;118;1;land;false;plains;4
12183;124;137;1;land;true;plains;4
12184;137;138;1;land;false;urban;4
12185;111;196;1;land;false;plains;4
12186;50;63;1;land;true;plains;4
12187;85;24;1;land;true;plains;4
12188;33;51;1;land;true;plains;4
12189;55;88;1;land;false;plains;4
12190;235;85;1;land;false;plains;4
12191;204;124;1;land;true;plains;4
12192;172;88;1;land;true;plains;4
12193;213;154;1;land;true;plains;4
12194;159;18;1;land;true;plains;4
12195;214;238;1;land;false;plains;4
12196;249;245;1;land;true;plains;4
12197;250;230;1;land;false;plains;4
12198;212;215;1;land;false;plains;4
12199;213;238;1;land;true;plains;4
12200;190;242;1;land;false;plains;4
12201;233;230;1;land;true;urban;4
12202;203;229;1;land;true;plains;4
12203;147;66;1;land;true;plains;4
12204;96;21;1;land;true;plains;4
12205;131;39;1;land;false;plains;4
12206;160;58;1;land;false;plains;4
12207;168;70;1;land;true;plains;4
12208;190;183;1;land;false;plains;4
12209;201;182;1;land;true;plains;4
12210;208;151;1;land;true;plains;4
12211;46;200;1;land;true;plains;4
12212;46;252;1;land;true;plains;4
12213;54;250;1;land;false;plains;4
12214;70;206;1;land;true;plains;4
12215;73;231;1;land;true;plains;4
12216;191;156;1;land;true;plains;4
12217;205;133;1;land;true;plains;4
12218;158;121;1;land;true;plains;4
12219;30;83;1;land;true;plains;1
12220;136;116;1;land;true;plains;1
12221;120;69;1;land;true;plains;1
12222;128;59;1;land;false;plains;1
12223;147;48;1;land;true;plains;1
12224;178;92;1;land;true;plains;1
12225;179;199;1;land;false;plains;1
12226;178;201;1;land;true;plains;1
12227;185;180;1;land;false;plains;1
12228;125;147;1;land;false;plains;1
12229;131;220;1;land;false;plains;1
12230;129;214;1;land;false;plains;1
12231;118;231;1;land;true;plains;1
12232;110;235;1;land;true;plains;1
12233;109;195;1;land;true;plains;1
12234;105;236;1;land;true;plains;1
12235;129;232;1;land;true;plains;1
12236;103;253;1;land;false;plains;1
12237;191;162;1;land;true;plains;1
12238;194;151;1;land;true;plains;1
12239;146;132;1;land;false;plains;1
12240;88;98;1;land;true;plains;1
12241;84;124;1;land;false;plains;1
12242;127;146;1;land;false;plains;1
12243;104;127;1;land;false;plains;1
12244;192;230;1;land;true;plains;1
12245;187;202;1;land;true;plains;1
12246;193;191;1;land;false;plains;1
12247;20;189;1;land;true;jungle;6
12248;8;193;1;land;true;jungle;6
12249;22;170;1;land;true;jungle;6
12250;1;246;1;land;true;jungle;6
12251;11;169;1;land;true;jungle;6
12252;9;200;1;land;true;jungle;6
12253;24;192;1;land;true;jungle;6
12254;3;244;1;land;true;jungle;6
12255;7;217;1;land;true;jungle;6
12256;0;224;1;land;true;jungle;6
12257;2;184;1;land;true;jungle;6
12258;86;27;1;land;true;jungle;6
12259;47;10;1;land;true;jungle;6
12260;84;58;1;land;true;jungle;6
12261;73;6;1;land;true;jungle;6
12262;65;25;1;land;true;jungle;6
12263;19;13;1;land;true;jungle;6
12264;86;40;1;land;true;jungle;6
12265;68;6;1;land;true;jungle;6
12266;70;77;1;land;true;plains;5
12267;71;104;1;land;true;plains;5
12268;82;109;1;land;true;plains;5
12269;129;102;1;land;true;plains;5
12270;121;71;1;land;true;plains;5
12271;84;76;1;land;true;plains;5
12272;143;70;1;land;true;plains;5
12273;133;64;1;land;true;plains;5
12274;204;4;1;land;true;plains;5
12275;151;36;1;land;true;plains;5
12276;118;10;1;land;true;plains;5
12277;179;2;1;land;true;plains;5
12278;188;34;1;land;true;plains;5
12279;127;31;1;land;true;plains;5
12280;129;6;1;land;true;plains;5
12281;185;91;1;land;true;plains;5
12282;197;94;1;land;true;plains;5
12283;211;84;1;land;true;plains;5
12284;194;62;1;land;true;plains;5
12285;169;44;1;land;true;plains;5
12286;156;91;1;land;true;plains;5
12287;185;44;1;land;true;plains;5
12288;96;65;1;land;true;plains;5
12289;49;109;1;land;false;plains;5
12290;51;136;1;land;true;plains;5
12291;36;122;1;land;false;plains;5
12292;43;123;1;land;true;plains;5
12293;1;154;1;land;true;plains;5
12294;99;96;1;land;true;plains;5
12295;164;49;1;land;false;plains;5
12296;125;112;1;land;true;plains;5
12297;152;57;1;land;false;plains;5
12298;4;197;1;land;true;plains;5
12299;7;218;1;land;true;plains;5
12300;35;220;1;land;false;plains;5
12301;31;205;1;land;true;plains;5
12302;63;212;1;land;true;plains;5
12303;28;254;1;land;true;plains;5
12304;16;205;1;land;true;plains;5
12305;52;214;1;land;false;plains;5
12306;26;253;1;land;true;plains;5
12307;23;27;1;land;true;plains;5
12308;69;50;1;land;true;plains;5
12309;66;36;1;land;true;plains;5
12310;109;216;1;land;true;plains;4
12311;104;250;1;land;true;plains;4
12312;139;253;1;land;false;plains;4
12313;118;226;1;land;true;plains;4
12314;157;249;1;land;true;plains;4
12315;108;254;1;land;true;plains;4
12316;107;251;1;land;true;plains;4
12317;139;241;1;land;true;plains;4
12318;99;220;1;land;true;plains;4
12319;93;226;1;land;true;plains;4
12320;137;212;1;land;true;urban;4
12321;91;212;1;land;true;urban;4
12322;104;235;1;land;true;plains;4
12323;89;250;1;land;false;plains;4
12324;125;224;1;land;true;plains;4
12325;89;230;1;land;true;plains;4
12326;90;222;1;land;false;plains;4
12327;108;249;1;land;false;urban;4
12328;131;225;1;land;true;plains;4
12329;97;219;1;land;true;plains;4
12330;104;221;1;land;true;plains;4
12331;100;239;1;land;true;plains;4
12332;93;213;1;land;false;plains;4
12333;159;224;1;land;true;plains;4
12334;217;141;1;land;true;plains;4
12335;166;118;1;land;true;plains;4
12336;166;98;1;land;true;plains;4
12337;167;151;1;land;true;plains;4
12338;236;120;1;land;true;plains;4
12339;186;149;1;land;true;plains;4
12340;159;118;1;land;true;plains;4
12341;161;87;1;land;true;plains;4
12342;36;164;1;land;true;plains;3
12343;86;140;1;land;true;plains;3
12344;82;132;1;land;true;plains;3
12345;93;136;1;land;false;plains;3
12346;74;181;1;land;true;plains;3
12347;92;149;1;land;true;plains;3
12348;111;108;1;land;false;plains;3
12349;101;170;1;land;true;plains;3
12350;100;180;1;land;true;plains;3
12351;62;155;1;land;false;plains;3
12352;47;134;1;land;true;plains;3
12353;71;175;1;land;true;plains;3
12354;67;190;1;land;true;plains;3
12355;91;178;1;land;true;plains;3
12356;93;174;1;land;true;plains;3
12357;71;194;1;land;true;plains;3
12358;110;148;1;land;true;plains;3
12359;79;218;1;land;false;plains;3
12360;95;192;1;land;true;plains;3
12361;35;164;1;land;true;plains;3
12362;72;208;1;land;false;plains;3
12363;149;3;1;land;false;plains;4
12364;195;6;1;land;true;plains;4
12365;202;42;1;land;true;plains;4
12366;97;201;1;land;true;plains;4
12367;120;240;1;land;true;plains;4
12368;75;207;1;land;true;plains;4
12369;139;164;1;land;false;plains;4
12370;161;183;1;land;false;plains;4
12371;179;114;1;land;false;plains;4
12372;155;117;1;land;true;plains;4
12373;144;250;1;land;true;plains;4
12374;149;236;1;land;true;plains;4
12375;79;158;1;land;true;plains;4
12376;211;108;1;land;true;plains;4
12377;159;65;1;land;true;plains;4
12378;146;42;1;land;true;plains;4
12379;128;56;1;land;true;plains;4
12380;164;38;1;land;true;plains;4
12381;156;51;1;land;true;plains;4
12382;183;45;1;land;true;urban;4
12383;175;45;1;land;true;plains;4
12384;191;108;1;land;true;jungle;6
12385;207;120;1;land;true;jungle;6
12386;178;80;1;land;true;jungle;6
12387;181;67;1;land;true;jungle;6
12388;201;78;1;land;true;jungle;6
12389;203;126;1;land;true;jungle;6
12390;183;73;1;land;true;jungle;6
12391;168;82;1;land;true;jungle;6
12392;224;97;1;land;true;jungle;6
12393;216;96;1;land;true;jungle;6
12394;164;130;1;land;true;jungle;6
12395;219;70;1;land;true;jungle;6
12396;206;67;1;land;true;jungle;6
12397;178;135;1;land;true;jungle;6
12398;191;103;1;land;true;jungle;6
12399;30;219;1;land;true;urban;5
12400;29;229;1;land;true;plains;5
12401;64;247;1;land;true;urban;5
12402;60;210;1;land;true;plains;5
12403;65;239;1;land;true;plains;5
12404;11;21;1;land;false;urban;5
12405;79;65;1;land;true;plains;5
12406;54;54;1;land;false;plains;5
12407;49;39;1;land;true;plains;5
12408;239;117;1;land;true;plains;5
12409;217;139;1;land;true;urban;5
12410;230;87;1;land;true;plains;5
12411;248;147;1;land;false;plains;5
12412;250;144;1;land;true;plains;5
12413;222;18;1;land;false;plains;5
12414;241;83;1;land;true;plains;5
12415;249;42;1;land;false;urban;5
12416;72;143;1;land;true;plains;5
12417;139;46;1;land;false;plains;5
12418;163;55;1;land;true;plains;5
12419;114;36;1;land;true;plains;5
12420;150;26;1;land;true;plains;5
12421;235;105;1;land;true;jungle;6
12422;228;90;1;land;true;jungle;6
12423;233;116;1;land;true;jungle;6
12424;202;239;1;land;true;jungle;6
12425;202;223;1;land;true;jungle;6
12426;203;185;1;land;true;jungle;6
12427;185;169;1;land;true;jungle;6
12428;186;170;1;land;true;jungle;6
12429;186;234;1;land;true;jungle;6
12430;170;234;1;land;true;jungle;6
12431;212;164;1;land;true;jungle;6
12432;81;222;1;land;false;urban;7
12433;100;248;1;land;true;plains;7
12434;236;185;1;land;true;urban;7
12435;220;197;1;land;true;plains;7
12436;234;193;1;land;true;urban;7
12437;230;188;1;land;false;plains;7
12438;204;217;1;land;true;plains;7
12439;229;161;1;land;false;plains;7
12440;108;192;1;land;true;plains;7
12441;165;243;1;land;true;plains;7
12442;105;199;1;land;true;plains;7
12443;141;197;1;land;false;plains;7
12444;1;185;1;land;true;urban;7
12445;28;170;1;land;true;plains;7
12446;67;243;1;land;true;urban;7
12447;137;107;1;land;false;plains;6
12448;140;62;1;land;false;plains;6
12449;123;41;1;land;false;urban;6
12450;128;58;1;land;true;plains;6
12451;106;105;1;land;true;plains;6
12452;136;72;1;land;false;urban;6
12453;117;84;1;land;true;plains;6
12454;106;69;1;land;true;plains;6
12455;110;61;1;land;true;plains;6
12456;116;59;1;land;true;plains;6
12457;148;35;1;land;true;plains;6
12458;141;52;1;land;true;plains;6
12459;87;109;1;land;true;plains;6
12460;137;35;1;land;true;plains;6
12461;126;41;1;land;true;plains;6
12462;110;95;1;land;true;plains;6
12463;125;110;1;land;false;plains;6
12464;105;43;1;land;true;plains;6
12465;124;112;1;land;false;plains;6
12466;108;73;1;land;true;plains;6
12467;78;37;1;land;true;plains;6
12468;223;184;1;land;true;plains;7
12469;198;172;1;land;true;plains;7
12470;229;218;1;land;true;urban;7
12471;231;156;1;land;true;plains;7
12472;185;222;1;land;true;plains;7
12473;228;39;1;land;true;plains;7
12474;244;55;1;land;true;plains;7
12475;213;27;1;land;true;plains;7
12476;238;59;1;land;true;plains;7
12477;218;50;1;land;true;plains;7
12478;198;55;1;land;true;plains;7
12479;242;14;1;land;true;plains;7
12480;240;60;1;land;true;plains;7
12481;184;13;1;land;true;plains;7
12482;189;32;1;land;true;plains;7
12483;63;168;1;land;true;plains;7
12484;183;120;1;land;true;plains;7
12485;156;119;1;land;true;plains;6
12486;131;104;1;land;true;plains;6
12487;249;176;1;land;true;plains;6
12488;242;210;1;land;false;plains;6
12489;52;76;1;land;true;plains;6
12490;150;77;1;land;true;plains;6
12491;134;71;1;land;true;plains;6
12492;139;95;1;land;true;plains;6
12493;158;83;1;land;true;plains;6
12494;132;90;1;land;true;plains;6
12495;123;97;1;land;false;plains;6
12496;184;127;1;land;false;plains;6
12497;119;116;1;land;true;plains;6
12498;35;199;1;land;true;plains;5
12499;42;225;1;land;true;plains;5
12500;5;219;1;land;true;plains;5
12501;15;223;1;land;true;plains;5
12502;95;222;1;land;true;urban;5
12503;146;245;1;land;true;plains;5
12504;101;238;1;land;true;plains;5
12505;72;242;1;land;true;plains;5
12506;52;176;1;land;true;plains;5
12507;41;21;1;land;true;plains;6
12508;42;40;1;land;true;plains;6
12509;19;11;1;land;true;plains;6
12510;48;62;1;land;true;plains;6
12511;66;75;1;land;true;plains;6
12512;6;55;1;land;true;plains;6
12513;67;31;1;land;true;plains;6
12514;43;76;1;land;true;urban;6
12515;21;31;1;land;true;plains;6
12516;31;44;1;land;true;plains;6
12517;43;45;1;land;true;plains;6
12518;140;142;1;land;true;plains;1
12519;108;160;1;land;true;plains;1
12520;104;190;1;land;true;plains;1
12521;104;138;1;land;true;plains;1
12522;106;131;1;land;true;plains;1
12523;119;203;1;land;true;plains;1
12524;118;158;1;land;true;plains;1
12525;42;38;1;land;true;plains;1
12526;45;47;1;land;true;plains;1
12527;36;199;1;land;true;plains;1
12528;8;151;1;land;true;plains;1
12529;31;209;1;land;true;plains;1
12530;64;208;1;land;true;plains;1
12531;146;207;1;land;true;plains;5
12532;177;180;1;land;true;plains;5
12533;177;164;1;land;true;plains;5
12534;187;214;1;land;true;plains;5
12535;142;109;1;land;true;plains;5
12536;195;97;1;land;true;plains;5
12537;216;47;1;land;true;plains;5
12538;23;50;1;land;true;plains;5
12539;65;29;1;land;true;plains;5
12540;70;92;1;land;true;plains;5
12541;87;84;1;land;true;plains;5
12542;43;89;1;land;true;plains;5
12543;51;70;1;land;true;plains;5
12544;186;144;1;land;true;plains;3
12545;198;150;1;land;true;plains;3
12546;161;204;1;land;true;plains;3
12547;192;140;1;land;true;plains;3
12548;167;149;1;land;true;plains;3
12549;174;158;1;land;true;plains;3
12550;137;33;1;land;true;plains;5
12551;139;66;1;land;true;urban;5
12552;128;73;1;land;true;plains;5
12553;167;117;1;land;true;plains;5
12554;148;111;1;land;true;plains;5
12555;244;185;1;land;true;plains;4
12556;205;169;1;land;true;plains;4
12557;237;228;1;land;true;plains;4
12558;143;167;1;land;true;plains;4
12559;148;158;1;land;true;plains;4
12560;210;16;1;land;true;plains;4
12561;204;78;1;land;true;plains;4
12562;53;219;1;land;true;plains;4
12563;11;188;1;land;true;plains;4
12564;65;188;1;land;true;jungle;6
12565;81;133;1;land;true;jungle;6
12566;29;57;1;land;true;plains;7
12567;46;47;1;land;true;urban;7
12568;48;61;1;land;true;plains;7
12569;42;76;1;land;true;plains;7
12570;153;122;1;land;true;plains;7
12571;121;243;1;land;true;plains;7
12572;34;168;1;land;true;plains;7
12573;143;19;1;land;true;jungle;6
12574;26;86;1;land;true;urban;2
12575;2;148;1;land;true;plains;2
12576;12;101;1;land;true;plains;2
12577;233;53;1;land;true;plains;7
12578;234;9;1;land;true;urban;7
12579;225;26;1;land;true;plains;7
12580;15;129;1;land;true;plains;5
12581;79;161;1;land;true;plains;5
12582;34;241;1;land;true;jungle;6
12583;152;60;1;land;true;plains;4
12584;122;72;1;land;true;plains;4
12585;98;229;1;land;true;plains;4
12586;126;238;1;land;true;plains;4
12587;179;144;1;land;true;plains;4
12588;237;80;1;land;true;plains;4
12589;112;162;1;land;true;plains;1
12590;208;23;1;land;true;plains;1
12591;217;0;1;land;true;plains;2
12592;253;39;1;land;true;plains;2
12593;157;201;1;land;true;jungle;6
12594;57;5;1;land;true;jungle;6
12595;83;171;1;land;true;plains;2
12596;24;204;1;land;true;plains;2
12597;190;6;1;land;true;plains;4
12598;102;153;1;land;true;plains;2
12599;186;54;1;land;true;plains;5
12600;250;218;1;land;true;plains;5
12601;129;88;1;land;true;plains;5
12602;198;75;1;land;true;plains;7
12603;53;209;1;land;true;jungle;6
12604;11;120;1;land;true;jungle;6
12605;88;215;1;land;true;jungle;6
12606;109;107;1;land;true;plains;7
12607;232;224;1;land;true;jungle;6
12608;147;122;1;land;true;jungle;6
12609;107;96;255;sea;false;ocean;0
12610;100;68;255;sea;false;ocean;0
12611;146;107;255;sea;false;ocean;0
12612;149;133;255;sea;false;ocean;0
12613;124;117;255;sea;false;ocean;0
12614;121;109;255;sea;false;ocean;0
12615;146;99;255;sea;false;ocean;0
12616;153;113;255;sea;true;ocean;0
12617;101;84;255;sea;false;ocean;0
12618;102;95;255;sea;false;ocean;0
12619;145;93;255;sea;false;ocean;0
12620;144;76;255;sea;false;ocean;0
12621;89;92;255;sea;false;ocean;0
12622;100;101;255;sea;false;ocean;0
12623;105;111;255;sea;false;ocean;0
12624;111;110;255;sea;false;ocean;0
12625;84;134;255;sea;false;ocean;0
12626;128;126;255;sea;false;ocean;0
12627;104;65;255;sea;false;ocean;0
12628;136;78;255;sea;false;ocean;0
12629;127;84;255;sea;false;ocean;0
12630;108;96;255;sea;false;ocean;0
12631;122;93;255;sea;false;ocean;0
12632;117;80;255;sea;false;ocean;0
12633;120;62;255;sea;false;ocean;0
12634;150;128;255;sea;false;ocean;0
12635;81;67;255;sea;false;ocean;0
12636;118;60;255;sea;false;ocean;0
12637;153;92;255;sea;false;ocean;0
12638;144;88;255;sea;false;ocean;0
12639;152;137;255;sea;false;ocean;0
12640;92;123;255;sea;false;ocean;0
12641;116;124;255;sea;false;ocean;0
12642;99;130;255;sea;false;ocean;0
12643;103;97;255;sea;false;ocean;0
12644;87;96;255;sea;false;ocean;0
12645;88;61;255;sea;false;ocean;0
12646;154;126;255;sea;false;ocean;0
12647;155;115;255;sea;false;ocean;0
12648;91;100;255;sea;false;ocean;0
12649;130;53;255;sea;false;ocean;0
12650;93;95;255;sea;false;ocean;0
12651;97;110;255;sea;false;ocean;0
12652;108;58;255;sea;false;ocean;0
12653;163;106;255;sea;false;ocean;0
12654;155;128;255;sea;false;ocean;0
12655;103;91;255;sea;false;ocean;0
12656;100;75;255;sea;false;ocean;0
12657;131;130;255;sea;false;ocean;0
12658;151;73;255;sea;false;ocean;0
12659;81;28;255;sea;false;ocean;0
12660;108;35;255;sea;false;ocean;0
12661;99;17;255;sea;false;ocean;0
12662;130;41;255;sea;false;ocean;0
12663;78;11;255;sea;false;ocean;0
12664;96;39;255;sea;false;ocean;0
12665;94;53;255;sea;false;ocean;0
12666;114;39;255;sea;false;ocean;0
12667;121;44;255;sea;false;ocean;0
12668;79;32;255;sea;false;ocean;0
12669;124;38;255;sea;false;ocean;0
12670;71;31;255;sea;false;ocean;0
12671;85;30;255;sea;false;ocean;0
12672;84;5;255;sea;false;ocean;0
12673;90;7;255;sea;false;ocean;0
12674;81;53;255;sea;false;ocean;0
12675;99;10;255;sea;false;ocean;0
12676;80;26;255;sea;false;ocean;0
12677;132;4;255;sea;false;ocean;0
12678;118;5;255;sea;false;ocean;0
12679;75;51;255;sea;false;ocean;0
12680;102;51;255;sea;false;ocean;0
12681;96;51;255;sea;false;ocean;0
12682;91;32;255;sea;false;ocean;0
12683;131;23;255;sea;false;ocean;0
12684;78;42;255;sea;false;ocean;0
12685;128;24;255;sea;false;ocean;0
12686;86;38;255;sea;false;ocean;0
12687;126;7;255;sea;false;ocean;0
12688;73;20;255;sea;false;ocean;0
12689;121;46;255;sea;false;ocean;0
12690;122;52;255;sea;false;ocean;0
12691;83;1;255;sea;false;ocean;0
12692;78;7;255;sea;false;ocean;0
12693;131;55;255;sea;false;ocean;0
12694;93;52;255;sea;false;ocean;0
12695;113;43;255;sea;false;ocean;0
12696;91;50;255;sea;false;ocean;0
12697;126;39;255;sea;false;ocean;0
12698;103;28;255;sea;false;ocean;0
12699;89;113;255;sea;false;ocean;0
12700;114;84;255;sea;false;ocean;0
12701;76;79;255;sea;false;ocean;0
12702;81;86;255;sea;false;ocean;0
12703;92;92;255;sea;false;ocean;0
12704;91;86;255;sea;false;ocean;0
12705;123;106;255;sea;false;ocean;0
12706;57;44;255;sea;false;ocean;0
12707;56;4;255;sea;false;ocean;0
12708;74;44;255;sea;false;ocean;0
12709;55;11;255;sea;true;ocean;0
12710;74;54;255;sea;true;ocean;0
12711;97;15;255;sea;false;ocean;0
12712;111;14;255;sea;false;ocean;0
12713;83;41;255;sea;false;ocean;0
12714;45;12;255;sea;false;ocean;0
12715;110;1;255;sea;false;ocean;0
12716;91;2;255;sea;true;ocean;0
12717;47;50;255;sea;false;ocean;0
12718;94;61;255;sea;false;ocean;0
12719;63;12;255;sea;false;ocean;0
12720;109;62;255;sea;false;ocean;0
12721;100;55;255;sea;true;ocean;0
12722;100;41;255;sea;false;ocean;0
12723;59;45;255;sea;true;ocean;0
12724;75;46;255;sea;false;ocean;0
12725;61;42;255;sea;false;ocean;0
12726;40;5;255;sea;false;ocean;0
12727;101;5;255;sea;false;ocean;0
12728;98;6;255;sea;false;ocean;0
12729;70;16;255;sea;true;ocean;0
12730;41;12;255;sea;true;ocean;0
12731;56;62;255;sea;false;ocean;0
12732;115;22;255;sea;false;ocean;0
12733;101;53;255;sea;true;ocean;0
12734;58;6;255;sea;false;ocean;0
12735;50;32;255;sea;false;ocean;0
12736;85;50;255;sea;false;ocean;0
12737;103;9;255;sea;true;ocean;0
12738;84;6;255;sea;false;ocean;0
12739;93;32;255;sea;false;ocean;0
12740;47;43;255;sea;false;ocean;0
12741;44;47;255;sea;true;ocean;0
12742;42;58;255;sea;false;ocean;0
12743;63;21;255;sea;false;ocean;0
12744;81;37;255;sea;false;ocean;0
12745;78;47;255;sea;false;ocean;0
12746;66;31;255;sea;true;ocean;0
12747;67;27;255;sea;false;ocean;0
12748;57;15;255;sea;false;ocean;0
12749;128;93;255;sea;true;ocean;0
12750;89;142;255;sea;true;ocean;0
12751;84;68;255;sea;false;ocean;0
12752;57;69;255;sea;true;ocean;0
12753;75;132;255;sea;true;ocean;0
12754;96;103;255;sea;true;ocean;0
12755;89;139;255;sea;false;ocean;0
12756;119;72;255;sea;true;ocean;0
12757;90;36;255;sea;true;ocean;0
12758;130;46;255;sea;false;ocean;0
12759;82;72;255;sea;false;ocean;0
12760;68;87;255;sea;true;ocean;0
12761;122;61;255;sea;true;ocean;0
12762;68;78;255;sea;false;ocean;0
12763;89;35;255;sea;false;ocean;0
12764;106;82;255;sea;true;ocean;0
12765;55;49;255;sea;false;ocean;0
12766;103;41;255;sea;true;ocean;0
12767;94;64;255;sea;true;ocean;0
12768;76;93;255;sea;true;ocean;0
12769;61;63;255;sea;true;ocean;0
12770;121;43;255;sea;false;ocean;0
12771;112;58;255;sea;false;ocean;0
12772;112;31;255;sea;true;ocean;0
12773;98;76;255;sea;true;ocean;0
12774;95;37;255;sea;true;ocean;0
12775;87;46;255;sea;false;ocean;0
12776;110;88;255;sea;true;ocean;0
12777;64;92;255;sea;false;ocean;0
12778;85;26;255;sea;true;ocean;0
12779;76;86;255;sea;false;ocean;0
12780;81;36;255;sea;false;ocean;0
12781;130;30;255;sea;false;ocean;0
12782;103;73;255;sea;true;ocean;0
12783;129;93;255;sea;false;ocean;0
12784;78;75;255;sea;true;ocean;0
12785;73;83;255;sea;false;ocean;0
12786;67;66;255;sea;true;ocean;0
12787;94;37;255;sea;false;ocean;0
12788;91;87;255;sea;true;ocean;0
12789;55;44;255;sea;true;ocean;0
12790;142;104;255;sea;false;ocean;0
12791;95;118;255;sea;false;ocean;0
12792;89;105;255;sea;false;ocean;0
12793;100;148;255;sea;false;ocean;0
12794;113;86;255;sea;false;ocean;0
12795;75;105;255;sea;false;ocean;0
12796;96;79;255;sea;false;ocean;0
12797;74;83;255;sea;false;ocean;0
12798;69;136;255;sea;false;ocean;0
12799;79;107;255;sea;false;ocean;0
12800;137;105;255;sea;false;ocean;0
12801;74;131;255;sea;false;ocean;0
12802;78;138;255;sea;false;ocean;0
12803;115;115;255;sea;false;ocean;0
12804;103;142;255;sea;false;ocean;0
12805;119;117;255;sea;false;ocean;0
12806;121;128;255;sea;false;ocean;0
12807;116;119;255;sea;false;ocean;0
12808;94;138;255;sea;false;ocean;0
12809;88;137;255;sea;false;ocean;0
12810;123;84;255;sea;false;ocean;0
12811;105;126;255;sea;false;ocean;0
12812;85;70;255;sea;false;ocean;0
12813;134;95;255;sea;false;ocean;0
12814;122;82;255;sea;false;ocean;0
12815;143;130;255;sea;false;ocean;0
12816;91;73;255;sea;false;ocean;0
12817;142;139;255;sea;false;ocean;0
12818;85;63;255;sea;false;ocean;0
12819;101;133;255;sea;false;ocean;0
12820;123;96;255;sea;false;ocean;0
12821;89;70;255;sea;false;ocean;0
12822;101;76;255;sea;false;ocean;0
12823;154;94;255;sea;true;ocean;0
12824;90;68;255;sea;false;ocean;0
12825;99;89;255;sea;false;ocean;0
12826;108;136;255;sea;false;ocean;0
12827;109;64;255;sea;false;ocean;0
12828;132;122;255;sea;true;ocean;0
12829;106;102;255;sea;false;ocean;0
12830;99;121;255;sea;false;ocean;0
12831;84;71;255;sea;false;ocean;0
12832;111;91;255;sea;false;ocean;0
12833;93;68;255;sea;false;ocean;0
12834;143;123;255;sea;false;ocean;0
12835;93;87;255;sea;false;ocean;0
12836;102;118;255;sea;false;ocean;0
12837;105;139;255;sea;false;ocean;0
12838;156;84;255;sea;false;ocean;0
12839;94;110;255;sea;false;ocean;0
12840;102;64;255;sea;false;ocean;0
12841;108;104;255;sea;false;ocean;0
12842;111;31;255;sea;false;ocean;0
12843;85;0;255;sea;false;ocean;0
12844;130;18;255;sea;false;ocean;0
12845;127;43;255;sea;false;ocean;0
12846;104;0;255;sea;false;ocean;0
12847;94;54;255;sea;false;ocean;0
12848;102;25;255;sea;false;ocean;0
12849;68;27;255;sea;false;ocean;0
12850;120;43;255;sea;false;ocean;0
12851;80;55;255;sea;false;ocean;0
12852;96;45;255;sea;false;ocean;0
12853;105;38;255;sea;false;ocean;0
12854;132;40;255;sea;true;ocean;0
12855;92;1;255;sea;false;ocean;0
12856;33;36;255;sea;false;ocean;0
12857;52;14;255;sea;false;ocean;0
12858;89;4;255;sea;false;ocean;0
12859;33;13;255;sea;false;ocean;0
12860;67;20;255;sea;false;ocean;0
12861;62;22;255;sea;false;ocean;0
12862;103;13;255;sea;false;ocean;0
12863;24;26;255;sea;false;ocean;0
12864;56;8;255;sea;false;ocean;0
12865;51;9;255;sea;false;ocean;0
12866;54;16;255;sea;false;ocean;0
12867;70;23;255;sea;false;ocean;0
12868;34;37;255;sea;false;ocean;0
12869;75;2;255;sea;false;ocean;0
12870;72;26;255;sea;false;ocean;0
12871;58;12;255;sea;false;ocean;0
12872;64;25;255;sea;false;ocean;0
12873;53;36;255;sea;false;ocean;0
12874;163;45;255;sea;true;ocean;0
12875;97;54;255;sea;false;ocean;0
12876;114;6;255;sea;true;ocean;0
12877;126;20;255;sea;true;ocean;0
12878;125;33;255;sea;false;ocean;0
12879;99;50;255;sea;false;ocean;0
12880;123;14;255;sea;false;ocean;0
12881;150;54;255;sea;false;ocean;0
12882;126;21;255;sea;false;ocean;0
12883;116;51;255;sea;false;ocean;0
12884;141;46;255;sea;false;ocean;0
12885;131;53;255;sea;false;ocean;0
12886;120;27;255;sea;false;ocean;0
12887;94;38;255;sea;true;ocean;0
12888;135;46;255;sea;false;ocean;0
12889;87;29;255;sea;true;ocean;0
12890;139;23;255;sea;false;ocean;0
12891;151;45;255;sea;false;ocean;0
12892;64;20;255;sea;false;ocean;0
12893;60;58;255;sea;false;ocean;0
12894;33;3;255;sea;false;ocean;0
12895;19;56;255;sea;false;ocean;0
12896;44;25;255;sea;false;ocean;0
12897;59;54;255;sea;false;ocean;0
12898;43;58;255;sea;false;ocean;0
12899;17;3;255;sea;false;ocean;0
12900;17;28;255;sea;false;ocean;0
12901;20;31;255;sea;false;ocean;0
12902;45;8;255;sea;false;ocean;0
12903;20;26;255;sea;false;ocean;0
12904;11;23;255;sea;false;ocean;0
12905;61;32;255;sea;false;ocean;0
12906;75;48;255;sea;false;ocean;0
12907;41;24;255;sea;false;ocean;0
12908;49;32;255;sea;false;ocean;0
12909;10;47;255;sea;false;ocean;0
12910;44;21;255;sea;false;ocean;0
12911;43;20;255;sea;false;ocean;0
12912;49;50;255;sea;false;ocean;0
12913;49;41;255;sea;false;ocean;0
12914;9;53;255;sea;false;ocean;0
12915;8;16;255;sea;false;ocean;0
12916;25;58;255;sea;false;ocean;0
12917;69;4;255;sea;false;ocean;0
12918;11;42;255;sea;false;ocean;0
12919;10;8;255;sea;false;ocean;0
12920;25;47;255;sea;false;ocean;0
12921;51;29;255;sea;false;ocean;0
12922;39;4;255;sea;false;ocean;0
12923;62;19;255;sea;false;ocean;0
12924;35;52;255;sea;false;ocean;0
12925;68;62;255;sea;false;ocean;0
12926;6;8;255;sea;false;ocean;0
12927;14;8;255;sea;false;ocean;0
12928;54;10;255;sea;false;ocean;0
12929;30;57;255;sea;false;ocean;0
12930;17;43;255;sea;false;ocean;0
12931;12;20;255;sea;false;ocean;0
12932;69;49;255;sea;false;ocean;0
12933;81;68;255;sea;false;ocean;0
12934;157;62;255;sea;false;ocean;0
12935;136;47;255;sea;true;ocean;0
12936;102;33;255;sea;false;ocean;0
12937;157;39;255;sea;false;ocean;0
12938;113;41;255;sea;false;ocean;0
12939;111;23;255;sea;false;ocean;0
12940;149;77;255;sea;true;ocean;0
12941;142;88;255;sea;true;ocean;0
12942;138;49;255;sea;true;ocean;0
12943;90;70;255;sea;false;ocean;0
12944;133;16;255;sea;false;ocean;0
12945;85;39;255;sea;false;ocean;0
12946;124;81;255;sea;true;ocean;0
12947;122;24;255;sea;false;ocean;0
12948;103;26;255;sea;false;ocean;0
12949;142;66;255;sea;true;ocean;0
12950;63;88;255;sea;false;ocean;0
12951;10;55;255;sea;false;ocean;0
12952;7;47;255;sea;false;ocean;0
12953;8;72;255;sea;true;ocean;0
12954;31;88;255;sea;true;ocean;0
12955;26;68;255;sea;true;ocean;0
12956;19;84;255;sea;false;ocean;0
12957;62;50;255;sea;true;ocean;0
12958;51;84;255;sea;false;ocean;0
12959;39;86;255;sea;false;ocean;0
12960;21;45;255;sea;false;ocean;0
12961;31;55;255;sea;false;ocean;0
12962;31;46;255;sea;false;ocean;0
12963;12;89;255;sea;true;ocean;0
12964;57;93;255;sea;false;ocean;0
12965;17;87;255;sea;true;ocean;0
12966;49;71;255;sea;false;ocean;0
12967;58;111;255;sea;true;ocean;0
12968;16;43;255;sea;false;ocean;0
12969;31;43;255;sea;false;ocean;0
12970;26;94;255;sea;true;ocean;0
12971;16;44;255;sea;false;ocean;0
12972;19;92;255;sea;true;ocean;0
12973;4;114;255;sea;false;ocean;0
12974;38;46;255;sea;false;ocean;0
12975;76;55;255;sea;false;ocean;0
12976;53;53;255;sea;false;ocean;0
12977;69;97;255;sea;false;ocean;0
12978;74;67;255;sea;false;ocean;0
12979;62;106;255;sea;false;ocean;0
12980;78;35;255;sea;false;ocean;0
12981;77;80;255;sea;false;ocean;0
12982;106;104;255;sea;false;ocean;0
12983;74;55;255;sea;false;ocean;0
12984;58;70;255;sea;false;ocean;0
12985;65;53;255;sea;false;ocean;0
12986;52;44;255;sea;false;ocean;0
12987;60;37;255;sea;false;ocean;0
12988;45;23;255;sea;false;ocean;0
12989;18;41;255;sea;false;ocean;0
12990;54;35;255;sea;false;ocean;0
12991;36;36;255;sea;false;ocean;0
12992;37;20;255;sea;false;ocean;0
12993;74;47;255;sea;false;ocean;0
12994;80;43;255;sea;false;ocean;0
12995;49;40;255;sea;false;ocean;0
12996;20;48;255;sea;false;ocean;0
12997;22;28;255;sea;false;ocean;0
12998;75;27;255;sea;false;ocean;0
12999;84;42;255;sea;false;ocean;0
13000;47;36;255;sea;false;ocean;0
13001;27;45;255;sea;false;ocean;0
13002;47;49;255;sea;false;ocean;0
13003;68;63;255;sea;false;ocean;0
13004;38;17;255;sea;false;ocean;0
13005;32;39;255;sea;false;ocean;0
13006;19;41;255;sea;false;ocean;0
13007;21;20;255;sea;false;ocean;0
13008;23;0;255;sea;false;ocean;0
13009;21;41;255;sea;false;ocean;0
13010;37;14;255;sea;false;ocean;0
13011;77;6;255;sea;false;ocean;0
13012;22;134;255;sea;true;ocean;0
13013;41;144;255;sea;false;ocean;0
13014;16;100;255;sea;false;ocean;0
13015;30;148;255;sea;false;ocean;0
13016;1;113;255;sea;false;ocean;0
13017;6;165;255;sea;true;ocean;0
13018;32;117;255;sea;false;ocean;0
13019;3;156;255;sea;false;ocean;0
13020;72;87;255;sea;false;ocean;0
13021;55;134;255;sea;false;ocean;0
13022;21;131;255;sea;true;ocean;0
13023;47;144;255;sea;false;ocean;0
13024;61;161;255;sea;false;ocean;0
13025;51;90;255;sea;false;ocean;0
13026;73;153;255;sea;false;ocean;0
13027;8;94;255;sea;true;ocean;0
13028;62;112;255;sea;true;ocean;0
13029;42;147;255;sea;false;ocean;0
13030;9;111;255;sea;false;ocean;0
13031;59;111;255;sea;true;ocean;0
13032;19;115;255;sea;false;ocean;0
13033;24;125;255;sea;false;ocean;0
13034;38;123;255;sea;false;ocean;0
13035;44;100;255;sea;true;ocean;0
13036;48;117;255;sea;true;ocean;0
13037;36;101;255;sea;false;ocean;0
13038;14;78;255;sea;false;ocean;0
13039;9;76;255;sea;false;ocean;0
13040;32;99;255;sea;false;ocean;0
13041;0;81;255;sea;false;ocean;0
13042;31;48;255;sea;false;ocean;0
13043;32;97;255;sea;false;ocean;0
13044;26;61;255;sea;false;ocean;0
13045;27;59;255;sea;false;ocean;0
13046;37;46;255;sea;false;ocean;0
13047;4;55;255;sea;false;ocean;0
13048;12;105;255;sea;false;ocean;0
13049;24;39;255;sea;false;ocean;0
13050;34;111;255;sea;false;ocean;0
13051;44;95;255;sea;false;ocean;0
13052;36;78;255;sea;false;ocean;0
13053;38;34;255;sea;false;ocean;0
13054;23;104;255;sea;false;ocean;0
13055;40;82;255;sea;false;ocean;0
13056;23;39;255;sea;false;ocean;0
13057;1;108;255;sea;false;ocean;0
13058;14;42;255;sea;false;ocean;0
13059;39;90;255;sea;false;ocean;0
13060;16;78;255;sea;false;ocean;0
13061;138;74;255;sea;false;ocean;0
13062;98;67;255;sea;true;ocean;0
13063;129;22;255;sea;true;ocean;0
13064;118;46;255;sea;false;ocean;0
13065;140;57;255;sea;false;ocean;0
13066;147;24;255;sea;true;ocean;0
13067;87;50;255;sea;true;ocean;0
13068;147;36;255;sea;true;ocean;0
13069;154;77;255;sea;true;ocean;0
13070;158;81;255;sea;false;ocean;0
13071;121;106;255;sea;false;ocean;0
13072;110;91;255;sea;false;ocean;0
13073;158;83;255;sea;false;ocean;0
13074;157;117;255;sea;false;ocean;0
13075;131;140;255;sea;false;ocean;0
13076;148;139;255;sea;false;ocean;0
13077;132;116;255;sea;false;ocean;0
13078;105;72;255;sea;false;ocean;0
13079;141;110;255;sea;false;ocean;0
13080;98;127;255;sea;false;ocean;0
13081;142;108;255;sea;false;ocean;0
13082;93;142;255;sea;false;ocean;0
13083;136;147;255;sea;false;ocean;0
13084;159;105;255;sea;false;ocean;0
13085;141;126;255;sea;false;ocean;0
13086;126;131;255;sea;false;ocean;0
13087;65;49;255;sea;false;ocean;0
13088;78;68;255;sea;false;ocean;0
13089;126;116;255;sea;false;ocean;0
13090;76;115;255;sea;false;ocean;0
13091;109;116;255;sea;false;ocean;0
13092;66;56;255;sea;false;ocean;0
13093;117;55;255;sea;false;ocean;0
13094;69;65;255;sea;false;ocean;0
13095;55;92;255;sea;false;ocean;0
13096;60;39;255;sea;false;ocean;0
13097;90;76;255;sea;false;ocean;0
13098;109;94;255;sea;false;ocean;0
13099;91;81;255;sea;false;ocean;0
13100;60;73;255;sea;false;ocean;0
13101;66;52;255;sea;false;ocean;0
13102;63;114;255;sea;false;ocean;0
13103;84;79;255;sea;false;ocean;0
13104;102;67;255;sea;false;ocean;0
13105;72;110;255;sea;false;ocean;0
13106;60;51;255;sea;false;ocean;0
13107;100;107;255;sea;false;ocean;0
13108;89;109;255;sea;false;ocean;0
13109;56;88;255;sea;false;ocean;0
13110;99;47;255;sea;false;ocean;0
13111;55;111;255;sea;false;ocean;0
13112;119;42;255;sea;false;ocean;0
13113;106;66;255;sea;false;ocean;0
13114;100;58;255;sea;false;ocean;0
13115;74;108;255;sea;false;ocean;0
13116;62;100;255;sea;false;ocean;0
13117;106;93;255;sea;false;ocean;0
13118;65;45;255;sea;false;ocean;0
13119;101;58;255;sea;false;ocean;0
13120;98;111;255;sea;false;ocean;0
13121;58;56;255;sea;false;ocean;0
13122;120;47;255;sea;false;ocean;0
13123;118;74;255;sea;false;ocean;0
13124;85;115;255;sea;false;ocean;0
13125;51;107;255;sea;false;ocean;0
13126;140;62;255;sea;false;ocean;0
13127;114;58;255;sea;false;ocean;0
13128;147;47;255;sea;false;ocean;0
13129;122;54;255;sea;false;ocean;0
13130;148;19;255;sea;false;ocean;0
13131;92;5;255;sea;false;ocean;0
13132;105;58;255;sea;false;ocean;0
13133;97;9;255;sea;false;ocean;0
13134;155;53;255;sea;false;ocean;0
13135;131;13;255;sea;false;ocean;0
13136;114;51;255;sea;false;ocean;0
13137;154;28;255;sea;false;ocean;0
13138;120;46;255;sea;false;ocean;0
13139;94;20;255;sea;false;ocean;0
13140;109;41;255;sea;false;ocean;0
13141;130;2;255;sea;false;ocean;0
13142;86;50;255;sea;false;ocean;0
13143;35;70;255;sea;true;ocean;0
13144;43;111;255;sea;false;ocean;0
13145;1;104;255;sea;true;ocean;0
13146;3;109;255;sea;true;ocean;0
13147;4;119;255;sea;false;ocean;0
13148;11;67;255;sea;false;ocean;0
13149;35;78;255;sea;true;ocean;0
13150;8;134;255;sea;true;ocean;0
13151;31;67;255;sea;true;ocean;0
13152;55;71;255;sea;false;ocean;0
13153;21;84;255;sea;true;ocean;0
13154;4;79;255;sea;true;ocean;0
13155;12;68;255;sea;false;ocean;0
13156;41;68;255;sea;true;ocean;0
13157;59;63;255;sea;true;ocean;0
13158;126;0;255;sea;false;ocean;0
13159;102;31;255;sea;true;ocean;0
13160;71;16;255;sea;true;ocean;0
13161;129;70;255;sea;true;ocean;0
13162;96;111;255;sea;false;ocean;0
13163;40;120;255;sea;false;ocean;0
13164;36;65;255;sea;false;ocean;0
13165;82;121;255;sea;false;ocean;0
13166;94;83;255;sea;false;ocean;0
13167;97;112;255;sea;false;ocean;0
13168;78;102;255;sea;false;ocean;0
13169;34;122;255;sea;false;ocean;0
13170;50;88;255;sea;false;ocean;0
13171;65;91;255;sea;false;ocean;0
13172;56;91;255;sea;false;ocean;0
13173;37;120;255;sea;false;ocean;0
13174;85;57;255;sea;false;ocean;0
13175;39;63;255;sea;false;ocean;0
13176;46;123;255;sea;false;ocean;0
13177;74;81;255;sea;false;ocean;0
13178;57;101;255;sea;false;ocean;0
13179;29;62;255;sea;false;ocean;0
13180;89;85;255;sea;false;ocean;0
13181;25;55;255;sea;false;ocean;0
13182;88;65;255;sea;false;ocean;0
13183;95;54;255;sea;false;ocean;0
13184;55;84;255;sea;false;ocean;0
13185;62;80;255;sea;false;ocean;0
13186;7;0;255;sea;false;ocean;0
13187;15;17;255;sea;false;ocean;0
13188;14;39;255;sea;false;ocean;0
13189;38;11;255;sea;true;ocean;0
13190;30;8;255;sea;false;ocean;0
13191;13;43;255;sea;false;ocean;0
13192;35;57;255;sea;false;ocean;0
13193;11;22;255;sea;false;ocean;0
13194;20;43;255;sea;false;ocean;0
13195;24;34;255;sea;false;ocean;0
13196;4;48;255;sea;false;ocean;0
13197;38;28;255;sea;true;ocean;0
13198;22;63;255;sea;false;ocean;0
13199;12;12;255;sea;false;ocean;0
13200;9;47;255;sea;false;ocean;0
13201;3;60;255;sea;true;ocean;0
13202;19;39;255;sea;false;ocean;0
13203;12;67;255;sea;false;ocean;0
13204;2;52;255;sea;false;ocean;0
13205;7;36;255;sea;false;ocean;0
13206;0;21;255;sea;true;ocean;0
13207;40;32;255;sea;false;ocean;0
13208;17;63;255;sea;true;ocean;0
13209;9;0;255;sea;false;ocean;0
13210;29;16;255;sea;false;ocean;0
13211;15;16;255;sea;false;ocean;0
13212;69;113;255;sea;false;ocean;0
13213;68;117;255;sea;false;ocean;0
13214;38;85;255;sea;false;ocean;0
13215;62;93;255;sea;false;ocean;0
13216;73;126;255;sea;false;ocean;0
13217;24;134;255;sea;false;ocean;0
13218;31;133;255;sea;false;ocean;0
13219;44;91;255;sea;false;ocean;0
13220;40;109;255;sea;false;ocean;0
13221;16;126;255;sea;false;ocean;0
13222;55;93;255;sea;false;ocean;0
13223;83;105;255;sea;false;ocean;0
13224;27;132;255;sea;false;ocean;0
13225;50;113;255;sea;false;ocean;0
13226;85;120;255;sea;false;ocean;0
13227;60;141;255;sea;false;ocean;0
13228;57;75;255;sea;false;ocean;0
13229;30;91;255;sea;false;ocean;0
13230;90;87;255;sea;false;ocean;0
13231;67;147;255;sea;false;ocean;0
13232;75;34;255;sea;false;ocean;0
13233;113;53;255;sea;true;ocean;0
13234;140;15;255;sea;true;ocean;0
13235;148;14;255;sea;false;ocean;0
13236;141;10;255;sea;false;ocean;0
13237;113;61;255;sea;false;ocean;0
13238;102;0;255;sea;true;ocean;0
13239;148;16;255;sea;true;ocean;0
13240;80;13;255;sea;true;ocean;0
13241;147;5;255;sea;false;ocean;0
13242;85;38;255;sea;false;ocean;0
13243;142;24;255;sea;true;ocean;0
13244;96;3;255;sea;false;ocean;0
13245;35;99;255;sea;false;ocean;0
13246;11;97;255;sea;false;ocean;0
13247;15;84;255;sea;false;ocean;0
13248;24;87;255;sea;false;ocean;0
13249;4;149;255;sea;false;ocean;0
13250;34;151;255;sea;false;ocean;0
13251;21;143;255;sea;false;ocean;0
13252;34;132;255;sea;false;ocean;0
13253;25;88;255;sea;false;ocean;0
13254;36;115;255;sea;false;ocean;0
13255;6;147;255;sea;false;ocean;0
13256;9;98;255;sea;false;ocean;0
13257;6;140;255;sea;false;ocean;0
13258;29;132;255;sea;false;ocean;0
13259;24;129;255;sea;false;ocean;0
13260;30;112;255;sea;false;ocean;0
13261;34;115;255;sea;false;ocean;0
13262;9;101;255;sea;false;ocean;0
13263;25;80;255;sea;false;ocean;0
13264;8;137;255;sea;false;ocean;0
13265;25;94;255;sea;false;ocean;0
13266;32;93;255;sea;false;ocean;0
13267;0;97;255;sea;false;ocean;0
13268;37;86;255;sea;false;ocean;0
13269;32;129;255;sea;false;ocean;0
13270;42;143;255;sea;false;ocean;0
13271;36;81;255;sea;false;ocean;0
13272;97;135;255;sea;false;ocean;0
13273;54;135;255;sea;true;ocean;0
13274;69;118;255;sea;true;ocean;0
13275;50;71;255;sea;true;ocean;0
13276;52;82;255;sea;true;ocean;0
13277;47;82;255;sea;true;ocean;0
13278;94;132;255;sea;true;ocean;0
13279;67;111;255;sea;true;ocean;0
13280;110;121;255;sea;true;ocean;0
13281;84;70;255;sea;true;ocean;0
13282;86;109;255;sea;true;ocean;0
13283;92;80;255;sea;false;ocean;0
13284;75;90;255;sea;false;ocean;0
13285;77;113;255;sea;false;ocean;0
13286;94;100;255;sea;false;ocean;0
13287;121;68;255;sea;true;ocean;0
13288;116;91;255;sea;false;ocean;0
13289;98;97;255;sea;false;ocean;0
13290;121;132;255;sea;false;ocean;0
13291;82;133;255;sea;false;ocean;0
13292;125;137;255;sea;false;ocean;0
13293;124;135;255;sea;true;ocean;0
13294;121;75;255;sea;false;ocean;0
13295;119;80;255;sea;true;ocean;0
13296;129;98;255;sea;false;ocean;0
13297;89;89;255;sea;true;ocean;0
13298;91;123;255;sea;false;ocean;0
13299;153;121;255;sea;false;ocean;0
13300;75;127;255;sea;false;ocean;0
13301;99;52;255;sea;false;ocean;0
13302;35;33;255;sea;false;ocean;0
13303;57;9;255;sea;false;ocean;0
13304;28;0;255;sea;false;ocean;0
13305;39;20;255;sea;false;ocean;0
13306;37;33;255;sea;false;ocean;0
13307;61;48;255;sea;false;ocean;0
13308;82;41;255;sea;false;ocean;0
13309;6;50;255;sea;false;ocean;0
13310;37;66;255;sea;false;ocean;0
13311;38;62;255;sea;false;ocean;0
13312;47;37;255;sea;false;ocean;0
13313;39;29;255;sea;false;ocean;0
13314;8;91;255;sea;false;ocean;0
13315;12;77;255;sea;false;ocean;0
13316;37;90;255;sea;false;ocean;0
13317;32;44;255;sea;false;ocean;0
13318;22;88;255;sea;false;ocean;0
13319;34;66;255;sea;true;ocean;0
13320;25;84;255;sea;false;ocean;0
13321;17;59;255;sea;true;ocean;0
13322;5;58;255;sea;false;ocean;0
13323;51;55;255;sea;false;ocean;0
13324;47;96;255;sea;false;ocean;0
13325;50;50;255;sea;false;ocean;0
13326;23;78;255;sea;false;ocean;0
13327;45;50;255;sea;false;ocean;0
13328;9;93;255;sea;false;ocean;0
13329;0;33;255;sea;false;ocean;0
13330;41;64;255;sea;false;ocean;0
13331;88;7;255;sea;false;ocean;0
13332;106;35;255;sea;false;ocean;0
13333;133;22;255;sea;false;ocean;0
13334;112;1;255;sea;false;ocean;0
13335;123;13;255;sea;false;ocean;0
13336;112;21;255;sea;false;ocean;0
13337;66;37;255;sea;false;ocean;0
13338;91;42;255;sea;false;ocean;0
13339;72;36;255;sea;false;ocean;0
13340;70;22;255;sea;false;ocean;0
13341;71;96;255;sea;false;ocean;0
13342;41;95;255;sea;false;ocean;0
13343;81;159;255;sea;false;ocean;0
13344;35;145;255;sea;false;ocean;0
13345;95;139;255;sea;false;ocean;0
13346;55;137;255;sea;false;ocean;0
13347;59;110;255;sea;false;ocean;0
13348;71;109;255;sea;false;ocean;0
13349;54;101;255;sea;false;ocean;0
13350;97;140;255;sea;false;ocean;0
13351;51;139;255;sea;false;ocean;0
13352;62;132;255;sea;false;ocean;0
13353;51;152;255;sea;false;ocean;0
13354;68;83;255;sea;false;ocean;0
13355;37;157;255;sea;false;ocean;0
13356;82;116;255;sea;false;ocean;0
13357;108;129;255;sea;false;ocean;0
13358;85;148;255;sea;false;ocean;0
13359;45;142;255;sea;false;ocean;0
13360;99;112;255;sea;false;ocean;0
13361;35;75;255;sea;false;ocean;0
13362;37;104;255;sea;false;ocean;0
13363;21;124;255;sea;true;ocean;0
13364;27;108;255;sea;false;ocean;0
13365;17;133;255;sea;true;ocean;0
13366;9;104;255;sea;false;ocean;0
13367;35;109;255;sea;false;ocean;0
13368;21;129;255;sea;false;ocean;0
13369;29;126;255;sea;false;ocean;0
13370;43;93;255;sea;false;ocean;0
13371;33;82;255;sea;false;ocean;0
13372;34;71;255;sea;false;ocean;0
13373;39;68;255;sea;false;ocean;0
13374;26;78;255;sea;false;ocean;0
13375;23;97;255;sea;false;ocean;0
13376;26;136;255;sea;false;ocean;0
13377;30;84;255;sea;true;ocean;0
13378;19;76;255;sea;false;ocean;0
13379;105;85;255;sea;true;ocean;0
13380;110;76;255;sea;false;ocean;0
13381;81;92;255;sea;true;ocean;0
13382;63;63;255;sea;true;ocean;0
13383;134;126;255;sea;true;ocean;0
13384;98;78;255;sea;false;ocean;0
13385;69;67;255;sea;false;ocean;0
13386;38;110;255;sea;true;ocean;0
13387;67;70;255;sea;true;ocean;0
13388;34;124;255;sea;false;ocean;0
13389;13;105;255;sea;false;ocean;0
13390;59;91;255;sea;false;ocean;0
13391;43;80;255;sea;false;ocean;0
13392;33;83;255;sea;false;ocean;0
13393;31;63;255;sea;false;ocean;0
13394;49;82;255;sea;false;ocean;0
13395;55;65;255;sea;false;ocean;0
13396;11;83;255;sea;false;ocean;0
13397;50;45;255;sea;false;ocean;0
13398;61;96;255;sea;false;ocean;0
13399;40;103;255;sea;false;ocean;0
13400;34;69;255;sea;false;ocean;0
13401;4;124;255;sea;false;ocean;0
13402;45;71;255;sea;false;ocean;0
13403;49;79;255;sea;false;ocean;0
13404;23;96;255;sea;false;ocean;0
13405;12;97;255;sea;false;ocean;0
13406;25;111;255;sea;false;ocean;0
13407;51;77;255;sea;false;ocean;0
13408;38;63;255;sea;false;ocean;0
13409;0;101;255;sea;false;ocean;0
13410;30;45;255;sea;false;ocean;0
13411;32;84;255;sea;false;ocean;0
13412;21;54;255;sea;false;ocean;0
13413;10;101;255;sea;false;ocean;0
13414;0;82;255;sea;false;ocean;0
13415;88;11;255;sea;false;ocean;0
13416;65;60;255;sea;false;ocean;0
13417;29;4;255;sea;false;ocean;0
13418;63;31;255;sea;false;ocean;0
13419;88;32;255;sea;false;ocean;0
13420;88;56;255;sea;false;ocean;0
13421;48;62;255;sea;false;ocean;0
13422;54;30;255;sea;false;ocean;0
13423;54;37;255;sea;false;ocean;0
13424;81;4;255;sea;false;ocean;0
13425;15;12;255;sea;false;ocean;0
13426;134;12;255;sea;false;ocean;0
13427;71;23;255;sea;false;ocean;0
13428;118;47;255;sea;false;ocean;0
13429;107;33;255;sea;false;ocean;0
13430;106;60;255;sea;false;ocean;0
13431;82;48;255;sea;false;ocean;0
13432;136;70;255;sea;false;ocean;0
13433;106;70;255;sea;false;ocean;0
13434;86;44;255;sea;false;ocean;0
13435;140;83;255;sea;false;ocean;0
13436;69;60;255;sea;false;ocean;0
13437;82;27;255;sea;false;ocean;0
13438;114;17;255;sea;false;ocean;0
13439;135;21;255;sea;false;ocean;0
13440;110;39;255;sea;false;ocean;0
13441;87;20;255;sea;false;ocean;0
13442;43;15;255;sea;false;ocean;0
13443;6;21;255;sea;false;ocean;0
13444;21;6;255;sea;false;ocean;0
13445;27;42;255;sea;true;ocean;0
13446;9;8;255;sea;false;ocean;0
13447;26;36;255;sea;false;ocean;0
13448;24;35;255;sea;false;ocean;0
13449;17;39;255;sea;false;ocean;0
13450;22;13;255;sea;true;ocean;0
13451;42;33;255;sea;false;ocean;0
13452;5;7;255;sea;false;ocean;0
13453;22;6;255;sea;false;ocean;0
13454;7;24;255;sea;false;ocean;0
13455;52;10;255;sea;true;ocean;0
13456;65;28;255;sea;false;ocean;0
13457;52;27;255;sea;false;ocean;0
13458;127;22;255;sea;false;ocean;0
13459;146;6;255;sea;false;ocean;0
13460;94;6;255;sea;false;ocean;0
13461;154;0;255;sea;false;ocean;0
13462;153;16;255;sea;false;ocean;0
13463;100;14;255;sea;false;ocean;0
13464;133;5;255;sea;false;ocean;0
13465;95;13;255;sea;false;ocean;0
13466;143;6;255;sea;false;ocean;0
13467;108;10;255;sea;false;ocean;0
13468;100;17;255;sea;false;ocean;0
13469;157;41;255;sea;false;ocean;0
13470;131;5;255;sea;false;ocean;0
13471;100;26;255;sea;false;ocean;0
13472;133;41;255;sea;false;ocean;0
13473;118;33;255;sea;false;ocean;0
13474;159;17;255;sea;false;ocean;0
13475;152;5;255;sea;false;ocean;0
13476;139;22;255;sea;false;ocean;0
13477;118;34;255;sea;false;ocean;0
13478;120;2;255;sea;false;ocean;0
13479;118;8;255;sea;false;ocean;0
13480;86;41;255;sea;false;ocean;0
13481;152;28;255;sea;false;ocean;0
13482;116;37;255;sea;false;ocean;0
13483;134;26;255;sea;false;ocean;0
13484;84;32;255;sea;false;ocean;0
13485;127;26;255;sea;false;ocean;0
13486;88;2;255;sea;false;ocean;0
13487;105;33;255;sea;false;ocean;0
13488;133;36;255;sea;false;ocean;0
13489;158;28;255;sea;false;ocean;0
13490;132;33;255;sea;false;ocean;0
13491;146;20;255;sea;false;ocean;0
13492;128;41;255;sea;false;ocean;0
13493;108;4;255;sea;false;ocean;0
13494;141;30;255;sea;false;ocean;0
13495;142;9;255;sea;false;ocean;0
13496;142;118;255;sea;false;ocean;0
13497;155;43;255;sea;false;ocean;0
13498;128;42;255;sea;false;ocean;0
13499;81;80;255;sea;false;ocean;0
13500;84;66;255;sea;false;ocean;0
13501;85;102;255;sea;false;ocean;0
13502;85;79;255;sea;false;ocean;0
13503;150;91;255;sea;false;ocean;0
13504;122;68;255;sea;true;ocean;0
13505;123;73;255;sea;false;ocean;0
13506;124;55;255;sea;false;ocean;0
13507;127;50;255;sea;true;ocean;0
13508;104;75;255;sea;false;ocean;0
13509;103;40;255;sea;false;ocean;0
13510;136;48;255;sea;false;ocean;0
13511;78;52;255;sea;true;ocean;0
13512;83;83;255;sea;false;ocean;0
13513;132;67;255;sea;false;ocean;0
13514;132;91;255;sea;false;ocean;0
13515;102;117;255;sea;false;ocean;0
13516;153;85;255;sea;false;ocean;0
13517;131;78;255;sea;false;ocean;0
13518;120;101;255;sea;false;ocean;0
13519;19;28;255;sea;false;ocean;0
13520;60;48;255;sea;false;ocean;0
13521;20;47;255;sea;false;ocean;0
13522;66;20;255;sea;false;ocean;0
13523;31;33;255;sea;false;ocean;0
13524;81;24;255;sea;false;ocean;0
13525;60;68;255;sea;false;ocean;0
13526;30;6;255;sea;false;ocean;0
13527;44;12;255;sea;false;ocean;0
13528;31;6;255;sea;false;ocean;0
13529;38;2;255;sea;false;ocean;0
13530;42;32;255;sea;false;ocean;0
13531;66;125;255;sea;true;ocean;0
13532;143;120;255;sea;false;ocean;0
13533;100;94;255;sea;false;ocean;0
13534;65;121;255;sea;false;ocean;0
13535;84;157;255;sea;false;ocean;0
13536;75;125;255;sea;true;ocean;0
13537;142;129;255;sea;false;ocean;0
13538;109;82;255;sea;true;ocean;0
13539;71;104;255;sea;false;ocean;0
13540;117;137;255;sea;true;ocean;0
13541;70;145;255;sea;false;ocean;0
13542;91;113;255;sea;false;ocean;0
13543;136;111;255;sea;true;ocean;0
13544;133;136;255;sea;false;ocean;0
13545;120;111;255;sea;false;ocean;0
13546;60;30;255;sea;false;ocean;0
13547;97;50;255;sea;false;ocean;0
13548;31;35;255;sea;true;ocean;0
13549;94;81;255;sea;false;ocean;0
13550;29;59;255;sea;false;ocean;0
13551;101;62;255;sea;false;ocean;0
13552;89;45;255;sea;true;ocean;0
13553;103;29;255;sea;true;ocean;0
13554;85;45;255;sea;false;ocean;0
13555;67;31;255;sea;false;ocean;0
13556;72;50;255;sea;false;ocean;0
13557;88;30;255;sea;true;ocean;0
13558;52;5;255;sea;true;ocean;0
13559;89;57;255;sea;false;ocean;0
13560;26;38;255;sea;false;ocean;0
13561;80;14;255;sea;true;ocean;0
13562;47;35;255;sea;false;ocean;0
13563;66;47;255;sea;true;ocean;0
13564;97;20;255;sea;false;ocean;0
13565;46;26;255;sea;true;ocean;0
13566;83;63;255;sea;true;ocean;0
13567;47;29;255;sea;false;ocean;0
13568;9;49;255;sea;false;ocean;0
13569;49;42;255;sea;false;ocean;0
13570;10;42;255;sea;true;ocean;0
13571;46;47;255;sea;true;ocean;0
13572;10;15;255;sea;false;ocean;0
13573;3;48;255;sea;false;ocean;0
13574;53;14;255;sea;false;ocean;0
13575;2;11;255;sea;false;ocean;0
13576;47;51;255;sea;true;ocean;0
13577;19;36;255;sea;false;ocean;0
13578;51;16;255;sea;false;ocean;0
13579;11;27;255;sea;true;ocean;0
13580;48;17;255;sea;false;ocean;0
13581;3;50;255;sea;false;ocean;0
13582;28;57;255;sea;false;ocean;0
13583;48;10;255;sea;true;ocean;0
13584;23;15;255;sea;false;ocean;0
13585;97;16;255;sea;false;ocean;0
13586;93;53;255;sea;false;ocean;0
13587;117;43;255;sea;false;ocean;0
13588;54;31;255;sea;false;ocean;0
13589;44;9;255;sea;false;ocean;0
13590;103;33;255;sea;false;ocean;0
13591;60;34;255;sea;false;ocean;0
13592;53;49;255;sea;false;ocean;0
13593;77;59;255;sea;false;ocean;0
13594;120;54;255;sea;false;ocean;0
13595;53;3;255;sea;false;ocean;0
13596;73;36;255;sea;false;ocean;0
13597;76;47;255;sea;false;ocean;0
13598;72;75;255;sea;false;ocean;0
13599;42;53;255;sea;false;ocean;0
13600;70;57;255;sea;false;ocean;0
13601;13;47;255;sea;true;ocean;0
13602;14;117;255;sea;false;ocean;0
13603;77;86;255;sea;true;ocean;0
13604;17;62;255;sea;false;ocean;0
13605;75;119;255;sea;false;ocean;0
13606;138;15;255;sea;false;ocean;0
13607;159;40;255;sea;false;ocean;0
13608;142;26;255;sea;false;ocean;0
13609;147;17;255;sea;false;ocean;0
13610;116;39;255;sea;false;ocean;0
13611;140;17;255;sea;true;ocean;0
13612;144;43;255;sea;true;ocean;0
13613;128;21;255;sea;true;ocean;0
13614;110;18;255;sea;false;ocean;0
13615;142;8;255;sea;true;ocean;0
13616;108;19;255;sea;false;ocean;0
13617;157;27;255;sea;false;ocean;0
13618;85;16;255;sea;true;ocean;0
13619;125;36;255;sea;false;ocean;0
13620;113;33;255;sea;false;ocean;0
13621;128;43;255;sea;true;ocean;0
13622;26;35;255;sea;false;ocean;0
13623;23;18;255;sea;false;ocean;0
13624;3;13;255;sea;false;ocean;0
13625;17;42;255;sea;false;ocean;0
13626;50;43;255;sea;false;ocean;0
13627;34;41;255;sea;false;ocean;0
13628;39;51;255;sea;false;ocean;0
13629;62;3;255;sea;false;ocean;0
13630;13;5;255;sea;false;ocean;0
13631;62;15;255;sea;false;ocean;0
13632;14;23;255;sea;false;ocean;0
13633;36;24;255;sea;false;ocean;0
13634;63;23;255;sea;false;ocean;0
13635;19;20;255;sea;false;ocean;0
13636;42;42;255;sea;false;ocean;0
13637;12;23;255;sea;false;ocean;0
13638;33;25;255;sea;false;ocean;0
13639;0;17;255;sea;false;ocean;0
13640;45;45;255;sea;false;ocean;0
13641;67;39;255;sea;false;ocean;0
13642;9;27;255;sea;false;ocean;0
13643;55;25;255;sea;false;ocean;0
13644;66;40;255;sea;false;ocean;0
13645;49;47;255;sea;false;ocean;0
13646;107;40;255;sea;false;ocean;0
13647;114;24;255;sea;false;ocean;0
13648;119;53;255;sea;false;ocean;0
13649;103;90;255;sea;false;ocean;0
13650;137;29;255;sea;false;ocean;0
13651;69;40;255;sea;false;ocean;0
13652;78;59;255;sea;false;ocean;0
13653;107;73;255;sea;false;ocean;0
13654;117;24;255;sea;false;ocean;0
13655;112;39;255;sea;false;ocean;0
13656;104;46;255;sea;false;ocean;0
13657;134;87;255;sea;false;ocean;0
13658;125;29;255;sea;false;ocean;0
13659;91;80;255;sea;false;ocean;0
13660;134;66;255;sea;false;ocean;0
13661;127;48;255;sea;false;ocean;0
13662;119;62;255;sea;false;ocean;0
13663;132;27;255;sea;false;ocean;0
13664;77;91;255;sea;false;ocean;0
13665;105;47;255;sea;false;ocean;0
13666;133;54;255;sea;false;ocean;0
13667;120;41;255;sea;false;ocean;0
13668;64;54;255;sea;true;ocean;0
13669;117;32;255;sea;false;ocean;0
13670;122;81;255;sea;false;ocean;0
13671;135;33;255;sea;false;ocean;0
13672;111;41;255;sea;true;ocean;0
13673;88;69;255;sea;false;ocean;0
13674;65;66;255;sea;false;ocean;0
13675;101;81;255;sea;false;ocean;0
13676;140;27;255;sea;false;ocean;0
13677;86;26;255;sea;false;ocean;0
13678;121;57;255;sea;false;ocean;0
13679;134;75;255;sea;false;ocean;0
13680;136;83;255;sea;false;ocean;0
13681;125;78;255;sea;false;ocean;0
13682;88;73;255;sea;true;ocean;0
13683;121;98;255;sea;false;ocean;0
13684;91;41;255;sea;false;ocean;0
13685;122;86;255;sea;false;ocean;0
13686;85;75;255;sea;false;ocean;0
13687;76;90;255;sea;false;ocean;0
13688;61;102;255;sea;true;ocean;0
13689;115;94;255;sea;false;ocean;0
13690;58;64;255;sea;false;ocean;0
13691;43;68;255;sea;false;ocean;0
13692;72;112;255;sea;false;ocean;0
13693;107;63;255;sea;false;ocean;0
13694;85;76;255;sea;false;ocean;0
13695;121;108;255;sea;false;ocean;0
13696;98;50;255;sea;false;ocean;0
13697;98;36;255;sea;false;ocean;0
13698;97;53;255;sea;false;ocean;0
13699;72;88;255;sea;true;ocean;0
13700;68;69;255;sea;false;ocean;0
13701;11;64;255;sea;false;ocean;0
13702;34;96;255;sea;false;ocean;0
13703;67;51;255;sea;false;ocean;0
13704;3;80;255;sea;false;ocean;0
13705;21;63;255;sea;false;ocean;0
13706;8;92;255;sea;false;ocean;0
13707;44;56;255;sea;false;ocean;0
13708;43;27;255;sea;false;ocean;0
13709;9;46;255;sea;false;ocean;0
13710;145;1;255;sea;true;ocean;0
13711;120;18;255;sea;true;ocean;0
13712;123;0;255;sea;true;ocean;0
13713;114;7;255;sea;false;ocean;0
13714;96;1;255;sea;true;ocean;0
13715;82;43;255;sea;false;ocean;0
13716;59;92;255;sea;false;ocean;0
13717;48;16;255;sea;false;ocean;0
13718;88;77;255;sea;false;ocean;0
13719;110;84;255;sea;false;ocean;0
13720;93;65;255;sea;false;ocean;0
13721;87;32;255;sea;false;ocean;0
13722;72;74;255;sea;false;ocean;0
13723;70;11;255;sea;false;ocean;0
13724;43;33;255;sea;false;ocean;0
13725;77;22;255;sea;false;ocean;0
13726;79;19;255;sea;false;ocean;0
13727;27;12;255;sea;false;ocean;0
13728;76;7;255;sea;false;ocean;0
13729;54;0;255;sea;true;ocean;0
13730;57;3;255;sea;false;ocean;0
13731;45;17;255;sea;true;ocean;0
13732;34;21;255;sea;false;ocean;0
13733;6;37;255;sea;true;ocean;0
13734;82;5;255;sea;false;ocean;0
13735;13;27;255;sea;true;ocean;0
13736;55;30;255;sea;false;ocean;0
13737;57;29;255;sea;false;ocean;0
13738;34;7;255;sea;false;ocean;0
13739;10;26;255;sea;false;ocean;0
13740;72;18;255;sea;true;ocean;0
13741;16;12;255;sea;false;ocean;0
13742;40;34;255;sea;true;ocean;0
13743;10;39;255;sea;false;ocean;0
13744;9;43;255;sea;false;ocean;0
13745;22;47;255;sea;false;ocean;0
13746;15;52;255;sea;false;ocean;0
13747;44;8;255;sea;false;ocean;0
13748;23;40;255;sea;false;ocean;0
13749;9;32;255;sea;false;ocean;0
13750;14;9;255;sea;false;ocean;0
13751;55;34;255;sea;false;ocean;0
13752;31;15;255;sea;false;ocean;0
13753;31;8;255;sea;false;ocean;0
13754;1;32;255;sea;false;ocean;0
13755;17;47;255;sea;false;ocean;0
13756;4;52;255;sea;false;ocean;0
13757;49;17;255;sea;false;ocean;0
13758;22;42;255;sea;false;ocean;0
13759;9;25;255;sea;false;ocean;0
13760;57;13;255;sea;false;ocean;0
13761;39;5;255;sea;false;ocean;0
13762;12;1;255;sea;false;ocean;0
13763;18;68;255;sea;false;ocean;0
13764;18;63;255;sea;false;ocean;0
13765;34;62;255;sea;true;ocean;0
13766;81;50;255;sea;false;ocean;0
13767;63;39;255;sea;false;ocean;0
13768;60;12;255;sea;false;ocean;0
13769;15;29;255;sea;false;ocean;0
13770;32;32;255;sea;false;ocean;0
13771;25;7;255;sea;false;ocean;0
13772;41;21;255;sea;false;ocean;0
13773;12;55;255;sea;false;ocean;0
13774;76;29;255;sea;true;ocean;0
13775;42;39;255;sea;false;ocean;0
13776;43;45;255;sea;false;ocean;0
13777;36;64;255;sea;false;ocean;0
13778;11;72;255;sea;false;ocean;0
13779;26;79;255;sea;false;ocean;0
13780;60;54;255;sea;false;ocean;0
13781;39;17;255;sea;true;ocean;0
13782;38;9;255;sea;false;ocean;0
13783;31;4;255;sea;false;ocean;0
13784;53;66;255;sea;false;ocean;0
13785;65;48;255;sea;false;ocean;0
13786;61;15;255;sea;false;ocean;0
13787;47;7;255;sea;false;ocean;0
13788;11;60;255;sea;false;ocean;0
13789;33;60;255;sea;false;ocean;0
13790;31;16;255;sea;false;ocean;0
13791;9;5;255;sea;false;ocean;0
13792;21;3;255;sea;true;ocean;0
13793;25;31;255;sea;true;ocean;0
13794;3;34;255;sea;false;ocean;0
13795;29;43;255;sea;false;ocean;0
13796;2;50;255;sea;true;ocean;0
13797;3;37;255;sea;false;ocean;0
13798;41;20;255;sea;false;ocean;0
13799;9;16;255;sea;true;ocean;0
13800;38;45;255;sea;true;ocean;0
13801;28;42;255;sea;false;ocean;0
13802;19;30;255;sea;false;ocean;0
13803;21;9;255;sea;false;ocean;0
13804;58;27;255;sea;false;ocean;0
13805;114;56;255;sea;false;ocean;0
13806;78;92;255;sea;false;ocean;0
13807;85;42;255;sea;false;ocean;0
13808;66;33;255;sea;false;ocean;0
13809;87;86;255;sea;false;ocean;0
13810;90;32;255;sea;false;ocean;0
13811;74;24;255;sea;false;ocean;0
13812;105;31;255;sea;false;ocean;0
13813;54;29;255;sea;false;ocean;0
13814;104;92;255;sea;false;ocean;0
13815;105;93;255;sea;false;ocean;0
13816;102;26;255;sea;false;ocean;0
13817;69;64;255;sea;false;ocean;0
13818;62;0;255;sea;false;ocean;0
13819;4;5;255;sea;false;ocean;0
13820;6;6;255;sea;false;ocean;0
13821;48;8;255;sea;false;ocean;0
13822;50;10;255;sea;false;ocean;0
13823;32;45;255;sea;false;ocean;0
13824;21;5;255;sea;false;ocean;0
13825;0;18;255;sea;false;ocean;0
13826;36;48;255;sea;false;ocean;0
13827;39;16;255;sea;false;ocean;0
13828;18;32;255;sea;false;ocean;0
13829;62;8;255;sea;false;ocean;0
13830;40;113;255;sea;false;ocean;0
13831;82;123;255;sea;false;ocean;0
13832;82;150;255;sea;false;ocean;0
13833;31;137;255;sea;false;ocean;0
13834;104;110;255;sea;false;ocean;0
13835;48;120;255;sea;false;ocean;0
13836;70;108;255;sea;false;ocean;0
13837;104;86;255;sea;false;ocean;0
13838;37;118;255;sea;false;ocean;0
13839;62;147;255;sea;false;ocean;0
13840;75;131;255;sea;false;ocean;0
13841;105;110;255;sea;false;ocean;0
13842;52;109;255;sea;false;ocean;0
13843;106;114;255;sea;false;ocean;0
13844;99;91;255;sea;false;ocean;0
13845;110;117;255;sea;false;ocean;0
13846;42;113;255;sea;false;ocean;0
13847;127;120;255;sea;false;ocean;0
13848;83;61;255;sea;false;ocean;0
13849;97;77;255;sea;false;ocean;0
13850;84;59;255;sea;false;ocean;0
13851;56;105;255;sea;false;ocean;0
13852;78;114;255;sea;false;ocean;0
13853;123;93;255;sea;false;ocean;0
13854;76;106;255;sea;false;ocean;0
13855;61;71;255;sea;false;ocean;0
13856;14;45;255;sea;false;ocean;0
13857;11;1;255;sea;false;ocean;0
13858;23;45;255;sea;false;ocean;0
13859;44;41;255;sea;false;ocean;0
13860;27;2;255;sea;false;ocean;0
13861;27;48;255;sea;false;ocean;0
13862;5;56;255;sea;false;ocean;0
13863;12;11;255;sea;false;ocean;0
13864;17;51;255;sea;false;ocean;0
13865;14;40;255;sea;false;ocean;0
13866;26;10;255;sea;false;ocean;0
13867;40;73;255;sea;false;ocean;0
13868;7;43;255;sea;false;ocean;0
13869;55;33;255;sea;false;ocean;0
13870;64;63;255;sea;false;ocean;0
13871;59;19;255;sea;false;ocean;0
13872;17;7;255;sea;false;ocean;0
13873;45;51;255;sea;false;ocean;0
13874;71;32;255;sea;false;ocean;0
13875;19;22;255;sea;false;ocean;0
13876;27;21;255;sea;false;ocean;0
13877;25;36;255;sea;false;ocean;0
13878;67;42;255;sea;false;ocean;0
13879;14;48;255;sea;false;ocean;0
13880;59;30;255;sea;false;ocean;0
13881;35;28;255;sea;false;ocean;0
13882;60;32;255;sea;false;ocean;0
13883;16;68;255;sea;false;ocean;0
13884;14;43;255;sea;false;ocean;0
13885;26;57;255;sea;false;ocean;0
13886;5;43;255;sea;false;ocean;0
13887;35;53;255;sea;false;ocean;0
13888;36;12;255;sea;false;ocean;0
13889;65;54;255;sea;false;ocean;0
13890;54;53;255;sea;false;ocean;0
13891;41;46;255;sea;false;ocean;0
13892;3;45;255;sea;false;ocean;0
13893;8;59;255;sea;false;ocean;0
13894;3;84;255;sea;false;ocean;0
13895;17;30;255;sea;false;ocean;0
13896;63;11;255;sea;false;ocean;0
13897;50;54;255;sea;false;ocean;0
13898;4;58;255;sea;false;ocean;0
13899;63;61;255;sea;false;ocean;0
13900;6;61;255;sea;false;ocean;0
13901;68;58;255;sea;false;ocean;0
13902;40;51;255;sea;false;ocean;0
13903;5;76;255;sea;false;ocean;0
13904;11;74;255;sea;false;ocean;0
13905;7;68;255;sea;false;ocean;0
13906;62;17;255;sea;false;ocean;0
13907;29;56;255;sea;false;ocean;0
13908;60;35;255;sea;false;ocean;0
13909;24;6;255;sea;false;ocean;0
13910;10;53;255;sea;false;ocean;0
13911;21;38;255;sea;false;ocean;0
13912;7;40;255;sea;false;ocean;0
13913;9;19;255;sea;false;ocean;0
13914;35;41;255;sea;false;ocean;0
13915;34;45;255;sea;false;ocean;0
13916;18;40;255;sea;false;ocean;0
13917;13;46;255;sea;false;ocean;0
13918;8;49;255;sea;true;ocean;0
13919;10;40;255;sea;false;ocean;0
13920;24;12;255;sea;false;ocean;0
13921;17;23;255;sea;false;ocean;0
13922;3;6;255;sea;false;ocean;0
13923;12;31;255;sea;false;ocean;0
13924;35;11;255;sea;false;ocean;0
13925;40;7;255;sea;false;ocean;0
13926;27;9;255;sea;false;ocean;0
13927;29;14;255;sea;true;ocean;0
13928;39;36;255;sea;true;ocean;0
13929;34;58;255;sea;false;ocean;0
13930;21;26;255;sea;false;ocean;0
13931;29;27;255;sea;true;ocean;0
13932;3;30;255;sea;false;ocean;0
13933;11;20;255;sea;false;ocean;0
13934;31;11;255;sea;false;ocean;0
13935;4;10;255;sea;false;ocean;0
13936;32;1;255;sea;false;ocean;0
13937;6;24;255;sea;false;ocean;0
13938;24;28;255;sea;false;ocean;0
13939;55;36;255;sea;false;ocean;0
13940;1;7;255;sea;false;ocean;0
13941;0;42;255;sea;false;ocean;0
13942;12;37;255;sea;true;ocean;0
13943;9;37;255;sea;false;ocean;0
13944;65;10;255;sea;true;ocean;0
13945;20;37;255;sea;true;ocean;0
13946;50;20;255;sea;false;ocean;0
13947;73;24;255;sea;true;ocean;0
13948;51;32;255;sea;false;ocean;0
13949;50;39;255;sea;true;ocean;0
13950;47;18;255;sea;false;ocean;0
13951;7;46;255;sea;false;ocean;0
13952;6;27;255;sea;false;ocean;0
13953;52;9;255;sea;true;ocean;0
13954;49;9;255;sea;false;ocean;0
13955;27;1;255;sea;false;ocean;0
13956;47;14;255;sea;false;ocean;0
13957;73;19;255;sea;false;ocean;0
13958;13;37;255;sea;false;ocean;0
13959;125;72;255;sea;false;ocean;0
13960;114;128;255;sea;false;ocean;0
13961;111;62;255;sea;false;ocean;0
13962;112;118;255;sea;false;ocean;0
13963;122;97;255;sea;false;ocean;0
13964;74;128;255;sea;false;ocean;0
13965;77;134;255;sea;false;ocean;0
13966;97;117;255;sea;false;ocean;0
13967;70;123;255;sea;false;ocean;0
13968;129;86;255;sea;false;ocean;0
13969;5;23;255;sea;true;ocean;0
13970;14;31;255;sea;false;ocean;0
13971;35;1;255;sea;false;ocean;0
13972;32;20;255;sea;true;ocean;0
13973;0;1;255;sea;true;ocean;0
13974;28;59;255;sea;true;ocean;0
13975;41;57;255;sea;false;ocean;0
13976;53;40;255;sea;false;ocean;0
13977;17;58;255;sea;false;ocean;0
13978;43;18;255;sea;true;ocean;0
13979;23;57;255;sea;false;ocean;0
13980;42;21;255;sea;false;ocean;0
13981;27;36;255;sea;false;ocean;0
13982;47;25;255;sea;true;ocean;0
13983;9;63;255;sea;true;ocean;0
13984;3;16;255;sea;false;ocean;0
13985;65;47;255;sea;false;ocean;0
13986;24;42;255;sea;false;ocean;0
13987;12;58;255;sea;true;ocean;0
13988;135;8;255;sea;false;ocean;0
13989;87;41;255;sea;false;ocean;0
13990;82;34;255;sea;false;ocean;0
13991;92;12;255;sea;false;ocean;0
13992;73;35;255;sea;false;ocean;0
13993;132;6;255;sea;false;ocean;0
13994;124;37;255;sea;false;ocean;0
13995;110;5;255;sea;false;ocean;0
13996;80;39;255;sea;false;ocean;0
13997;120;14;255;sea;false;ocean;0
13998;30;81;255;sea;false;ocean;0
13999;34;112;255;sea;false;ocean;0
14000;19;42;255;sea;false;ocean;0
14001;1;57;255;sea;false;ocean;0
14002;57;63;255;sea;false;ocean;0
14003;45;102;255;sea;false;ocean;0
14004;62;51;255;sea;false;ocean;0
14005;61;108;255;sea;false;ocean;0
14006;34;39;255;sea;false;ocean;0
14007;41;103;255;sea;false;ocean;0
14008;15;37;255;sea;false;ocean;0
14009;38;55;255;sea;false;ocean;0
14010;90;6;255;sea;false;ocean;0
14011;93;40;255;sea;false;ocean;0
14012;46;76;255;sea;false;ocean;0
14013;71;49;255;sea;false;ocean;0
14014;30;30;255;sea;false;ocean;0
14015;67;41;255;sea;false;ocean;0
14016;84;36;255;sea;false;ocean;0
14017;43;54;255;sea;false;ocean;0
14018;88;66;255;sea;false;ocean;0
14019;67;2;255;sea;false;ocean;0
14020;41;13;255;sea;true;ocean;0
14021;54;74;255;sea;false;ocean;0
14022;57;28;255;sea;false;ocean;0
14023;71;13;255;sea;false;ocean;0
14024;58;36;255;sea;false;ocean;0
14025;53;77;255;sea;false;ocean;0
14026;27;26;255;sea;false;ocean;0
14027;26;60;255;sea;false;ocean;0
14028;44;66;255;sea;false;ocean;0
14029;74;2;255;sea;false;ocean;0
14030;18;76;255;sea;false;ocean;0
14031;26;41;255;sea;false;ocean;0
14032;53;94;255;sea;false;ocean;0
14033;80;77;255;sea;false;ocean;0
14034;62;107;255;sea;false;ocean;0
14035;86;84;255;sea;false;ocean;0
14036;32;74;255;sea;false;ocean;0
14037;25;35;255;sea;false;ocean;0
14038;48;49;255;sea;false;ocean;0
14039;32;60;255;sea;false;ocean;0
14040;55;81;255;sea;false;ocean;0
14041;58;96;255;sea;false;ocean;0
14042;16;81;255;sea;false;ocean;0
14043;66;104;255;sea;false;ocean;0
14044;76;35;255;sea;false;ocean;0
14045;60;70;255;sea;false;ocean;0
14046;35;64;255;sea;false;ocean;0
14047;79;61;255;sea;false;ocean;0
14048;59;89;255;sea;false;ocean;0
14049;41;77;255;sea;false;ocean;0
14050;89;103;255;sea;false;ocean;0
14051;117;102;255;sea;false;ocean;0
14052;97;93;255;sea;false;ocean;0
14053;78;61;255;sea;false;ocean;0
14054;132;127;255;sea;false;ocean;0
14055;127;72;255;sea;false;ocean;0
14056;91;115;255;sea;false;ocean;0
14057;141;112;255;sea;false;ocean;0
14058;114;83;255;sea;false;ocean;0
14059;79;86;255;sea;false;ocean;0
14060;131;82;255;sea;false;ocean;0
14061;79;99;255;sea;false;ocean;0
14062;147;61;255;sea;true;ocean;0
14063;120;68;255;sea;false;ocean;0
14064;103;54;255;sea;false;ocean;0
14065;120;34;255;sea;true;ocean;0
14066;96;55;255;sea;true;ocean;0
14067;148;0;255;sea;false;ocean;0
14068;119;56;255;sea;false;ocean;0
14069;89;38;255;sea;true;ocean;0
14070;152;56;255;sea;false;ocean;0
14071;154;53;255;sea;false;ocean;0
14072;100;39;255;sea;false;ocean;0
14073;102;14;255;sea;false;ocean;0
14074;116;7;255;sea;true;ocean;0
14075;88;33;255;sea;false;ocean;0
14076;129;21;255;sea;true;ocean;0
14077;96;0;255;sea;false;ocean;0
14078;128;61;255;sea;false;ocean;0
14079;147;4;255;sea;false;ocean;0
14080;109;17;255;sea;false;ocean;0
14081;132;21;255;sea;true;ocean;0
14082;61;75;255;sea;false;ocean;0
14083;35;119;255;sea;false;ocean;0
14084;84;47;255;sea;false;ocean;0
14085;87;59;255;sea;false;ocean;0
14086;39;62;255;sea;false;ocean;0
14087;41;105;255;sea;false;ocean;0
14088;40;91;255;sea;false;ocean;0
14089;74;60;255;sea;false;ocean;0
14090;45;60;255;sea;false;ocean;0
14091;86;55;255;sea;false;ocean;0
14092;102;69;255;sea;false;ocean;0
14093;80;46;255;sea;false;ocean;0
14094;57;121;255;sea;false;ocean;0
14095;56;110;255;sea;false;ocean;0
14096;78;69;255;sea;false;ocean;0
14097;33;90;255;sea;false;ocean;0
14098;53;58;255;sea;false;ocean;0
14099;67;112;255;sea;false;ocean;0
14100;71;106;255;sea;false;ocean;0
14101;91;53;255;sea;true;ocean;0
14102;106;67;255;sea;true;ocean;0
14103;60;78;255;sea;false;ocean;0
14104;101;51;255;sea;false;ocean;0
14105;51;110;255;sea;false;ocean;0
14106;92;49;255;sea;true;ocean;0
14107;56;111;255;sea;true;ocean;0
14108;104;78;255;sea;false;ocean;0
14109;81;65;255;sea;true;ocean;0
14110;67;46;255;sea;false;ocean;0
14111;116;36;255;sea;false;ocean;0
14112;54;78;255;sea;true;ocean;0
14113;62;79;255;sea;false;ocean;0
14114;70;34;255;sea;false;ocean;0
14115;93;36;255;sea;false;ocean;0
14116;103;62;255;sea;false;ocean;0
14117;63;77;255;sea;false;ocean;0
14118;61;94;255;sea;false;ocean;0
14119;47;87;255;sea;false;ocean;0
14120;93;84;255;sea;false;ocean;0
14121;41;107;255;sea;false;ocean;0
14122;98;81;255;sea;false;ocean;0
14123;69;51;255;sea;false;ocean;0
14124;76;82;255;sea;false;ocean;0
14125;86;47;255;sea;false;ocean;0
14126;87;66;255;sea;false;ocean;0
14127;61;58;255;sea;false;ocean;0
14128;47;62;255;sea;false;ocean;0
14129;36;67;255;sea;false;ocean;0
14130;15;107;255;sea;false;ocean;0
14131;8;127;255;sea;false;ocean;0
14132;68;115;255;sea;false;ocean;0
14133;13;85;255;sea;false;ocean;0
14134;43;105;255;sea;false;ocean;0
14135;10;113;255;sea;false;ocean;0
14136;42;51;255;sea;false;ocean;0
14137;33;103;255;sea;false;ocean;0
14138;56;56;255;sea;false;ocean;0
14139;63;98;255;sea;false;ocean;0
14140;15;94;255;sea;false;ocean;0
14141;2;88;255;sea;false;ocean;0
14142;40;37;255;sea;true;ocean;0
14143;39;50;255;sea;true;ocean;0
14144;32;21;255;sea;false;ocean;0
14145;4;29;255;sea;false;ocean;0
14146;11;21;255;sea;false;ocean;0
14147;15;60;255;sea;false;ocean;0
14148;30;68;255;sea;false;ocean;0
14149;7;55;255;sea;false;ocean;0
14150;35;74;255;sea;false;ocean;0
14151;9;30;255;sea;false;ocean;0
14152;0;39;255;sea;false;ocean;0
14153;38;95;255;sea;false;ocean;0
14154;31;73;255;sea;false;ocean;0
14155;40;27;255;sea;false;ocean;0
14156;28;37;255;sea;false;ocean;0
14157;33;41;255;sea;false;ocean;0
14158;19;47;255;sea;false;ocean;0
14159;3;53;255;sea;false;ocean;0
14160;0;90;255;sea;true;ocean;0
14161;12;63;255;sea;true;ocean;0
14162;28;78;255;sea;false;ocean;0
14163;1;81;255;sea;false;ocean;0
14164;31;77;255;sea;true;ocean;0
14165;22;50;255;sea;false;ocean;0
14166;40;29;255;sea;true;ocean;0
14167;23;29;255;sea;false;ocean;0
14168;7;98;255;sea;true;ocean;0
14169;25;28;255;sea;false;ocean;0
14170;25;65;255;sea;false;ocean;0
14171;6;87;255;sea;false;ocean;0
14172;30;24;255;sea;false;ocean;0
14173;28;90;255;sea;false;ocean;0
14174;58;72;255;sea;false;ocean;0
14175;119;28;255;sea;false;ocean;0
14176;54;49;255;sea;false;ocean;0
14177;67;84;255;sea;false;ocean;0
14178;82;73;255;sea;false;ocean;0
14179;54;34;255;sea;false;ocean;0
14180;98;69;255;sea;false;ocean;0
14181;76;61;255;sea;false;ocean;0
14182;78;77;255;sea;false;ocean;0
14183;84;60;255;sea;false;ocean;0
14184;116;22;255;sea;false;ocean;0
14185;76;63;255;sea;false;ocean;0
14186;116;86;255;sea;false;ocean;0
14187;80;56;255;sea;false;ocean;0
14188;60;80;255;sea;false;ocean;0
14189;71;20;255;sea;true;ocean;0
14190;14;7;255;sea;false;ocean;0
14191;18;75;255;sea;false;ocean;0
14192;65;77;255;sea;true;ocean;0
14193;63;64;255;sea;false;ocean;0
14194;4;65;255;sea;true;ocean;0
14195;9;41;255;sea;true;ocean;0
14196;64;48;255;sea;false;ocean;0
14197;39;73;255;sea;false;ocean;0
14198;27;54;255;sea;false;ocean;0
14199;57;50;255;sea;true;ocean;0
14200;54;36;255;sea;true;ocean;0
14201;51;37;255;sea;false;ocean;0
14202;36;127;255;sea;false;ocean;0
14203;35;58;255;sea;true;ocean;0
14204;15;102;255;sea;false;ocean;0
14205;19;80;255;sea;false;ocean;0
14206;7;64;255;sea;false;ocean;0
14207;5;114;255;sea;false;ocean;0
14208;18;83;255;sea;false;ocean;0
14209;30;97;255;sea;false;ocean;0
14210;37;72;255;sea;false;ocean;0
14211;14;115;255;sea;false;ocean;0
14212;37;94;255;sea;false;ocean;0
14213;33;115;255;sea;false;ocean;0
14214;24;64;255;sea;false;ocean;0
14215;29;100;255;sea;false;ocean;0
14216;42;83;255;sea;false;ocean;0
14217;36;119;255;sea;false;ocean;0
14218;7;58;255;sea;false;ocean;0
14219;55;24;255;sea;false;ocean;0
14220;0;10;255;sea;false;ocean;0
14221;41;41;255;sea;false;ocean;0
14222;39;40;255;sea;false;ocean;0
14223;17;24;255;sea;false;ocean;0
14224;11;9;255;sea;false;ocean;0
14225;42;43;255;sea;false;ocean;0
14226;17;44;255;sea;false;ocean;0
14227;22;2;255;sea;false;ocean;0
14228;24;19;255;sea;false;ocean;0
14229;12;8;255;sea;false;ocean;0
14230;12;24;255;sea;false;ocean;0
14231;40;36;255;sea;false;ocean;0
14232;83;70;255;sea;false;ocean;0
14233;46;88;255;sea;true;ocean;0
14234;73;100;255;sea;false;ocean;0
14235;14;114;255;sea;true;ocean;0
14236;71;75;255;sea;true;ocean;0
14237;55;123;255;sea;true;ocean;0
14238;26;132;255;sea;true;ocean;0
14239;33;69;255;sea;true;ocean;0
14240;68;96;255;sea;true;ocean;0
14241;73;146;255;sea;false;ocean;0
14242;17;102;255;sea;false;ocean;0
14243;29;73;255;sea;false;ocean;0
14244;46;60;255;sea;false;ocean;0
14245;18;91;255;sea;false;ocean;0
14246;9;88;255;sea;false;ocean;0
14247;29;46;255;sea;false;ocean;0
14248;7;112;255;sea;false;ocean;0
14249;16;112;255;sea;false;ocean;0
14250;35;82;255;sea;false;ocean;0
14251;9;51;255;sea;false;ocean;0
14252;62;70;255;sea;false;ocean;0
14253;51;97;255;sea;false;ocean;0
14254;58;119;255;sea;false;ocean;0
14255;2;76;255;sea;false;ocean;0
14256;26;83;255;sea;false;ocean;0
14257;17;46;255;sea;false;ocean;0
14258;11;78;255;sea;false;ocean;0
14259;52;115;255;sea;false;ocean;0
14260;15;81;255;sea;false;ocean;0
14261;47;79;255;sea;false;ocean;0
14262;3;102;255;sea;false;ocean;0
14263;32;61;255;sea;false;ocean;0
14264;46;111;255;sea;false;ocean;0
14265;4;95;255;sea;false;ocean;0
14266;28;56;255;sea;false;ocean;0
14267;42;84;255;sea;false;ocean;0
14268;0;53;255;sea;false;ocean;0
14269;31;53;255;sea;false;ocean;0
14270;11;110;255;sea;false;ocean;0
14271;1;75;255;sea;false;ocean;0
14272;74;79;255;sea;false;ocean;0
14273;82;50;255;sea;false;ocean;0
14274;47;11;255;sea;false;ocean;0
14275;76;45;255;sea;false;ocean;0
14276;58;17;255;sea;false;ocean;0
14277;93;49;255;sea;false;ocean;0
14278;88;26;255;sea;false;ocean;0
14279;64;65;255;sea;false;ocean;0
14280;77;19;255;sea;false;ocean;0
14281;41;50;255;sea;false;ocean;0
14282;95;15;255;sea;false;ocean;0
14283;64;36;255;sea;false;ocean;0
14284;61;51;255;sea;false;ocean;0
14285;92;86;255;sea;false;ocean;0
14286;67;11;255;sea;false;ocean;0
14287;47;20;255;sea;false;ocean;0
14288;48;45;255;sea;false;ocean;0
14289;32;52;255;sea;false;ocean;0
14290;65;43;255;sea;false;ocean;0
14291;107;89;255;sea;false;ocean;0
14292;82;37;255;sea;false;ocean;0
14293;108;23;255;sea;false;ocean;0
14294;99;68;255;sea;false;ocean;0
14295;78;53;255;sea;false;ocean;0
14296;128;84;255;sea;false;ocean;0
14297;84;39;255;sea;false;ocean;0
14298;69;55;255;sea;false;ocean;0
14299;128;52;255;sea;false;ocean;0
14300;83;74;255;sea;false;ocean;0
14301;140;51;255;sea;false;ocean;0
14302;122;67;255;sea;false;ocean;0
14303;103;112;255;sea;false;ocean;0
14304;107;88;255;sea;false;ocean;0
14305;75;55;255;sea;false;ocean;0
14306;44;73;255;sea;false;ocean;0
14307;62;87;255;sea;false;ocean;0
14308;53;68;255;sea;false;ocean;0
14309;86;31;255;sea;true;ocean;0
14310;127;3;255;sea;true;ocean;0
14311;145;10;255;sea;true;ocean;0
14312;132;13;255;sea;true;ocean;0
14313;113;29;255;sea;true;ocean;0
14314;96;14;255;sea;true;ocean;0
14315;107;19;255;sea;false;ocean;0
14316;94;40;255;sea;true;ocean;0
14317;81;2;255;sea;true;ocean;0
14318;131;7;255;sea;true;ocean;0
14319;86;29;255;sea;true;ocean;0
14320;129;33;255;sea;false;ocean;0
14321;110;26;255;sea;true;ocean;0
14322;98;38;255;sea;true;ocean;0
14323;108;40;255;sea;false;ocean;0
14324;93;16;255;sea;false;ocean;0
14325;119;7;255;sea;false;ocean;0
14326;132;32;255;sea;true;ocean;0
14327;120;33;255;sea;true;ocean;0
14328;1;132;255;sea;true;ocean;0
14329;19;111;255;sea;false;ocean;0
14330;46;56;255;sea;false;ocean;0
14331;5;124;255;sea;false;ocean;0
14332;37;103;255;sea;false;ocean;0
14333;3;88;255;sea;true;ocean;0
14334;32;90;255;sea;true;ocean;0
14335;5;78;255;sea;false;ocean;0
14336;5;71;255;sea;false;ocean;0
14337;20;86;255;sea;false;ocean;0
14338;27;56;255;sea;false;ocean;0
14339;16;91;255;sea;false;ocean;0
14340;7;111;255;sea;true;ocean;0
14341;62;46;255;sea;false;ocean;0
14342;52;93;255;sea;false;ocean;0
14343;81;35;255;sea;false;ocean;0
14344;74;106;255;sea;true;ocean;0
14345;66;84;255;sea;false;ocean;0
14346;62;77;255;sea;false;ocean;0
14347;25;41;255;sea;true;ocean;0
14348;46;108;255;sea;false;ocean;0
14349;20;97;255;sea;false;ocean;0
14350;54;60;255;sea;true;ocean;0
14351;44;48;255;sea;false;ocean;0
14352;70;40;255;sea;false;ocean;0
14353;33;75;255;sea;false;ocean;0
14354;68;45;255;sea;false;ocean;0
14355;113;95;255;sea;false;ocean;0
14356;108;118;255;sea;false;ocean;0
14357;106;117;255;sea;false;ocean;0
14358;119;63;255;sea;false;ocean;0
14359;102;138;255;sea;false;ocean;0
14360;71;126;255;sea;false;ocean;0
14361;103;110;255;sea;false;ocean;0
14362;121;137;255;sea;false;ocean;0
14363;69;108;255;sea;false;ocean;0
14364;103;88;255;sea;true;ocean;0
14365;75;109;255;sea;false;ocean;0
14366;64;125;255;sea;false;ocean;0
14367;109;129;255;sea;false;ocean;0
14368;119;65;255;sea;false;ocean;0
14369;100;70;255;sea;false;ocean;0
14370;80;42;255;sea;false;ocean;0
14371;110;62;255;sea;false;ocean;0
14372;72;23;255;sea;false;ocean;0
14373;61;38;255;sea;false;ocean;0
14374;95;35;255;sea;false;ocean;0
14375;118;24;255;sea;false;ocean;0
14376;88;67;255;sea;false;ocean;0
14377;115;55;255;sea;false;ocean;0
14378;120;56;255;sea;false;ocean;0
14379;108;8;255;sea;false;ocean;0
14380;118;10;255;sea;false;ocean;0
14381;64;49;255;sea;false;ocean;0
14382;96;72;255;sea;false;ocean;0
14383;66;68;255;sea;false;ocean;0
14384;117;54;255;sea;false;ocean;0
14385;121;39;255;sea;false;ocean;0
14386;114;1;255;sea;false;ocean;0
14387;98;51;255;sea;false;ocean;0
14388;73;30;255;sea;false;ocean;0
14389;108;17;255;sea;false;ocean;0
14390;52;29;255;sea;false;ocean;0
14391;98;2;255;sea;false;ocean;0
14392;39;2;255;sea;true;ocean;0
14393;51;28;255;sea;false;ocean;0
14394;80;27;255;sea;false;ocean;0
14395;71;41;255;sea;false;ocean;0
14396;97;8;255;sea;true;ocean;0
14397;47;26;255;sea;false;ocean;0
14398;87;38;255;sea;true;ocean;0
14399;92;23;255;sea;true;ocean;0
14400;71;0;255;sea;false;ocean;0
14401;102;2;255;sea;true;ocean;0
14402;82;31;255;sea;true;ocean;0
14403;88;6;255;sea;false;ocean;0
14404;39;21;255;sea;false;ocean;0
14405;89;24;255;sea;false;ocean;0
14406;110;63;255;sea;false;ocean;0
14407;63;66;255;sea;false;ocean;0
14408;59;31;255;sea;false;ocean;0
14409;33;17;255;sea;false;ocean;0
14410;132;96;255;sea;false;ocean;0
14411;89;96;255;sea;false;ocean;0
14412;68;101;255;sea;true;ocean;0
14413;126;91;255;sea;false;ocean;0
14414;61;89;255;sea;false;ocean;0
14415;121;97;255;sea;false;ocean;0
14416;134;78;255;sea;false;ocean;0
14417;89;76;255;sea;false;ocean;0
14418;63;104;255;sea;true;ocean;0
14419;79;115;255;sea;true;ocean;0
14420;125;70;255;sea;false;ocean;0
14421;67;109;255;sea;false;ocean;0
14422;87;129;255;sea;false;ocean;0
14423;128;81;255;sea;true;ocean;0
14424;98;126;255;sea;false;ocean;0
14425;109;89;255;sea;false;ocean;0
14426;117;134;255;sea;false;ocean;0
14427;120;80;255;sea;false;ocean;0
14428;118;126;255;sea;false;ocean;0
14429;73;108;255;sea;false;ocean;0
14430;67;128;255;sea;false;ocean;0
14431;104;137;255;sea;false;ocean;0
14432;82;98;255;sea;false;ocean;0
14433;126;121;255;sea;false;ocean;0
14434;125;76;255;sea;false;ocean;0
14435;76;112;255;sea;true;ocean;0
14436;133;135;255;sea;false;ocean;0
14437;121;139;255;sea;true;ocean;0
14438;128;120;255;sea;false;ocean;0
14439;68;108;255;sea;false;ocean;0
14440;60;112;255;sea;false;ocean;0
14441;76;64;255;sea;false;ocean;0
14442;80;127;255;sea;false;ocean;0
14443;56;116;255;sea;false;ocean;0
14444;65;78;255;sea;false;ocean;0
14445;84;73;255;sea;true;ocean;0
14446;20;117;255;sea;false;ocean;0
14447;67;55;255;sea;false;ocean;0
14448;28;98;255;sea;false;ocean;0
14449;65;92;255;sea;false;ocean;0
14450;50;123;255;sea;true;ocean;0
14451;84;55;255;sea;false;ocean;0
14452;87;87;255;sea;false;ocean;0
14453;75;77;255;sea;false;ocean;0
14454;37;85;255;sea;false;ocean;0
14455;72;57;255;sea;true;ocean;0
14456;42;60;255;sea;false;ocean;0
14457;69;73;255;sea;true;ocean;0
14458;90;78;255;sea;false;ocean;0
14459;40;64;255;sea;false;ocean;0
14460;46;82;255;sea;false;ocean;0
14461;16;77;255;sea;true;ocean;0
14462;48;128;255;sea;false;ocean;0
14463;42;111;255;sea;true;ocean;0
14464;52;123;255;sea;false;ocean;0
14465;43;107;255;sea;false;ocean;0
14466;28;87;255;sea;false;ocean;0
14467;20;94;255;sea;false;ocean;0
14468;69;58;255;sea;false;ocean;0
14469;6;44;255;sea;false;ocean;0
14470;19;27;255;sea;false;ocean;0
14471;40;48;255;sea;false;ocean;0
14472;54;64;255;sea;false;ocean;0
14473;27;49;255;sea;false;ocean;0
14474;55;72;255;sea;false;ocean;0
14475;45;67;255;sea;false;ocean;0
14476;53;107;255;sea;true;ocean;0
14477;43;88;255;sea;true;ocean;0
14478;79;83;255;sea;true;ocean;0
14479;70;78;255;sea;true;ocean;0
14480;52;79;255;sea;true;ocean;0
14481;64;17;255;sea;true;ocean;0
14482;31;60;255;sea;false;ocean;0
14483;4;68;255;sea;false;ocean;0
14484;53;21;255;sea;false;ocean;0
14485;22;29;255;sea;true;ocean;0
14486;45;38;255;sea;false;ocean;0
14487;52;20;255;sea;false;ocean;0
14488;26;11;255;sea;false;ocean;0
14489;22;33;255;sea;true;ocean;0
14490;46;61;255;sea;false;ocean;0
14491;12;10;255;sea;false;ocean;0
14492;39;24;255;sea;false;ocean;0
14493;6;23;255;sea;false;ocean;0
14494;34;12;255;sea;false;ocean;0
14495;11;59;255;sea;false;ocean;0
14496;30;4;255;sea;false;ocean;0
14497;36;34;255;sea;false;ocean;0
14498;105;136;255;sea;false;ocean;0
14499;80;153;255;sea;false;ocean;0
14500;70;144;255;sea;false;ocean;0
14501;70;163;255;sea;false;ocean;0
14502;60;138;255;sea;true;ocean;0
14503;92;116;255;sea;true;ocean;0
14504;111;162;255;sea;true;ocean;0
14505;108;160;255;sea;true;ocean;0
14506;70;116;255;sea;false;ocean;0
14507;118;109;255;sea;false;ocean;0
14508;86;160;255;sea;true;ocean;0
14509;61;135;255;sea;true;ocean;0
14510;106;79;255;sea;true;ocean;0
14511;100;67;255;sea;false;ocean;0
14512;65;55;255;sea;false;ocean;0
14513;49;73;255;sea;false;ocean;0
14514;59;102;255;sea;false;ocean;0
14515;71;103;255;sea;true;ocean;0
14516;101;49;255;sea;false;ocean;0
14517;87;65;255;sea;true;ocean;0
14518;39;69;255;sea;true;ocean;0
14519;106;92;255;sea;false;ocean;0
14520;77;64;255;sea;true;ocean;0
14521;45;62;255;sea;false;ocean;0
14522;101;33;255;sea;false;ocean;0
14523;50;33;255;sea;true;ocean;0
14524;79;103;255;sea;true;ocean;0
14525;111;87;255;sea;true;ocean;0
14526;45;105;255;sea;false;ocean;0
14527;104;89;255;sea;true;ocean;0
14528;103;130;255;sea;false;ocean;0
14529;109;114;255;sea;false;ocean;0
14530;75;87;255;sea;false;ocean;0
14531;48;102;255;sea;false;ocean;0
14532;121;81;255;sea;false;ocean;0
14533;68;56;255;sea;false;ocean;0
14534;62;129;255;sea;false;ocean;0
14535;65;100;255;sea;false;ocean;0
14536;97;118;255;sea;false;ocean;0
14537;123;59;255;sea;false;ocean;0
14538;96;99;255;sea;false;ocean;0
14539;103;98;255;sea;false;ocean;0
14540;120;95;255;sea;false;ocean;0
14541;47;129;255;sea;false;ocean;0
14542;62;81;255;sea;false;ocean;0
14543;59;122;255;sea;false;ocean;0
14544;77;66;255;sea;false;ocean;0
14545;87;107;255;sea;false;ocean;0
14546;97;71;255;sea;false;ocean;0
14547;96;57;255;sea;false;ocean;0
14548;132;56;255;sea;false;ocean;0
14549;117;17;255;sea;false;ocean;0
14550;87;77;255;sea;true;ocean;0
14551;157;34;255;sea;true;ocean;0
14552;82;3;255;sea;false;ocean;0
14553;142;49;255;sea;false;ocean;0
14554;134;40;255;sea;true;ocean;0
14555;89;46;255;sea;true;ocean;0
14556;105;6;255;sea;false;ocean;0
14557;132;60;255;sea;false;ocean;0
14558;94;66;255;sea;false;ocean;0
14559;138;68;255;sea;false;ocean;0
14560;22;119;255;sea;true;ocean;0
14561;13;53;255;sea;true;ocean;0
14562;15;75;255;sea;false;ocean;0
14563;66;54;255;sea;true;ocean;0
14564;57;111;255;sea;false;ocean;0
14565;52;55;255;sea;false;ocean;0
14566;42;89;255;sea;true;ocean;0
14567;45;115;255;sea;false;ocean;0
14568;13;92;255;sea;true;ocean;0
14569;42;66;255;sea;false;ocean;0
14570;10;87;255;sea;false;ocean;0
14571;31;72;255;sea;true;ocean;0
14572;43;84;255;sea;true;ocean;0
14573;11;62;255;sea;false;ocean;0
14574;15;50;255;sea;true;ocean;0
14575;55;40;255;sea;false;ocean;0
14576;108;9;255;sea;false;ocean;0
14577;114;20;255;sea;false;ocean;0
14578;59;12;255;sea;false;ocean;0
14579;53;10;255;sea;false;ocean;0
14580;74;20;255;sea;false;ocean;0
14581;108;6;255;sea;false;ocean;0
14582;72;25;255;sea;false;ocean;0
14583;103;3;255;sea;false;ocean;0
14584;67;18;255;sea;false;ocean;0
14585;64;13;255;sea;false;ocean;0
14586;94;12;255;sea;false;ocean;0
14587;101;2;255;sea;false;ocean;0
14588;102;24;255;sea;false;ocean;0
14589;120;17;255;sea;false;ocean;0
14590;115;37;255;sea;false;ocean;0
14591;123;18;255;sea;false;ocean;0
14592;147;113;255;sea;false;ocean;0
14593;121;136;255;sea;false;ocean;0
14594;141;100;255;sea;false;ocean;0
14595;77;99;255;sea;false;ocean;0
14596;109;139;255;sea;false;ocean;0
14597;134;141;255;sea;false;ocean;0
14598;140;85;255;sea;false;ocean;0
14599;131;71;255;sea;false;ocean;0
14600;145;86;255;sea;false;ocean;0
14601;135;108;255;sea;false;ocean;0
14602;103;66;255;sea;false;ocean;0
14603;88;87;255;sea;false;ocean;0
14604;133;123;255;sea;false;ocean;0
14605;120;114;255;sea;false;ocean;0
14606;112;117;255;sea;false;ocean;0
14607;92;106;255;sea;false;ocean;0
14608;72;72;255;sea;false;ocean;0
14609;72;140;255;sea;false;ocean;0
14610;151;75;255;sea;false;ocean;0
14611;125;104;255;sea;false;ocean;0
14612;52;40;255;sea;false;ocean;0
14613;4;30;255;sea;true;ocean;0
14614;53;30;255;sea;false;ocean;0
14615;75;61;255;sea;false;ocean;0
14616;27;14;255;sea;false;ocean;0
14617;22;48;255;sea;false;ocean;0
14618;50;26;255;sea;true;ocean;0
14619;29;60;255;sea;true;ocean;0
14620;48;56;255;sea;false;ocean;0
14621;51;8;255;sea;false;ocean;0
14622;51;31;255;sea;false;ocean;0
14623;13;39;255;sea;false;ocean;0
14624;23;67;255;sea;false;ocean;0
14625;76;36;255;sea;false;ocean;0
14626;7;73;255;sea;false;ocean;0
14627;41;60;255;sea;false;ocean;0
14628;21;55;255;sea;true;ocean;0
14629;46;34;255;sea;false;ocean;0
14630;6;46;255;sea;false;ocean;0
14631;50;19;255;sea;true;ocean;0
14632;31;42;255;sea;true;ocean;0
14633;76;9;255;sea;false;ocean;0
14634;77;42;255;sea;false;ocean;0
14635;70;26;255;sea;false;ocean;0
14636;74;42;255;sea;true;ocean;0
14637;34;13;255;sea;false;ocean;0
14638;94;7;255;sea;true;ocean;0
14639;41;6;255;sea;false;ocean;0
14640;87;18;255;sea;false;ocean;0
14641;38;33;255;sea;false;ocean;0
14642;100;23;255;sea;false;ocean;0
14643;42;28;255;sea;true;ocean;0
14644;37;30;255;sea;false;ocean;0
14645;58;37;255;sea;true;ocean;0
14646;43;4;255;sea;false;ocean;0
14647;62;20;255;sea;true;ocean;0
14648;85;17;255;sea;false;ocean;0
14649;84;21;255;sea;true;ocean;0
14650;25;9;255;sea;true;ocean;0
14651;79;59;255;sea;false;ocean;0
14652;90;41;255;sea;false;ocean;0
14653;131;69;255;sea;false;ocean;0
14654;154;76;255;sea;true;ocean;0
14655;153;29;255;sea;false;ocean;0
14656;120;52;255;sea;true;ocean;0
14657;150;90;255;sea;false;ocean;0
14658;100;52;255;sea;true;ocean;0
14659;134;45;255;sea;false;ocean;0
14660;80;90;255;sea;false;ocean;0
14661;92;39;255;sea;true;ocean;0
14662;150;39;255;sea;false;ocean;0
14663;108;54;255;sea;true;ocean;0
14664;120;36;255;sea;true;ocean;0
14665;149;85;255;sea;false;ocean;0
14666;92;68;255;sea;true;ocean;0
14667;95;50;255;sea;true;ocean;0
14668;114;101;255;sea;false;ocean;0
14669;115;42;255;sea;false;ocean;0
14670;101;94;255;sea;true;ocean;0
14671;128;96;255;sea;false;ocean;0
14672;146;94;255;sea;false;ocean;0
14673;131;75;255;sea;true;ocean;0
14674;120;59;255;sea;false;ocean;0
14675;108;81;255;sea;false;ocean;0
14676;135;102;255;sea;false;ocean;0
14677;92;73;255;sea;false;ocean;0
14678;162;126;255;sea;false;ocean;0
14679;132;95;255;sea;false;ocean;0
14680;125;124;255;sea;true;ocean;0
14681;132;66;255;sea;false;ocean;0
14682;147;106;255;sea;false;ocean;0
14683;153;95;255;sea;true;ocean;0
14684;154;124;255;sea;false;ocean;0
14685;88;63;255;sea;false;ocean;0
14686;131;112;255;sea;true;ocean;0
14687;116;107;255;sea;true;ocean;0
14688;163;67;255;sea;false;ocean;0
14689;135;110;255;sea;false;ocean;0
14690;5;0;255;sea;false;ocean;0
14691;21;2;255;sea;false;ocean;0
14692;52;77;255;sea;false;ocean;0
14693;29;23;255;sea;false;ocean;0
14694;28;73;255;sea;false;ocean;0
14695;28;13;255;sea;false;ocean;0
14696;48;38;255;sea;false;ocean;0
14697;24;45;255;sea;false;ocean;0
14698;52;73;255;sea;false;ocean;0
14699;32;38;255;sea;false;ocean;0
14700;50;40;255;sea;false;ocean;0
14701;21;27;255;sea;false;ocean;0
14702;25;26;255;sea;false;ocean;0
14703;17;10;255;sea;false;ocean;0
14704;27;27;255;sea;false;ocean;0
14705;33;34;255;sea;false;ocean;0
14706;45;25;255;sea;false;ocean;0
14707;123;41;255;sea;false;ocean;0
14708;127;37;255;sea;false;ocean;0
14709;126;41;255;sea;true;ocean;0
14710;103;50;255;sea;true;ocean;0
14711;56;22;255;sea;false;ocean;0
14712;108;32;255;sea;true;ocean;0
14713;75;10;255;sea;false;ocean;0
14714;113;5;255;sea;false;ocean;0
14715;91;46;255;sea;false;ocean;0
14716;105;42;255;sea;false;ocean;0
14717;97;2;255;sea;false;ocean;0
14718;67;12;255;sea;false;ocean;0
14719;85;40;255;sea;false;ocean;0
14720;56;48;255;sea;false;ocean;0
14721;52;1;255;sea;false;ocean;0
14722;71;36;255;sea;true;ocean;0
14723;128;50;255;sea;false;ocean;0
14724;69;12;255;sea;false;ocean;0
14725;71;15;255;sea;false;ocean;0
14726;97;4;255;sea;false;ocean;0
14727;108;14;255;sea;true;ocean;0
14728;90;29;255;sea;false;ocean;0
14729;84;43;255;sea;true;ocean;0
14730;44;76;255;sea;true;ocean;0
14731;35;71;255;sea;true;ocean;0
14732;46;41;255;sea;true;ocean;0
14733;68;26;255;sea;false;ocean;0
14734;98;98;255;sea;true;ocean;0
14735;105;62;255;sea;false;ocean;0
14736;89;87;255;sea;false;ocean;0
14737;96;35;255;sea;false;ocean;0
14738;65;63;255;sea;true;ocean;0
14739;41;32;255;sea;false;ocean;0
14740;79;72;255;sea;false;ocean;0
14741;79;50;255;sea;true;ocean;0
14742;56;79;255;sea;true;ocean;0
14743;36;95;255;sea;true;ocean;0
14744;34;90;255;sea;true;ocean;0
14745;29;48;255;sea;true;ocean;0
14746;51;33;255;sea;false;ocean;0
14747;37;39;255;sea;false;ocean;0
14748;12;102;255;sea;true;ocean;0
14749;61;70;255;sea;false;ocean;0
14750;76;53;255;sea;true;ocean;0
14751;86;91;255;sea;false;ocean;0
14752;1;60;255;sea;false;ocean;0
14753;20;5;255;sea;false;ocean;0
14754;43;11;255;sea;false;ocean;0
14755;12;39;255;sea;false;ocean;0
14756;47;53;255;sea;false;ocean;0
14757;52;49;255;sea;false;ocean;0
14758;4;14;255;sea;false;ocean;0
14759;43;17;255;sea;false;ocean;0
14760;23;12;255;sea;false;ocean;0
14761;55;45;255;sea;false;ocean;0
14762;29;52;255;sea;false;ocean;0
14763;44;68;255;sea;false;ocean;0
14764;3;43;255;sea;false;ocean;0
14765;16;48;255;sea;false;ocean;0
14766;28;5;255;sea;false;ocean;0
14767;34;10;255;sea;false;ocean;0
14768;49;37;255;sea;false;ocean;0
14769;25;37;255;sea;false;ocean;0
14770;60;62;255;sea;false;ocean;0
14771;8;9;255;sea;false;ocean;0
14772;32;48;255;sea;false;ocean;0
14773;24;2;255;sea;false;ocean;0
14774;9;57;255;sea;false;ocean;0
14775;34;11;255;sea;false;ocean;0
14776;12;33;255;sea;false;ocean;0
14777;50;42;255;sea;false;ocean;0
14778;25;6;255;sea;false;ocean;0
14779;47;71;255;sea;false;ocean;0
14780;52;3;255;sea;false;ocean;0
14781;44;51;255;sea;false;ocean;0
14782;25;17;255;sea;false;ocean;0
14783;35;23;255;sea;false;ocean;0
14784;41;22;255;sea;false;ocean;0
14785;10;23;255;sea;false;ocean;0
14786;20;2;255;sea;false;ocean;0
14787;11;47;255;sea;false;ocean;0
14788;23;103;255;sea;false;ocean;0
14789;65;111;255;sea;false;ocean;0
14790;34;93;255;sea;false;ocean;0
14791;54;132;255;sea;false;ocean;0
14792;21;136;255;sea;false;ocean;0
14793;58;121;255;sea;false;ocean;0
14794;24;108;255;sea;false;ocean;0
14795;51;128;255;sea;false;ocean;0
14796;6;131;255;sea;false;ocean;0
14797;46;119;255;sea;false;ocean;0
14798;11;119;255;sea;false;ocean;0
14799;17;121;255;sea;false;ocean;0
14800;89;22;255;sea;false;ocean;0
14801;83;48;255;sea;true;ocean;0
14802;82;18;255;sea;false;ocean;0
14803;72;38;255;sea;false;ocean;0
14804;74;72;255;sea;true;ocean;0
14805;109;86;255;sea;false;ocean;0
14806;113;62;255;sea;false;ocean;0
14807;143;83;255;sea;true;ocean;0
14808;101;41;255;sea;false;ocean;0
14809;126;12;255;sea;false;ocean;0
14810;79;7;255;sea;false;ocean;0
14811;146;66;255;sea;true;ocean;0
14812;77;51;255;sea;false;ocean;0
14813;121;41;255;sea;true;ocean;0
14814;99;20;255;sea;true;ocean;0
14815;82;30;255;sea;true;ocean;0
14816;71;78;255;sea;true;ocean;0
14817;81;49;255;sea;false;ocean;0
14818;82;66;255;sea;true;ocean;0
14819;147;48;255;sea;false;ocean;0
14820;141;69;255;sea;true;ocean;0
14821;86;82;255;sea;false;ocean;0
14822;97;84;255;sea;false;ocean;0
14823;83;33;255;sea;false;ocean;0
14824;72;9;255;sea;false;ocean;0
14825;123;22;255;sea;false;ocean;0
14826;95;47;255;sea;false;ocean;0
14827;116;81;255;sea;false;ocean;0
14828;148;48;255;sea;false;ocean;0
14829;100;80;255;sea;false;ocean;0
14830;139;19;255;sea;true;ocean;0
14831;135;66;255;sea;true;ocean;0
14832;122;55;255;sea;false;ocean;0
14833;139;74;255;sea;true;ocean;0
14834;99;160;255;sea;false;ocean;0
14835;61;128;255;sea;false;ocean;0
14836;111;139;255;sea;true;ocean;0
14837;39;85;255;sea;false;ocean;0
14838;45;111;255;sea;false;ocean;0
14839;110;136;255;sea;false;ocean;0
14840;50;89;255;sea;false;ocean;0
14841;54;145;255;sea;false;ocean;0
14842;63;113;255;sea;false;ocean;0
14843;112;150;255;sea;false;ocean;0
14844;80;134;255;sea;false;ocean;0
14845;112;149;255;sea;false;ocean;0
14846;39;125;255;sea;true;ocean;0
14847;99;147;255;sea;false;ocean;0
14848;114;158;255;sea;true;ocean;0
14849;48;130;255;sea;false;ocean;0
14850;88;151;255;sea;false;ocean;0
14851;79;129;255;sea;false;ocean;0
14852;95;163;255;sea;false;ocean;0
14853;101;150;255;sea;false;ocean;0
14854;69;124;255;sea;true;ocean;0
14855;80;124;255;sea;false;ocean;0
14856;63;135;255;sea;false;ocean;0
14857;41;104;255;sea;false;ocean;0
14858;78;144;255;sea;false;ocean;0
14859;75;150;255;sea;false;ocean;0
14860;108;138;255;sea;false;ocean;0
14861;97;94;255;sea;false;ocean;0
14862;89;108;255;sea;false;ocean;0
14863;86;108;255;sea;false;ocean;0
14864;85;2;255;sea;false;ocean;0
14865;89;2;255;sea;true;ocean;0
14866;148;52;255;sea;true;ocean;0
14867;124;16;255;sea;false;ocean;0
14868;108;15;255;sea;true;ocean;0
14869;134;34;255;sea;false;ocean;0
14870;129;28;255;sea;true;ocean;0
14871;93;74;255;sea;true;ocean;0
14872;148;3;255;sea;false;ocean;0
14873;92;46;255;sea;false;ocean;0
14874;100;51;255;sea;true;ocean;0
14875;112;65;255;sea;false;ocean;0
14876;136;45;255;sea;true;ocean;0
14877;126;35;255;sea;true;ocean;0
14878;56;43;255;sea;true;ocean;0
14879;104;12;255;sea;true;ocean;0
14880;87;31;255;sea;false;ocean;0
14881;86;13;255;sea;false;ocean;0
14882;76;39;255;sea;false;ocean;0
14883;120;39;255;sea;true;ocean;0
14884;87;21;255;sea;false;ocean;0
14885;53;7;255;sea;false;ocean;0
14886;111;18;255;sea;true;ocean;0
14887;101;17;255;sea;true;ocean;0
14888;72;5;255;sea;true;ocean;0
14889;69;28;255;sea;false;ocean;0
14890;84;40;255;sea;false;ocean;0
14891;55;35;255;sea;false;ocean;0
14892;76;43;255;sea;true;ocean;0
14893;75;59;255;sea;true;ocean;0
14894;96;53;255;sea;false;ocean;0
14895;79;29;255;sea;false;ocean;0
14896;107;45;255;sea;false;ocean;0
14897;89;44;255;sea;true;ocean;0
14898;71;68;255;sea;false;ocean;0
14899;74;80;255;sea;false;ocean;0
14900;92;65;255;sea;true;ocean;0
14901;60;75;255;sea;true;ocean;0
14902;118;89;255;sea;false;ocean;0
14903;125;45;255;sea;true;ocean;0
14904;133;49;255;sea;false;ocean;0
14905;81;100;255;sea;false;ocean;0
14906;46;127;255;sea;false;ocean;0
14907;97;139;255;sea;false;ocean;0
14908;61;120;255;sea;true;ocean;0
14909;47;146;255;sea;true;ocean;0
14910;69;101;255;sea;true;ocean;0
14911;88;135;255;sea;true;ocean;0
14912;107;136;255;sea;false;ocean;0
14913;95;121;255;sea;false;ocean;0
14914;90;96;255;sea;true;ocean;0
14915;44;132;255;sea;false;ocean;0
14916;41;16;255;sea;false;ocean;0
14917;64;31;255;sea;false;ocean;0
14918;19;10;255;sea;false;ocean;0
14919;67;6;255;sea;false;ocean;0
14920;46;25;255;sea;false;ocean;0
14921;13;50;255;sea;false;ocean;0
14922;15;21;255;sea;false;ocean;0
14923;34;9;255;sea;false;ocean;0
14924;66;2;255;sea;false;ocean;0
14925;125;109;255;sea;true;ocean;0
14926;104;102;255;sea;false;ocean;0
14927;115;123;255;sea;false;ocean;0
14928;117;117;255;sea;true;ocean;0
14929;110;96;255;sea;false;ocean;0
14930;100;114;255;sea;false;ocean;0
14931;96;85;255;sea;true;ocean;0
14932;65;83;255;sea;true;ocean;0
14933;49;105;255;sea;true;ocean;0
14934;118;103;255;sea;true;ocean;0
14935;75;66;255;sea;false;ocean;0
14936;53;119;255;sea;true;ocean;0
14937;96;101;255;sea;true;ocean;0
14938;96;105;255;sea;true;ocean;0
14939;86;138;255;sea;true;ocean;0
14940;123;107;255;sea;true;ocean;0
14941;77;65;255;sea;false;ocean;0
14942;45;44;255;sea;false;ocean;0
14943;7;20;255;sea;false;ocean;0
14944;45;59;255;sea;false;ocean;0
14945;21;58;255;sea;false;ocean;0
14946;55;67;255;sea;false;ocean;0
14947;73;25;255;sea;false;ocean;0
14948;9;20;255;sea;false;ocean;0
14949;68;47;255;sea;false;ocean;0
14950;20;16;255;sea;false;ocean;0
14951;64;55;255;sea;false;ocean;0
14952;13;48;255;sea;false;ocean;0
14953;22;41;255;sea;false;ocean;0
14954;72;31;255;sea;false;ocean;0
14955;55;10;255;sea;false;ocean;0
14956;57;34;255;sea;false;ocean;0
14957;24;56;255;sea;false;ocean;0
14958;52;21;255;sea;false;ocean;0
14959;59;22;255;sea;false;ocean;0
14960;44;16;255;sea;false;ocean;0
14961;84;132;255;sea;false;ocean;0
14962;84;93;255;sea;true;ocean;0
14963;143;121;255;sea;true;ocean;0
14964;87;67;255;sea;false;ocean;0
14965;126;96;255;sea;true;ocean;0
14966;109;70;255;sea;true;ocean;0
14967;102;85;255;sea;false;ocean;0
14968;114;60;255;sea;true;ocean;0
14969;148;105;255;sea;false;ocean;0
14970;111;76;255;sea;true;ocean;0
14971;151;96;255;sea;true;ocean;0
14972;110;108;255;sea;false;ocean;0
14973;127;93;255;sea;true;ocean;0
14974;91;116;255;sea;true;ocean;0
14975;79;45;255;sea;false;ocean;0
14976;54;65;255;sea;false;ocean;0
14977;104;52;255;sea;false;ocean;0
14978;65;57;255;sea;false;ocean;0
14979;54;15;255;sea;false;ocean;0
14980;94;59;255;sea;false;ocean;0
14981;61;80;255;sea;false;ocean;0
14982;98;24;255;sea;false;ocean;0
14983;106;25;255;sea;true;ocean;0
14984;120;81;255;sea;false;ocean;0
14985;117;13;255;sea;false;ocean;0
14986;61;1;255;sea;true;ocean;0
14987;78;63;255;sea;false;ocean;0
14988;73;22;255;sea;false;ocean;0
14989;87;19;255;sea;false;ocean;0
14990;114;12;255;sea;false;ocean;0
14991;76;24;255;sea;false;ocean;0
14992;112;57;255;sea;false;ocean;0
14993;70;27;255;sea;false;ocean;0
14994;94;11;255;sea;false;ocean;0
14995;26;115;255;sea;false;ocean;0
14996;33;112;255;sea;false;ocean;0
14997;40;100;255;sea;false;ocean;0
14998;7;44;255;sea;false;ocean;0
14999;14;110;255;sea;false;ocean;0
15000;32;79;255;sea;false;ocean;0
15001;25;56;255;sea;false;ocean;0
15002;20;63;255;sea;false;ocean;0
15003;10;108;255;sea;false;ocean;0
15004;34;91;255;sea;false;ocean;0
15005;7;94;255;sea;false;ocean;0
15006;18;110;255;sea;false;ocean;0
15007;30;58;255;sea;false;ocean;0
15008;14;109;255;sea;false;ocean;0
15009;14;119;255;sea;false;ocean;0
15010;41;118;255;sea;false;ocean;0
15011;44;58;255;sea;false;ocean;0
15012;81;112;255;sea;false;ocean;0
15013;45;66;255;sea;true;ocean;0
15014;27;88;255;sea;true;ocean;0
15015;44;49;255;sea;false;ocean;0
15016;40;47;255;sea;false;ocean;0
15017;77;120;255;sea;true;ocean;0
15018;66;99;255;sea;false;ocean;0
15019;81;81;255;sea;false;ocean;0
15020;86;112;255;sea;false;ocean;0
15021;29;113;255;sea;false;ocean;0
15022;78;79;255;sea;false;ocean;0
15023;17;64;255;sea;false;ocean;0
15024;93;102;255;sea;true;ocean;0
15025;134;80;255;sea;true;ocean;0
15026;157;18;255;sea;true;ocean;0
15027;123;8;255;sea;true;ocean;0
15028;116;34;255;sea;true;ocean;0
15029;152;40;255;sea;false;ocean;0
15030;135;25;255;sea;true;ocean;0
15031;86;40;255;sea;false;ocean;0
15032;124;40;255;sea;true;ocean;0
15033;164;6;255;sea;false;ocean;0
15034;158;22;255;sea;false;ocean;0
15035;117;10;255;sea;true;ocean;0
15036;113;11;255;sea;true;ocean;0
15037;115;61;255;sea;true;ocean;0
15038;133;27;255;sea;false;ocean;0
15039;75;82;255;sea;false;ocean;0
15040;121;138;255;sea;false;ocean;0
15041;68;138;255;sea;false;ocean;0
15042;72;98;255;sea;false;ocean;0
15043;64;80;255;sea;false;ocean;0
15044;86;99;255;sea;false;ocean;0
15045;72;94;255;sea;false;ocean;0
15046;136;71;255;sea;false;ocean;0
15047;136;104;255;sea;false;ocean;0
15048;100;119;255;sea;false;ocean;0
15049;67;102;255;sea;false;ocean;0
15050;136;106;255;sea;false;ocean;0
15051;95;120;255;sea;false;ocean;0
15052;83;118;255;sea;false;ocean;0
15053;79;102;255;sea;false;ocean;0
15054;63;67;255;sea;false;ocean;0
15055;85;121;255;sea;false;ocean;0
15056;80;135;255;sea;false;ocean;0
15057;131;114;255;sea;false;ocean;0
15058;96;93;255;sea;false;ocean;0
15059;112;137;255;sea;false;ocean;0
15060;99;65;255;sea;false;ocean;0
15061;70;126;255;sea;false;ocean;0
15062;80;102;255;sea;false;ocean;0
15063;67;108;255;sea;false;ocean;0
15064;53;65;255;sea;true;ocean;0
15065;33;29;255;sea;true;ocean;0
15066;68;66;255;sea;false;ocean;0
15067;79;5;255;sea;false;ocean;0
15068;49;60;255;sea;false;ocean;0
15069;52;54;255;sea;false;ocean;0
15070;21;31;255;sea;true;ocean;0
15071;76;3;255;sea;false;ocean;0
15072;45;56;255;sea;false;ocean;0
15073;60;55;255;sea;false;ocean;0
15074;33;7;255;sea;false;ocean;0
15075;38;39;255;sea;false;ocean;0
15076;60;28;255;sea;false;ocean;0
15077;81;14;255;sea;true;ocean;0
15078;25;30;255;sea;false;ocean;0
15079;47;5;255;sea;true;ocean;0
15080;33;2;255;sea;false;ocean;0
15081;22;35;255;sea;false;ocean;0
15082;3;118;255;sea;false;ocean;0
15083;30;73;255;sea;false;ocean;0
15084;20;105;255;sea;false;ocean;0
15085;1;119;255;sea;false;ocean;0
15086;60;113;255;sea;false;ocean;0
15087;44;82;255;sea;false;ocean;0
15088;44;131;255;sea;false;ocean;0
15089;31;80;255;sea;false;ocean;0
15090;2;104;255;sea;false;ocean;0
15091;30;67;255;sea;false;ocean;0
15092;27;96;255;sea;false;ocean;0
15093;60;69;255;sea;false;ocean;0
15094;61;112;255;sea;false;ocean;0
15095;61;127;255;sea;false;ocean;0
15096;77;108;255;sea;false;ocean;0
15097;37;110;255;sea;false;ocean;0
15098;30;79;255;sea;true;ocean;0
15099;37;133;255;sea;true;ocean;0
15100;2;137;255;sea;true;ocean;0
15101;0;142;255;sea;true;ocean;0
15102;76;116;255;sea;true;ocean;0
15103;73;125;255;sea;false;ocean;0
15104;52;118;255;sea;true;ocean;0
15105;63;124;255;sea;false;ocean;0
15106;24;96;255;sea;false;ocean;0
15107;62;109;255;sea;true;ocean;0
15108;50;82;255;sea;true;ocean;0
15109;51;121;255;sea;true;ocean;0
15110;10;117;255;sea;false;ocean;0
15111;69;107;255;sea;false;ocean;0
15112;6;112;255;sea;true;ocean;0
15113;53;103;255;sea;false;ocean;0
15114;55;105;255;sea;false;ocean;0
15115;16;147;255;sea;true;ocean;0
15116;60;147;255;sea;false;ocean;0
15117;37;148;255;sea;false;ocean;0
15118;45;34;255;sea;false;ocean;0
15119;26;70;255;sea;false;ocean;0
15120;31;87;255;sea;true;ocean;0
15121;15;83;255;sea;true;ocean;0
15122;44;72;255;sea;false;ocean;0
15123;52;45;255;sea;false;ocean;0
15124;40;54;255;sea;false;ocean;0
15125;26;73;255;sea;true;ocean;0
15126;55;27;255;sea;false;ocean;0
15127;12;38;255;sea;false;ocean;0
15128;7;62;255;sea;false;ocean;0
15129;25;34;255;sea;true;ocean;0
15130;39;14;255;sea;false;ocean;0
15131;45;9;255;sea;false;ocean;0
15132;88;48;255;sea;false;ocean;0
15133;78;58;255;sea;false;ocean;0
15134;60;44;255;sea;true;ocean;0
15135;38;21;255;sea;true;ocean;0
15136;13;25;255;sea;true;ocean;0
15137;27;83;255;sea;true;ocean;0
15138;46;40;255;sea;false;ocean;0
15139;67;15;255;sea;true;ocean;0
15140;32;64;255;sea;true;ocean;0
15141;55;6;255;sea;false;ocean;0
15142;16;40;255;sea;true;ocean;0
15143;26;18;255;sea;false;ocean;0
15144;41;40;255;sea;false;ocean;0
15145;65;25;255;sea;true;ocean;0
15146;54;25;255;sea;false;ocean;0
15147;89;26;255;sea;true;ocean;0
15148;25;74;255;sea;false;ocean;0
15149;19;46;255;sea;false;ocean;0
15150;26;141;255;sea;true;ocean;0
15151;64;147;255;sea;true;ocean;0
15152;68;113;255;sea;false;ocean;0
15153;92;124;255;sea;false;ocean;0
15154;53;147;255;sea;true;ocean;0
15155;37;138;255;sea;true;ocean;0
15156;79;159;255;sea;true;ocean;0
15157;17;117;255;sea;true;ocean;0
15158;82;132;255;sea;false;ocean;0
15159;19;136;255;sea;true;ocean;0
15160;40;147;255;sea;true;ocean;0
15161;46;132;255;sea;false;ocean;0
15162;35;126;255;sea;false;ocean;0
15163;16;69;255;sea;false;ocean;0
15164;41;123;255;sea;false;ocean;0
15165;22;74;255;sea;false;ocean;0
15166;1;103;255;sea;false;ocean;0
15167;24;127;255;sea;false;ocean;0
15168;24;137;255;sea;false;ocean;0
15169;20;80;255;sea;false;ocean;0
15170;29;92;255;sea;false;ocean;0
15171;36;110;255;sea;false;ocean;0
15172;9;79;255;sea;false;ocean;0
15173;26;108;255;sea;true;ocean;0
15174;38;137;255;sea;false;ocean;0
15175;16;62;255;sea;false;ocean;0
15176;19;99;255;sea;false;ocean;0
15177;23;95;255;sea;false;ocean;0
15178;11;63;255;sea;false;ocean;0
15179;37;87;255;sea;true;ocean;0
15180;31;107;255;sea;false;ocean;0
15181;67;54;255;sea;true;ocean;0
15182;114;98;255;sea;false;ocean;0
15183;53;73;255;sea;true;ocean;0
15184;42;38;255;sea;false;ocean;0
15185;90;45;255;sea;true;ocean;0
15186;74;99;255;sea;true;ocean;0
15187;42;26;255;sea;true;ocean;0
15188;57;60;255;sea;false;ocean;0
15189;92;70;255;sea;false;ocean;0
15190;77;92;255;sea;true;ocean;0
15191;114;31;255;sea;false;ocean;0
15192;60;67;255;sea;false;ocean;0
15193;83;52;255;sea;true;ocean;0
15194;40;112;255;sea;true;ocean;0
15195;39;70;255;sea;true;ocean;0
15196;68;112;255;sea;true;ocean;0
15197;32;68;255;sea;false;ocean;0
15198;28;68;255;sea;true;ocean;0
15199;13;32;255;sea;true;ocean;0
15200;4;99;255;sea;true;ocean;0
15201;10;81;255;sea;true;ocean;0
15202;25;98;255;sea;false;ocean;0
15203;1;96;255;sea;false;ocean;0
15204;29;81;255;sea;false;ocean;0
15205;13;30;255;sea;false;ocean;0
15206;40;76;255;sea;true;ocean;0
15207;25;21;255;sea;false;ocean;0
15208;30;41;255;sea;false;ocean;0
15209;43;25;255;sea;false;ocean;0
15210;42;35;255;sea;false;ocean;0
15211;30;19;255;sea;false;ocean;0
15212;36;28;255;sea;false;ocean;0
15213;20;12;255;sea;false;ocean;0
15214;31;118;255;sea;false;ocean;0
15215;58;90;255;sea;false;ocean;0
15216;63;100;255;sea;false;ocean;0
15217;48;109;255;sea;false;ocean;0
15218;70;83;255;sea;false;ocean;0
15219;66;79;255;sea;false;ocean;0
15220;72;113;255;sea;false;ocean;0
15221;61;78;255;sea;false;ocean;0
15222;77;82;255;sea;false;ocean;0
15223;36;113;255;sea;false;ocean;0
15224;41;115;255;sea;false;ocean;0
15225;52;96;255;sea;false;ocean;0
15226;109;150;255;sea;true;ocean;0
15227;66;103;255;sea;false;ocean;0
15228;98;116;255;sea;false;ocean;0
15229;93;83;255;sea;false;ocean;0
15230;67;81;255;sea;false;ocean;0
15231;91;148;255;sea;false;ocean;0
15232;54;140;255;sea;false;ocean;0
15233;104;151;255;sea;false;ocean;0
15234;91;158;255;sea;false;ocean;0
15235;61;104;255;sea;false;ocean;0
15236;73;84;255;sea;false;ocean;0
15237;77;117;255;sea;false;ocean;0
15238;90;153;255;sea;false;ocean;0
15239;73;88;255;sea;false;ocean;0
15240;53;151;255;sea;false;ocean;0
15241;79;112;255;sea;false;ocean;0
15242;60;124;255;sea;false;ocean;0
15243;77;102;255;sea;false;ocean;0
15244;127;147;255;sea;false;ocean;0
15245;61;141;255;sea;true;ocean;0
15246;102;110;255;sea;false;ocean;0
15247;58;122;255;sea;false;ocean;0
15248;100;151;255;sea;false;ocean;0
15249;108;91;255;sea;false;ocean;0
15250;58;103;255;sea;true;ocean;0
15251;94;123;255;sea;false;ocean;0
15252;24;50;255;sea;false;ocean;0
15253;32;59;255;sea;false;ocean;0
15254;69;71;255;sea;true;ocean;0
15255;39;126;255;sea;false;ocean;0
15256;54;110;255;sea;false;ocean;0
15257;35;90;255;sea;false;ocean;0
15258;56;85;255;sea;true;ocean;0
15259;21;72;255;sea;true;ocean;0
15260;71;92;255;sea;false;ocean;0
15261;68;129;255;sea;true;ocean;0
15262;69;88;255;sea;false;ocean;0
15263;49;104;255;sea;true;ocean;0
15264;92;93;255;sea;false;ocean;0
15265;97;121;255;sea;false;ocean;0
15266;66;77;255;sea;true;ocean;0
15267;27;86;255;sea;false;ocean;0
15268;60;125;255;sea;false;ocean;0
15269;56;101;255;sea;false;ocean;0
15270;24;86;255;sea;false;ocean;0
15271;6;100;255;sea;false;ocean;0
15272;18;106;255;sea;false;ocean;0
15273;56;124;255;sea;false;ocean;0
15274;24;99;255;sea;false;ocean;0
15275;44;75;255;sea;false;ocean;0
15276;7;85;255;sea;false;ocean;0
15277;14;127;255;sea;false;ocean;0
15278;32;100;255;sea;false;ocean;0
15279;50;13;255;sea;false;ocean;0
15280;89;28;255;sea;false;ocean;0
15281;77;45;255;sea;false;ocean;0
15282;109;51;255;sea;false;ocean;0
15283;88;49;255;sea;false;ocean;0
15284;70;48;255;sea;false;ocean;0
15285;68;59;255;sea;false;ocean;0
15286;70;45;255;sea;false;ocean;0
15287;100;47;255;sea;false;ocean;0
15288;90;52;255;sea;false;ocean;0
15289;73;69;255;sea;false;ocean;0
15290;68;61;255;sea;false;ocean;0
15291;60;49;255;sea;false;ocean;0
15292;69;59;255;sea;false;ocean;0
15293;59;6;255;sea;false;ocean;0
15294;44;13;255;sea;false;ocean;0
15295;63;40;255;sea;false;ocean;0
15296;109;29;255;sea;false;ocean;0
15297;66;24;255;sea;false;ocean;0
15298;107;18;255;sea;false;ocean;0
15299;107;17;255;sea;false;ocean;0
15300;89;48;255;sea;false;ocean;0
15301;101;69;255;sea;false;ocean;0
15302;94;57;255;sea;false;ocean;0
15303;79;126;255;sea;false;ocean;0
15304;51;135;255;sea;false;ocean;0
15305;51;132;255;sea;false;ocean;0
15306;73;85;255;sea;false;ocean;0
15307;40;93;255;sea;false;ocean;0
15308;104;70;255;sea;false;ocean;0
15309;75;113;255;sea;false;ocean;0
15310;107;87;255;sea;false;ocean;0
15311;102;83;255;sea;true;ocean;0
15312;45;96;255;sea;true;ocean;0
15313;49;110;255;sea;false;ocean;0
15314;80;103;255;sea;false;ocean;0
15315;100;115;255;sea;false;ocean;0
15316;96;100;255;sea;false;ocean;0
15317;33;76;255;sea;true;ocean;0
15318;89;120;255;sea;true;ocean;0
15319;105;137;255;sea;true;ocean;0
15320;86;89;255;sea;false;ocean;0
15321;43;121;255;sea;false;ocean;0
15322;89;126;255;sea;false;ocean;0
15323;76;139;255;sea;false;ocean;0
15324;76;107;255;sea;true;ocean;0
15325;31;123;255;sea;true;ocean;0
15326;77;114;255;sea;false;ocean;0
15327;50;86;255;sea;false;ocean;0
15328;108;142;255;sea;false;ocean;0
15329;32;106;255;sea;true;ocean;0
15330;39;81;255;sea;false;ocean;0
15331;46;117;255;sea;false;ocean;0
15332;80;69;255;sea;false;ocean;0
15333;153;36;255;sea;false;ocean;0
15334;124;0;255;sea;true;ocean;0
15335;137;28;255;sea;false;ocean;0
15336;149;20;255;sea;false;ocean;0
15337;137;38;255;sea;false;ocean;0
15338;151;32;255;sea;false;ocean;0
15339;108;12;255;sea;true;ocean;0
15340;118;13;255;sea;false;ocean;0
15341;141;42;255;sea;true;ocean;0
15342;161;14;255;sea;false;ocean;0
15343;106;14;255;sea;false;ocean;0
15344;62;31;255;sea;false;ocean;0
15345;85;28;255;sea;true;ocean;0
15346;72;56;255;sea;false;ocean;0
15347;117;56;255;sea;false;ocean;0
15348;63;37;255;sea;false;ocean;0
15349;126;23;255;sea;false;ocean;0
15350;113;46;255;sea;false;ocean;0
15351;63;5;255;sea;false;ocean;0
15352;131;50;255;sea;false;ocean;0
15353;74;49;255;sea;false;ocean;0
15354;108;55;255;sea;true;ocean;0
15355;98;54;255;sea;false;ocean;0
15356;66;19;255;sea;true;ocean;0
15357;77;14;255;sea;false;ocean;0
15358;58;46;255;sea;true;ocean;0
15359;77;20;255;sea;false;ocean;0
15360;135;56;255;sea;false;ocean;0
15361;90;18;255;sea;false;ocean;0
15362;66;1;255;sea;false;ocean;0
15363;94;73;255;sea;true;ocean;0
15364;62;38;255;sea;false;ocean;0
15365;63;58;255;sea;true;ocean;0
15366;110;113;255;sea;true;ocean;0
15367;90;84;255;sea;false;ocean;0
15368;83;93;255;sea;true;ocean;0
15369;69;43;255;sea;true;ocean;0
15370;64;77;255;sea;false;ocean;0
15371;98;47;255;sea;true;ocean;0
15372;95;36;255;sea;false;ocean;0
15373;109;5;255;sea;false;ocean;0
15374;133;29;255;sea;false;ocean;0
15375;89;5;255;sea;false;ocean;0
15376;69;41;255;sea;false;ocean;0
15377;45;39;255;sea;true;ocean;0
15378;86;18;255;sea;false;ocean;0
15379;82;45;255;sea;true;ocean;0
15380;34;27;255;sea;true;ocean;0
15381;31;54;255;sea;false;ocean;0
15382;42;64;255;sea;false;ocean;0
15383;56;77;255;sea;true;ocean;0
15384;80;12;255;sea;true;ocean;0
15385;39;71;255;sea;false;ocean;0
15386;70;35;255;sea;true;ocean;0
15387;14;54;255;sea;true;ocean;0
15388;48;31;255;sea;false;ocean;0
15389;32;34;255;sea;false;ocean;0
15390;89;69;255;sea;true;ocean;0
15391;72;35;255;sea;false;ocean;0
15392;65;81;255;sea;true;ocean;0
15393;93;92;255;sea;false;ocean;0
15394;93;76;255;sea;false;ocean;0
15395;129;121;255;sea;false;ocean;0
15396;85;124;255;sea;false;ocean;0
15397;86;71;255;sea;false;ocean;0
15398;141;74;255;sea;true;ocean;0
15399;91;51;255;sea;false;ocean;0
15400;98;79;255;sea;false;ocean;0
15401;95;111;255;sea;false;ocean;0
15402;87;79;255;sea;true;ocean;0
15403;123;115;255;sea;false;ocean;0
15404;82;51;255;sea;false;ocean;0
15405;99;72;255;sea;false;ocean;0
15406;102;88;255;sea;true;ocean;0
15407;121;83;255;sea;false;ocean;0
15408;132;51;255;sea;false;ocean;0
15409;51;24;255;sea;false;ocean;0
15410;85;51;255;sea;false;ocean;0
15411;81;40;255;sea;false;ocean;0
15412;99;33;255;sea;false;ocean;0
15413;75;26;255;sea;false;ocean;0
15414;49;15;255;sea;false;ocean;0
15415;106;38;255;sea;false;ocean;0
15416;75;47;255;sea;false;ocean;0
15417;40;15;255;sea;false;ocean;0
15418;111;48;255;sea;false;ocean;0
15419;118;45;255;sea;false;ocean;0
15420;93;33;255;sea;false;ocean;0
15421;115;2;255;sea;false;ocean;0
15422;42;50;255;sea;false;ocean;0
15423;75;18;255;sea;false;ocean;0
15424;142;18;255;sea;false;ocean;0
15425;91;27;255;sea;false;ocean;0
15426;110;27;255;sea;false;ocean;0
15427;92;34;255;sea;false;ocean;0
15428;102;9;255;sea;false;ocean;0
15429;79;27;255;sea;false;ocean;0
15430;118;11;255;sea;false;ocean;0
15431;106;0;255;sea;false;ocean;0
15432;54;18;255;sea;false;ocean;0
15433;102;48;255;sea;true;ocean;0
15434;90;79;255;sea;false;ocean;0
15435;84;62;255;sea;false;ocean;0
15436;106;58;255;sea;false;ocean;0
15437;68;57;255;sea;false;ocean;0
15438;101;11;255;sea;false;ocean;0
15439;46;37;255;sea;false;ocean;0
15440;98;22;255;sea;false;ocean;0
15441;60;31;255;sea;false;ocean;0
15442;91;90;255;sea;false;ocean;0
15443;66;70;255;sea;true;ocean;0
15444;65;36;255;sea;false;ocean;0
15445;75;14;255;sea;false;ocean;0
15446;56;25;255;sea;false;ocean;0
15447;58;83;255;sea;true;ocean;0
15448;75;60;255;sea;false;ocean;0
15449;27;24;255;sea;false;ocean;0
15450;39;87;255;sea;false;ocean;0
15451;89;68;255;sea;false;ocean;0
15452;80;24;255;sea;false;ocean;0
15453;62;44;255;sea;false;ocean;0
15454;64;44;255;sea;false;ocean;0
15455;36;148;255;sea;false;ocean;0
15456;26;126;255;sea;true;ocean;0
15457;44;130;255;sea;false;ocean;0
15458;2;126;255;sea;false;ocean;0
15459;22;156;255;sea;false;ocean;0
15460;5;150;255;sea;false;ocean;0
15461;34;130;255;sea;false;ocean;0
15462;51;130;255;sea;false;ocean;0
15463;5;79;255;sea;false;ocean;0
15464;7;126;255;sea;false;ocean;0
15465;33;145;255;sea;false;ocean;0
15466;24;78;255;sea;false;ocean;0
15467;17;111;255;sea;false;ocean;0
15468;42;99;255;sea;true;ocean;0
15469;23;105;255;sea;true;ocean;0
15470;39;119;255;sea;false;ocean;0
15471;44;141;255;sea;false;ocean;0
15472;24;88;255;sea;true;ocean;0
15473;8;157;255;sea;false;ocean;0
15474;30;82;255;sea;true;ocean;0
15475;48;84;255;sea;true;ocean;0
15476;29;125;255;sea;false;ocean;0
15477;14;147;255;sea;false;ocean;0
15478;52;122;255;sea;false;ocean;0
15479;45;132;255;sea;false;ocean;0
15480;43;144;255;sea;false;ocean;0
15481;48;140;255;sea;false;ocean;0
15482;46;97;255;sea;false;ocean;0
15483;46;144;255;sea;false;ocean;0
15484;14;100;255;sea;false;ocean;0
15485;23;130;255;sea;true;ocean;0
15486;21;155;255;sea;false;ocean;0
15487;50;102;255;sea;false;ocean;0
15488;41;154;255;sea;false;ocean;0
15489;21;153;255;sea;false;ocean;0
15490;92;84;255;sea;true;ocean;0
15491;97;48;255;sea;false;ocean;0
15492;146;55;255;sea;true;ocean;0
15493;86;120;255;sea;true;ocean;0
15494;97;102;255;sea;false;ocean;0
15495;105;75;255;sea;false;ocean;0
15496;143;86;255;sea;false;ocean;0
15497;28;69;255;sea;true;ocean;0
15498;38;90;255;sea;false;ocean;0
15499;9;103;255;sea;false;ocean;0
15500;20;36;255;sea;true;ocean;0
15501;33;97;255;sea;true;ocean;0
15502;19;155;255;sea;true;ocean;0
15503;43;90;255;sea;false;ocean;0
15504;9;120;255;sea;false;ocean;0
15505;35;156;255;sea;false;ocean;0
15506;13;84;255;sea;false;ocean;0
15507;36;93;255;sea;true;ocean;0
15508;16;110;255;sea;false;ocean;0
15509;73;74;255;sea;false;ocean;0
15510;73;81;255;sea;true;ocean;0
15511;71;88;255;sea;false;ocean;0
15512;57;19;255;sea;false;ocean;0
15513;100;35;255;sea;false;ocean;0
15514;88;19;255;sea;false;ocean;0
15515;48;61;255;sea;false;ocean;0
15516;91;91;255;sea;false;ocean;0
15517;100;50;255;sea;true;ocean;0
15518;72;73;255;sea;true;ocean;0
15519;92;76;255;sea;false;ocean;0
15520;74;30;255;sea;false;ocean;0
15521;100;28;255;sea;false;ocean;0
15522;64;57;255;sea;false;ocean;0
15523;72;43;255;sea;false;ocean;0
15524;82;38;255;sea;false;ocean;0
15525;69;44;255;sea;false;ocean;0
15526;78;0;255;sea;false;ocean;0
15527;103;65;255;sea;false;ocean;0
15528;87;0;255;sea;false;ocean;0
15529;22;27;255;sea;false;ocean;0
15530;68;32;255;sea;false;ocean;0
15531;90;20;255;sea;false;ocean;0
15532;42;23;255;sea;false;ocean;0
15533;88;22;255;sea;false;ocean;0
15534;45;27;255;sea;false;ocean;0
15535;82;1;255;sea;false;ocean;0
15536;83;37;255;sea;false;ocean;0
15537;85;15;255;sea;false;ocean;0
15538;20;39;255;sea;false;ocean;0
15539;91;28;255;sea;false;ocean;0
15540;66;17;255;sea;false;ocean;0
15541;93;34;255;sea;false;ocean;0
15542;27;13;255;sea;false;ocean;0
15543;75;19;255;sea;false;ocean;0
15544;19;21;255;sea;false;ocean;0
15545;17;33;255;sea;false;ocean;0
15546;59;2;255;sea;false;ocean;0
15547;55;51;255;sea;false;ocean;0
15548;62;35;255;sea;false;ocean;0
15549;38;53;255;sea;true;ocean;0
15550;17;52;255;sea;false;ocean;0
15551;33;43;255;sea;true;ocean;0
15552;36;91;255;sea;true;ocean;0
15553;9;50;255;sea;true;ocean;0
15554;23;36;255;sea;true;ocean;0
15555;30;72;255;sea;false;ocean;0
15556;12;87;255;sea;true;ocean;0
15557;0;31;255;sea;true;ocean;0
15558;30;39;255;sea;false;ocean;0
15559;36;50;255;sea;false;ocean;0
15560;28;77;255;sea;true;ocean;0
15561;29;72;255;sea;true;ocean;0
15562;33;53;255;sea;true;ocean;0
15563;31;70;255;sea;true;ocean;0
15564;27;68;255;sea;false;ocean;0
15565;8;48;255;sea;true;ocean;0
15566;6;41;255;sea;false;ocean;0
15567;13;38;255;sea;true;ocean;0
15568;16;79;255;sea;false;ocean;0
15569;29;83;255;sea;false;ocean;0
15570;8;45;255;sea;true;ocean;0
15571;2;45;255;sea;true;ocean;0
15572;27;61;255;sea;false;ocean;0
15573;0;65;255;sea;false;ocean;0
15574;15;87;255;sea;false;ocean;0
15575;4;77;255;sea;false;ocean;0
15576;45;84;255;sea;false;ocean;0
15577;55;48;255;sea;false;ocean;0
15578;28;64;255;sea;false;ocean;0
15579;15;44;255;sea;false;ocean;0
15580;50;92;255;sea;false;ocean;0
15581;51;36;255;sea;false;ocean;0
15582;10;90;255;sea;false;ocean;0
15583;12;82;255;sea;false;ocean;0
15584;6;83;255;sea;false;ocean;0
15585;28;50;255;sea;false;ocean;0
15586;39;66;255;sea;false;ocean;0
15587;56;64;255;sea;false;ocean;0
15588;7;51;255;sea;false;ocean;0
15589;4;49;255;sea;false;ocean;0
15590;18;30;255;sea;false;ocean;0
15591;37;0;255;sea;false;ocean;0
15592;50;15;255;sea;false;ocean;0
15593;31;36;255;sea;false;ocean;0
15594;40;0;255;sea;false;ocean;0
15595;39;38;255;sea;false;ocean;0
15596;23;10;255;sea;false;ocean;0
15597;36;21;255;sea;false;ocean;0
15598;48;59;255;sea;false;ocean;0
15599;68;7;255;sea;false;ocean;0
15600;110;104;255;sea;false;ocean;0
15601;119;127;255;sea;false;ocean;0
15602;118;94;255;sea;false;ocean;0
15603;65;114;255;sea;true;ocean;0
15604;76;145;255;sea;true;ocean;0
15605;57;129;255;sea;false;ocean;0
15606;69;155;255;sea;false;ocean;0
15607;116;33;255;sea;false;ocean;0
15608;74;93;255;sea;false;ocean;0
15609;92;20;255;sea;false;ocean;0
15610;114;45;255;sea;false;ocean;0
15611;88;92;255;sea;false;ocean;0
15612;61;72;255;sea;false;ocean;0
15613;56;55;255;sea;false;ocean;0
15614;61;86;255;sea;false;ocean;0
15615;62;89;255;sea;false;ocean;0
15616;89;81;255;sea;false;ocean;0
15617;109;52;255;sea;false;ocean;0
15618;66;60;255;sea;false;ocean;0
15619;48;70;255;sea;false;ocean;0
15620;42;69;255;sea;false;ocean;0
15621;71;70;255;sea;false;ocean;0
15622;119;74;255;sea;false;ocean;0
15623;78;21;255;sea;false;ocean;0
15624;66;32;255;sea;false;ocean;0
15625;59;28;255;sea;false;ocean;0
15626;89;34;255;sea;false;ocean;0
15627;118;81;255;sea;false;ocean;0
15628;87;30;255;sea;false;ocean;0
15629;49;81;255;sea;false;ocean;0
15630;85;80;255;sea;false;ocean;0
15631;58;26;255;sea;false;ocean;0
15632;112;111;255;sea;false;ocean;0
15633;155;71;255;sea;true;ocean;0
15634;116;118;255;sea;false;ocean;0
15635;98;117;255;sea;false;ocean;0
15636;89;110;255;sea;false;ocean;0
15637;154;62;255;sea;false;ocean;0
15638;160;74;255;sea;false;ocean;0
15639;139;103;255;sea;true;ocean;0
15640;95;61;255;sea;false;ocean;0
15641;135;128;255;sea;false;ocean;0
15642;115;76;255;sea;true;ocean;0
15643;103;79;255;sea;false;ocean;0
15644;158;87;255;sea;true;ocean;0
15645;63;95;255;sea;false;ocean;0
15646;34;85;255;sea;true;ocean;0
15647;31;91;255;sea;false;ocean;0
15648;31;47;255;sea;false;ocean;0
15649;89;82;255;sea;true;ocean;0
15650;54;45;255;sea;false;ocean;0
15651;33;42;255;sea;false;ocean;0
15652;22;91;255;sea;false;ocean;0
15653;54;33;255;sea;false;ocean;0
15654;77;33;255;sea;true;ocean;0
15655;25;48;255;sea;false;ocean;0
15656;78;94;255;sea;true;ocean;0
15657;29;44;255;sea;false;ocean;0
15658;52;66;255;sea;false;ocean;0
15659;44;89;255;sea;false;ocean;0
15660;42;68;255;sea;true;ocean;0
15661;15;136;255;sea;false;ocean;0
15662;64;97;255;sea;false;ocean;0
15663;39;99;255;sea;false;ocean;0
15664;69;86;255;sea;false;ocean;0
15665;68;111;255;sea;false;ocean;0
15666;40;121;255;sea;false;ocean;0
15667;115;152;255;sea;false;ocean;0
15668;113;78;255;sea;false;ocean;0
15669;90;114;255;sea;false;ocean;0
15670;111;142;255;sea;true;ocean;0
15671;65;135;255;sea;false;ocean;0
15672;108;100;255;sea;false;ocean;0
15673;108;108;255;sea;false;ocean;0
15674;117;150;255;sea;true;ocean;0
15675;90;91;255;sea;true;ocean;0
15676;49;102;255;sea;false;ocean;0
15677;72;99;255;sea;false;ocean;0
15678;53;85;255;sea;false;ocean;0
15679;72;111;255;sea;false;ocean;0
15680;68;146;255;sea;false;ocean;0
15681;70;96;255;sea;false;ocean;0
15682;108;128;255;sea;true;ocean;0
15683;42;78;255;sea;true;ocean;0
15684;87;150;255;sea;false;ocean;0
15685;71;142;255;sea;false;ocean;0
15686;66;129;255;sea;false;ocean;0
15687;43;141;255;sea;false;ocean;0
15688;94;131;255;sea;false;ocean;0
15689;98;147;255;sea;false;ocean;0
15690;90;120;255;sea;false;ocean;0
15691;105;115;255;sea;true;ocean;0
15692;94;147;255;sea;false;ocean;0
15693;39;147;255;sea;false;ocean;0
15694;85;29;255;sea;true;ocean;0
15695;83;42;255;sea;false;ocean;0
15696;89;13;255;sea;true;ocean;0
15697;41;25;255;sea;false;ocean;0
15698;59;4;255;sea;false;ocean;0
15699;90;48;255;sea;false;ocean;0
15700;53;19;255;sea;false;ocean;0
15701;54;68;255;sea;true;ocean;0
15702;77;60;255;sea;false;ocean;0
15703;67;69;255;sea;true;ocean;0
15704;78;14;255;sea;false;ocean;0
15705;108;69;255;sea;true;ocean;0
15706;93;29;255;sea;false;ocean;0
15707;31;37;255;sea;false;ocean;0
15708;32;5;255;sea;false;ocean;0
15709;16;46;255;sea;false;ocean;0
15710;12;61;255;sea;false;ocean;0
15711;10;45;255;sea;false;ocean;0
15712;13;57;255;sea;false;ocean;0
15713;3;59;255;sea;false;ocean;0
15714;18;37;255;sea;false;ocean;0
15715;39;48;255;sea;false;ocean;0
15716;72;1;255;sea;false;ocean;0
15717;48;2;255;sea;false;ocean;0
15718;82;4;255;sea;false;ocean;0
15719;44;5;255;sea;true;ocean;0
15720;69;36;255;sea;true;ocean;0
15721;12;28;255;sea;true;ocean;0
15722;39;1;255;sea;true;ocean;0
15723;69;1;255;sea;true;ocean;0
15724;86;2;255;sea;false;ocean;0
15725;44;11;255;sea;true;ocean;0
15726;53;4;255;sea;true;ocean;0
15727;18;21;255;sea;false;ocean;0
15728;54;21;255;sea;false;ocean;0
15729;69;33;255;sea;true;ocean;0
15730;57;5;255;sea;true;ocean;0
15731;16;131;255;sea;true;ocean;0
15732;62;96;255;sea;true;ocean;0
15733;8;115;255;sea;false;ocean;0
15734;71;102;255;sea;false;ocean;0
15735;3;76;255;sea;false;ocean;0
15736;48;122;255;sea;true;ocean;0
15737;11;71;255;sea;false;ocean;0
15738;68;142;255;sea;false;ocean;0
15739;15;89;255;sea;true;ocean;0
15740;13;66;255;sea;true;ocean;0
15741;4;112;255;sea;false;ocean;0
15742;39;26;255;sea;false;ocean;0
15743;58;15;255;sea;false;ocean;0
15744;101;32;255;sea;false;ocean;0
15745;69;22;255;sea;false;ocean;0
15746;70;4;255;sea;false;ocean;0
15747;81;9;255;sea;false;ocean;0
15748;81;13;255;sea;false;ocean;0
15749;40;18;255;sea;false;ocean;0
15750;83;10;255;sea;false;ocean;0
15751;99;44;255;sea;false;ocean;0
15752;91;39;255;sea;false;ocean;0
15753;56;31;255;sea;false;ocean;0
15754;78;87;255;sea;true;ocean;0
15755;108;77;255;sea;false;ocean;0
15756;61;93;255;sea;true;ocean;0
15757;114;79;255;sea;true;ocean;0
15758;22;66;255;sea;true;ocean;0
15759;33;62;255;sea;true;ocean;0
15760;28;23;255;sea;true;ocean;0
15761;44;52;255;sea;true;ocean;0
15762;25;63;255;sea;true;ocean;0
15763;36;4;255;sea;true;ocean;0
15764;40;60;255;sea;true;ocean;0
15765;45;52;255;sea;true;ocean;0
15766;62;21;255;sea;true;ocean;0
15767;65;58;255;sea;true;ocean;0
15768;35;12;255;sea;false;ocean;0
15769;3;38;255;sea;true;ocean;0
15770;80;9;255;sea;false;ocean;0
15771;18;65;255;sea;true;ocean;0
15772;29;49;255;sea;false;ocean;0
15773;12;94;255;sea;false;ocean;0
15774;10;64;255;sea;false;ocean;0
15775;8;53;255;sea;false;ocean;0
15776;21;51;255;sea;false;ocean;0
15777;5;37;255;sea;false;ocean;0
15778;28;66;255;sea;false;ocean;0
15779;14;93;255;sea;false;ocean;0
15780;15;105;255;sea;false;ocean;0
15781;40;62;255;sea;false;ocean;0
15782;0;78;255;sea;false;ocean;0
15783;7;103;255;sea;false;ocean;0
15784;150;98;255;sea;false;ocean;0
15785;98;96;255;sea;true;ocean;0
15786;124;62;255;sea;true;ocean;0
15787;88;111;255;sea;true;ocean;0
15788;123;62;255;sea;true;ocean;0
15789;143;92;255;sea;true;ocean;0
15790;88;88;255;sea;false;ocean;0
15791;109;59;255;sea;true;ocean;0
15792;153;78;255;sea;true;ocean;0
15793;137;54;255;sea;true;ocean;0
15794;90;108;255;sea;true;ocean;0
15795;141;128;255;sea;true;ocean;0
15796;83;50;255;sea;true;ocean;0
15797;95;108;255;sea;true;ocean;0
15798;130;105;255;sea;false;ocean;0
15799;143;65;255;sea;true;ocean;0
15800;145;73;255;sea;true;ocean;0
15801;140;95;255;sea;false;ocean;0
15802;127;123;255;sea;true;ocean;0
15803;130;91;255;sea;true;ocean;0
15804;121;27;255;sea;true;ocean;0
15805;106;103;255;sea;false;ocean;0
15806;144;106;255;sea;false;ocean;0
15807;96;65;255;sea;true;ocean;0
15808;156;85;255;sea;false;ocean;0
15809;144;93;255;sea;false;ocean;0
15810;107;60;255;sea;true;ocean;0
15811;150;97;255;sea;true;ocean;0
15812;151;34;255;sea;true;ocean;0
15813;145;63;255;sea;true;ocean;0
15814;123;87;255;sea;false;ocean;0
15815;129;35;255;sea;false;ocean;0
15816;108;101;255;sea;false;ocean;0
15817;135;106;255;sea;false;ocean;0
15818;114;102;255;sea;true;ocean;0
15819;130;65;255;sea;false;ocean;0
15820;26;37;255;sea;false;ocean;0
15821;32;26;255;sea;false;ocean;0
15822;13;34;255;sea;true;ocean;0
15823;6;92;255;sea;false;ocean;0
15824;48;76;255;sea;false;ocean;0
15825;35;60;255;sea;true;ocean;0
15826;36;33;255;sea;false;ocean;0
15827;12;54;255;sea;false;ocean;0
15828;24;61;255;sea;false;ocean;0
15829;13;69;255;sea;false;ocean;0
15830;39;46;255;sea;false;ocean;0
15831;13;55;255;sea;false;ocean;0
15832;9;38;255;sea;false;ocean;0
15833;11;28;255;sea;false;ocean;0
15834;24;47;255;sea;false;ocean;0
15835;16;55;255;sea;false;ocean;0
15836;12;66;255;sea;false;ocean;0
15837;26;1;255;sea;false;ocean;0
15838;21;15;255;sea;false;ocean;0
15839;38;59;255;sea;false;ocean;0
15840;16;60;255;sea;false;ocean;0
15841;38;72;255;sea;true;ocean;0
15842;25;3;255;sea;true;ocean;0
15843;36;27;255;sea;false;ocean;0
15844;2;71;255;sea;false;ocean;0
15845;12;0;255;sea;false;ocean;0
15846;38;29;255;sea;false;ocean;0
15847;32;11;255;sea;false;ocean;0
15848;10;62;255;sea;true;ocean;0
15849;14;46;255;sea;false;ocean;0
15850;38;24;255;sea;false;ocean;0
15851;16;3;255;sea;true;ocean;0
15852;2;53;255;sea;false;ocean;0
15853;29;10;255;sea;false;ocean;0
15854;18;53;255;sea;false;ocean;0
15855;12;52;255;sea;false;ocean;0
15856;34;28;255;sea;false;ocean;0
15857;6;34;255;sea;false;ocean;0
15858;76;49;255;sea;false;ocean;0
15859;141;58;255;sea;true;ocean;0
15860;80;82;255;sea;false;ocean;0
15861;120;11;255;sea;false;ocean;0
15862;140;79;255;sea;true;ocean;0
15863;118;84;255;sea;true;ocean;0
15864;125;48;255;sea;true;ocean;0
15865;85;67;255;sea;false;ocean;0
15866;136;37;255;sea;false;ocean;0
15867;92;87;255;sea;false;ocean;0
15868;85;83;255;sea;false;ocean;0
15869;116;26;255;sea;false;ocean;0
15870;118;66;255;sea;false;ocean;0
15871;83;45;255;sea;false;ocean;0
15872;79;25;255;sea;false;ocean;0
15873;96;83;255;sea;false;ocean;0
15874;33;107;255;sea;false;ocean;0
15875;17;106;255;sea;false;ocean;0
15876;44;83;255;sea;false;ocean;0
15877;6;81;255;sea;false;ocean;0
15878;3;137;255;sea;false;ocean;0
15879;44;137;255;sea;false;ocean;0
15880;16;149;255;sea;false;ocean;0
15881;35;114;255;sea;false;ocean;0
15882;1;153;255;sea;false;ocean;0
15883;27;112;255;sea;false;ocean;0
15884;38;83;255;sea;false;ocean;0
15885;35;93;255;sea;false;ocean;0
15886;7;106;255;sea;false;ocean;0
15887;28;113;255;sea;false;ocean;0
15888;10;119;255;sea;false;ocean;0
15889;1;136;255;sea;false;ocean;0
15890;47;121;255;sea;false;ocean;0
15891;20;121;255;sea;false;ocean;0
15892;43;129;255;sea;false;ocean;0
15893;37;125;255;sea;false;ocean;0
15894;23;124;255;sea;false;ocean;0
15895;0;120;255;sea;false;ocean;0
15896;51;105;255;sea;false;ocean;0
15897;49;90;255;sea;false;ocean;0
15898;0;122;255;sea;false;ocean;0
15899;40;107;255;sea;false;ocean;0
15900;40;145;255;sea;false;ocean;0
15901;16;129;255;sea;false;ocean;0
15902;46;91;255;sea;false;ocean;0
15903;25;89;255;sea;false;ocean;0
15904;36;138;255;sea;false;ocean;0
15905;13;152;255;sea;false;ocean;0
15906;19;85;255;sea;false;ocean;0
15907;38;129;255;sea;false;ocean;0
15908;45;86;255;sea;false;ocean;0
15909;4;87;255;sea;false;ocean;0
15910;32;127;255;sea;false;ocean;0
15911;37;143;255;sea;false;ocean;0
15912;6;77;255;sea;false;ocean;0
15913;59;25;255;sea;false;ocean;0
15914;19;44;255;sea;false;ocean;0
15915;37;23;255;sea;false;ocean;0
15916;28;26;255;sea;true;ocean;0
15917;21;11;255;sea;true;ocean;0
15918;10;32;255;sea;false;ocean;0
15919;46;31;255;sea;true;ocean;0
15920;75;33;255;sea;false;ocean;0
15921;40;16;255;sea;true;ocean;0
15922;20;11;255;sea;true;ocean;0
15923;113;24;255;sea;false;ocean;0
15924;157;7;255;sea;false;ocean;0
15925;158;20;255;sea;false;ocean;0
15926;110;31;255;sea;false;ocean;0
15927;149;23;255;sea;false;ocean;0
15928;99;26;255;sea;false;ocean;0
15929;129;8;255;sea;false;ocean;0
15930;140;35;255;sea;false;ocean;0
15931;134;11;255;sea;false;ocean;0
15932;152;26;255;sea;false;ocean;0
15933;37;19;255;sea;false;ocean;0
15934;57;20;255;sea;false;ocean;0
15935;37;9;255;sea;false;ocean;0
15936;51;47;255;sea;false;ocean;0
15937;28;14;255;sea;false;ocean;0
15938;31;30;255;sea;false;ocean;0
15939;55;17;255;sea;false;ocean;0
15940;14;49;255;sea;false;ocean;0
15941;18;13;255;sea;false;ocean;0
15942;20;8;255;sea;false;ocean;0
15943;37;24;255;sea;false;ocean;0
15944;16;102;255;sea;false;ocean;0
15945;2;61;255;sea;false;ocean;0
15946;35;66;255;sea;false;ocean;0
15947;16;66;255;sea;false;ocean;0
15948;9;55;255;sea;false;ocean;0
15949;13;96;255;sea;false;ocean;0
15950;17;35;255;sea;false;ocean;0
15951;34;110;255;sea;false;ocean;0
15952;34;38;255;sea;false;ocean;0
15953;60;65;255;sea;false;ocean;0
15954;31;86;255;sea;false;ocean;0
15955;43;83;255;sea;false;ocean;0
15956;78;31;255;sea;false;ocean;0
15957;37;13;255;sea;false;ocean;0
15958;92;40;255;sea;true;ocean;0
15959;66;36;255;sea;false;ocean;0
15960;99;48;255;sea;true;ocean;0
15961;111;7;255;sea;true;ocean;0
15962;105;64;255;sea;true;ocean;0
15963;68;40;255;sea;true;ocean;0
15964;77;53;255;sea;true;ocean;0
15965;126;5;255;sea;true;ocean;0
15966;123;61;255;sea;true;ocean;0
15967;113;4;255;sea;true;ocean;0
15968;99;76;255;sea;true;ocean;0
15969;146;9;255;sea;true;ocean;0
15970;120;13;255;sea;true;ocean;0
15971;121;12;255;sea;false;ocean;0
15972;100;24;255;sea;true;ocean;0
15973;134;21;255;sea;true;ocean;0
15974;112;32;255;sea;false;ocean;0
15975;141;28;255;sea;true;ocean;0
15976;138;38;255;sea;true;ocean;0
15977;71;34;255;sea;true;ocean;0
15978;145;4;255;sea;true;ocean;0
15979;141;34;255;sea;true;ocean;0
15980;88;0;255;sea;true;ocean;0
15981;73;0;255;sea;true;ocean;0
15982;63;87;255;sea;false;ocean;0
15983;38;94;255;sea;false;ocean;0
15984;32;124;255;sea;false;ocean;0
15985;63;70;255;sea;false;ocean;0
15986;20;109;255;sea;false;ocean;0
15987;47;32;255;sea;false;ocean;0
15988;48;27;255;sea;false;ocean;0
15989;48;23;255;sea;false;ocean;0
15990;111;5;255;sea;false;ocean;0
15991;56;44;255;sea;false;ocean;0
15992;104;8;255;sea;false;ocean;0
15993;105;41;255;sea;false;ocean;0
15994;88;36;255;sea;false;ocean;0
15995;61;45;255;sea;false;ocean;0
15996;106;5;255;sea;false;ocean;0
15997;86;4;255;sea;false;ocean;0
15998;132;82;255;sea;false;ocean;0
15999;98;20;255;sea;false;ocean;0
16000;86;11;255;sea;false;ocean;0
16001;147;55;255;sea;false;ocean;0
16002;147;25;255;sea;false;ocean;0
16003;132;49;255;sea;false;ocean;0
16004;63;41;255;sea;false;ocean;0
16005;26;63;255;sea;false;ocean;0
16006;62;12;255;sea;false;ocean;0
16007;63;57;255;sea;false;ocean;0
16008;35;77;255;sea;false;ocean;0
16009;39;15;255;sea;false;ocean;0
16010;74;114;255;sea;false;ocean;0
16011;127;82;255;sea;false;ocean;0
16012;86;144;255;sea;false;ocean;0
16013;84;98;255;sea;true;ocean;0
16014;97;74;255;sea;false;ocean;0
16015;82;131;255;sea;true;ocean;0
16016;104;71;255;sea;false;ocean;0
16017;56;71;255;sea;false;ocean;0
16018;111;134;255;sea;false;ocean;0
16019;111;105;255;sea;false;ocean;0
16020;60;123;255;sea;false;ocean;0
16021;54;100;255;sea;true;ocean;0
16022;108;123;255;sea;false;ocean;0
16023;97;115;255;sea;true;ocean;0
16024;64;75;255;sea;false;ocean;0
16025;38;101;255;sea;true;ocean;0
16026;13;60;255;sea;false;ocean;0
16027;9;71;255;sea;false;ocean;0
16028;43;43;255;sea;false;ocean;0
16029;29;8;255;sea;false;ocean;0
16030;8;55;255;sea;false;ocean;0
16031;8;67;255;sea;false;ocean;0
16032;59;14;255;sea;false;ocean;0
16033;21;81;255;sea;false;ocean;0
16034;55;52;255;sea;false;ocean;0
16035;57;12;255;sea;false;ocean;0
16036;5;15;255;sea;false;ocean;0
16037;20;7;255;sea;false;ocean;0
16038;15;62;255;sea;false;ocean;0
16039;33;150;255;sea;false;ocean;0
16040;16;85;255;sea;false;ocean;0
16041;10;122;255;sea;false;ocean;0
16042;43;104;255;sea;false;ocean;0
16043;42;145;255;sea;false;ocean;0
16044;19;109;255;sea;false;ocean;0
16045;33;126;255;sea;false;ocean;0
16046;36;118;255;sea;false;ocean;0
16047;43;122;255;sea;false;ocean;0
16048;42;130;255;sea;false;ocean;0
16049;15;137;255;sea;false;ocean;0
16050;2;152;255;sea;false;ocean;0
16051;44;142;255;sea;false;ocean;0
16052;5;119;255;sea;false;ocean;0
16053;3;135;255;sea;false;ocean;0
16054;36;150;255;sea;false;ocean;0
16055;0;106;255;sea;false;ocean;0
16056;11;75;255;sea;false;ocean;0
16057;76;42;255;sea;false;ocean;0
16058;15;73;255;sea;false;ocean;0
16059;31;65;255;sea;false;ocean;0
16060;65;87;255;sea;false;ocean;0
16061;5;83;255;sea;false;ocean;0
16062;27;74;255;sea;false;ocean;0
16063;50;68;255;sea;false;ocean;0
16064;50;41;255;sea;false;ocean;0
16065;33;59;255;sea;false;ocean;0
16066;77;30;255;sea;false;ocean;0
16067;70;37;255;sea;false;ocean;0
16068;79;15;255;sea;false;ocean;0
16069;24;4;255;sea;false;ocean;0
16070;40;39;255;sea;false;ocean;0
16071;45;29;255;sea;false;ocean;0
16072;20;22;255;sea;false;ocean;0
16073;81;41;255;sea;false;ocean;0
16074;52;2;255;sea;false;ocean;0
16075;80;7;255;sea;false;ocean;0
16076;13;71;255;sea;false;ocean;0
16077;18;100;255;sea;true;ocean;0
16078;37;89;255;sea;true;ocean;0
16079;4;41;255;sea;false;ocean;0
16080;37;78;255;sea;true;ocean;0
16081;22;39;255;sea;true;ocean;0
16082;16;47;255;sea;false;ocean;0
16083;20;79;255;sea;true;ocean;0
16084;4;36;255;sea;true;ocean;0
16085;24;75;255;sea;false;ocean;0
16086;7;92;255;sea;true;ocean;0
16087;1;109;255;sea;true;ocean;0
16088;28;49;255;sea;false;ocean;0
16089;41;106;255;sea;false;ocean;0
16090;31;74;255;sea;false;ocean;0
16091;31;93;255;sea;true;ocean;0
16092;63;89;255;sea;false;ocean;0
16093;92;148;255;sea;true;ocean;0
16094;105;129;255;sea;false;ocean;0
16095;96;141;255;sea;false;ocean;0
16096;91;144;255;sea;false;ocean;0
16097;56;143;255;sea;false;ocean;0
16098;73;144;255;sea;false;ocean;0
16099;33;94;255;sea;false;ocean;0
16100;86;111;255;sea;true;ocean;0
16101;60;107;255;sea;true;ocean;0
16102;47;73;255;sea;true;ocean;0
16103;36;137;255;sea;false;ocean;0
16104;53;133;255;sea;false;ocean;0
16105;34;81;255;sea;true;ocean;0
16106;86;147;255;sea;false;ocean;0
16107;68;116;255;sea;false;ocean;0
16108;58;99;255;sea;false;ocean;0
16109;62;56;255;sea;false;ocean;0
16110;53;47;255;sea;false;ocean;0
16111;67;71;255;sea;false;ocean;0
16112;60;101;255;sea;false;ocean;0
16113;63;44;255;sea;false;ocean;0
16114;16;51;255;sea;false;ocean;0
16115;44;22;255;sea;false;ocean;0
16116;47;85;255;sea;false;ocean;0
16117;53;64;255;sea;false;ocean;0
16118;48;96;255;sea;false;ocean;0
16119;2;86;255;sea;false;ocean;0
16120;64;67;255;sea;false;ocean;0
16121;0;48;255;sea;false;ocean;0
16122;70;49;255;sea;false;ocean;0
16123;74;28;255;sea;false;ocean;0
16124;63;33;255;sea;false;ocean;0
16125;83;47;255;sea;false;ocean;0
16126;79;41;255;sea;false;ocean;0
16127;99;14;255;sea;false;ocean;0
16128;137;0;255;sea;true;ocean;0
16129;104;6;255;sea;false;ocean;0
16130;78;33;255;sea;false;ocean;0
16131;87;11;255;sea;false;ocean;0
16132;130;10;255;sea;true;ocean;0
16133;122;40;255;sea;false;ocean;0
16134;112;51;255;sea;false;ocean;0
16135;129;7;255;sea;true;ocean;0
16136;126;27;255;sea;false;ocean;0
16137;67;0;255;sea;false;ocean;0
16138;138;45;255;sea;false;ocean;0
16139;137;50;255;sea;false;ocean;0
16140;85;31;255;sea;false;ocean;0
16141;105;3;255;sea;false;ocean;0
16142;136;9;255;sea;false;ocean;0
16143;83;2;255;sea;false;ocean;0
16144;91;29;255;sea;false;ocean;0
16145;126;3;255;sea;false;ocean;0
16146;105;20;255;sea;false;ocean;0
16147;95;8;255;sea;false;ocean;0
16148;108;36;255;sea;false;ocean;0
16149;128;29;255;sea;false;ocean;0
16150;124;1;255;sea;false;ocean;0
16151;73;11;255;sea;false;ocean;0
16152;63;22;255;sea;false;ocean;0
16153;96;7;255;sea;false;ocean;0
16154;125;24;255;sea;true;ocean;0
16155;120;49;255;sea;false;ocean;0
16156;76;52;255;sea;true;ocean;0
16157;73;43;255;sea;false;ocean;0
16158;63;80;255;sea;false;ocean;0
16159;123;66;255;sea;true;ocean;0
16160;103;87;255;sea;false;ocean;0
16161;97;38;255;sea;false;ocean;0
16162;96;22;255;sea;true;ocean;0
16163;66;94;255;sea;false;ocean;0
16164;123;38;255;sea;false;ocean;0
16165;37;116;255;sea;false;ocean;0
16166;56;103;255;sea;true;ocean;0
16167;71;81;255;sea;false;ocean;0
16168;60;149;255;sea;true;ocean;0
16169;81;84;255;sea;false;ocean;0
16170;90;80;255;sea;false;ocean;0
16171;89;151;255;sea;false;ocean;0
16172;70;98;255;sea;true;ocean;0
16173;48;88;255;sea;true;ocean;0
16174;97;86;255;sea;false;ocean;0
16175;48;113;255;sea;true;ocean;0
16176;83;96;255;sea;true;ocean;0
16177;50;119;255;sea;true;ocean;0
16178;99;109;255;sea;true;ocean;0
16179;94;143;255;sea;false;ocean;0
16180;103;76;255;sea;true;ocean;0
16181;74;90;255;sea;true;ocean;0
16182;83;142;255;sea;false;ocean;0
16183;65;141;255;sea;true;ocean;0
16184;95;146;255;sea;false;ocean;0
16185;69;122;255;sea;false;ocean;0
16186;31;81;255;sea;false;ocean;0
16187;55;127;255;sea;true;ocean;0
16188;84;113;255;sea;false;ocean;0
16189;100;43;255;sea;false;ocean;0
16190;66;106;255;sea;false;ocean;0
16191;45;90;255;sea;false;ocean;0
16192;111;103;255;sea;false;ocean;0
16193;96;110;255;sea;false;ocean;0
16194;37;56;255;sea;false;ocean;0
16195;106;39;255;sea;false;ocean;0
16196;83;49;255;sea;false;ocean;0
16197;112;74;255;sea;true;ocean;0
16198;135;116;255;sea;false;ocean;0
16199;106;77;255;sea;false;ocean;0
16200;101;77;255;sea;true;ocean;0
16201;90;90;255;sea;true;ocean;0
16202;119;69;255;sea;false;ocean;0
16203;137;76;255;sea;true;ocean;0
16204;142;99;255;sea;false;ocean;0
16205;122;133;255;sea;false;ocean;0
16206;133;74;255;sea;false;ocean;0
16207;123;146;255;sea;false;ocean;0
16208;135;122;255;sea;false;ocean;0
16209;77;89;255;sea;false;ocean;0
16210;126;99;255;sea;true;ocean;0
16211;142;131;255;sea;false;ocean;0
16212;121;89;255;sea;false;ocean;0
16213;70;100;255;sea;false;ocean;0
16214;83;81;255;sea;false;ocean;0
16215;68;97;255;sea;false;ocean;0
16216;108;45;255;sea;false;ocean;0
16217;83;72;255;sea;false;ocean;0
16218;75;84;255;sea;false;ocean;0
16219;110;99;255;sea;false;ocean;0
16220;59;99;255;sea;false;ocean;0
16221;102;100;255;sea;false;ocean;0
16222;5;1;255;sea;false;ocean;0
16223;0;50;255;sea;false;ocean;0
16224;5;20;255;sea;false;ocean;0
16225;46;5;255;sea;false;ocean;0
16226;22;19;255;sea;false;ocean;0
16227;22;31;255;sea;false;ocean;0
16228;45;28;255;sea;false;ocean;0
16229;2;12;255;sea;false;ocean;0
16230;10;20;255;sea;false;ocean;0
16231;17;48;255;sea;false;ocean;0
16232;20;54;255;sea;false;ocean;0
16233;35;8;255;sea;false;ocean;0
16234;58;34;255;sea;false;ocean;0
16235;29;15;255;sea;false;ocean;0
16236;27;20;255;sea;false;ocean;0
16237;5;31;255;sea;false;ocean;0
16238;27;10;255;sea;false;ocean;0
16239;53;79;255;sea;true;ocean;0
16240;53;52;255;sea;false;ocean;0
16241;10;21;255;sea;false;ocean;0
16242;41;80;255;sea;false;ocean;0
16243;52;18;255;sea;false;ocean;0
16244;59;64;255;sea;true;ocean;0
16245;3;12;255;sea;false;ocean;0
16246;45;13;255;sea;false;ocean;0
16247;16;67;255;sea;false;ocean;0
16248;69;34;255;sea;false;ocean;0
16249;73;23;255;sea;true;ocean;0
16250;16;50;255;sea;false;ocean;0
16251;61;44;255;sea;true;ocean;0
16252;67;30;255;sea;true;ocean;0
16253;43;91;255;sea;false;ocean;0
16254;51;83;255;sea;false;ocean;0
16255;15;70;255;sea;false;ocean;0
16256;1;74;255;sea;true;ocean;0
16257;3;54;255;sea;true;ocean;0
16258;41;55;255;sea;false;ocean;0
16259;46;67;255;sea;false;ocean;0
16260;20;77;255;sea;false;ocean;0
16261;45;40;255;sea;false;ocean;0
16262;5;90;255;sea;false;ocean;0
16263;37;28;255;sea;false;ocean;0
16264;42;86;255;sea;false;ocean;0
16265;53;41;255;sea;true;ocean;0
16266;30;56;255;sea;false;ocean;0
16267;21;18;255;sea;true;ocean;0
16268;25;18;255;sea;false;ocean;0
16269;76;71;255;sea;false;ocean;0
16270;73;60;255;sea;false;ocean;0
16271;77;63;255;sea;false;ocean;0
16272;99;58;255;sea;false;ocean;0
16273;74;45;255;sea;false;ocean;0
16274;26;77;255;sea;false;ocean;0
16275;35;49;255;sea;false;ocean;0
16276;26;50;255;sea;false;ocean;0
16277;37;84;255;sea;false;ocean;0
16278;25;81;255;sea;false;ocean;0
16279;34;73;255;sea;false;ocean;0
16280;60;88;255;sea;false;ocean;0
16281;33;64;255;sea;false;ocean;0
16282;36;83;255;sea;false;ocean;0
16283;52;89;255;sea;false;ocean;0
16284;49;62;255;sea;false;ocean;0
16285;126;104;255;sea;true;ocean;0
16286;96;84;255;sea;true;ocean;0
16287;162;109;255;sea;false;ocean;0
16288;99;81;255;sea;true;ocean;0
16289;101;143;255;sea;true;ocean;0
16290;96;152;255;sea;true;ocean;0
16291;106;152;255;sea;false;ocean;0
16292;152;101;255;sea;true;ocean;0
16293;38;86;255;sea;false;ocean;0
16294;44;17;255;sea;false;ocean;0
16295;37;77;255;sea;false;ocean;0
16296;42;37;255;sea;false;ocean;0
16297;27;37;255;sea;false;ocean;0
16298;5;82;255;sea;false;ocean;0
16299;48;47;255;sea;false;ocean;0
16300;2;19;255;sea;false;ocean;0
16301;9;78;255;sea;false;ocean;0
16302;1;33;255;sea;false;ocean;0
16303;23;22;255;sea;false;ocean;0
16304;26;30;255;sea;false;ocean;0
16305;53;35;255;sea;false;ocean;0
16306;35;22;255;sea;false;ocean;0
16307;46;29;255;sea;false;ocean;0
16308;8;20;255;sea;false;ocean;0
16309;146;24;255;sea;false;ocean;0
16310;87;85;255;sea;false;ocean;0
16311;88;83;255;sea;false;ocean;0
16312;83;91;255;sea;false;ocean;0
16313;144;38;255;sea;false;ocean;0
16314;131;27;255;sea;true;ocean;0
16315;122;79;255;sea;true;ocean;0
16316;142;79;255;sea;false;ocean;0
16317;158;70;255;sea;false;ocean;0
16318;84;111;255;sea;false;ocean;0
16319;116;100;255;sea;false;ocean;0
16320;144;42;255;sea;false;ocean;0
16321;111;43;255;sea;false;ocean;0
16322;105;48;255;sea;false;ocean;0
16323;133;96;255;sea;false;ocean;0
16324;81;85;255;sea;false;ocean;0
16325;110;81;255;sea;false;ocean;0
16326;113;54;255;sea;false;ocean;0
16327;113;57;255;sea;false;ocean;0
16328;140;103;255;sea;false;ocean;0
16329;126;56;255;sea;false;ocean;0
16330;109;72;255;sea;false;ocean;0
16331;139;76;255;sea;false;ocean;0
16332;69;102;255;sea;true;ocean;0
16333;83;102;255;sea;false;ocean;0
16334;68;84;255;sea;false;ocean;0
16335;82;63;255;sea;false;ocean;0
16336;138;47;255;sea;false;ocean;0
16337;146;50;255;sea;false;ocean;0
16338;82;46;255;sea;false;ocean;0
16339;124;90;255;sea;false;ocean;0
16340;92;56;255;sea;false;ocean;0
16341;91;0;255;sea;false;ocean;0
16342;135;30;255;sea;true;ocean;0
16343;100;32;255;sea;true;ocean;0
16344;54;71;255;sea;false;ocean;0
16345;36;61;255;sea;false;ocean;0
16346;6;107;255;sea;false;ocean;0
16347;72;80;255;sea;false;ocean;0
16348;57;70;255;sea;false;ocean;0
16349;20;112;255;sea;false;ocean;0
16350;55;122;255;sea;false;ocean;0
16351;48;106;255;sea;false;ocean;0
16352;50;80;255;sea;false;ocean;0
16353;78;130;255;sea;false;ocean;0
16354;8;114;255;sea;false;ocean;0
16355;10;78;255;sea;false;ocean;0
16356;72;68;255;sea;false;ocean;0
16357;1;85;255;sea;false;ocean;0
16358;13;111;255;sea;true;ocean;0
16359;59;81;255;sea;false;ocean;0
16360;74;104;255;sea;false;ocean;0
16361;33;134;255;sea;false;ocean;0
16362;39;72;255;sea;false;ocean;0
16363;67;82;255;sea;false;ocean;0
16364;27;115;255;sea;false;ocean;0
16365;6;111;255;sea;false;ocean;0
16366;35;97;255;sea;false;ocean;0
16367;16;80;255;sea;true;ocean;0
16368;68;89;255;sea;false;ocean;0
16369;50;127;255;sea;false;ocean;0
16370;49;61;255;sea;false;ocean;0
16371;60;120;255;sea;false;ocean;0
16372;59;90;255;sea;false;ocean;0
16373;23;119;255;sea;false;ocean;0
16374;1;77;255;sea;false;ocean;0
16375;63;117;255;sea;false;ocean;0
16376;37;55;255;sea;false;ocean;0
16377;68;64;255;sea;true;ocean;0
16378;14;95;255;sea;false;ocean;0
16379;22;71;255;sea;false;ocean;0
16380;6;71;255;sea;false;ocean;0
16381;50;95;255;sea;false;ocean;0
16382;76;120;255;sea;true;ocean;0
16383;61;54;255;sea;true;ocean;0
16384;70;120;255;sea;true;ocean;0
16385;76;68;255;sea;true;ocean;0
16386;16;64;255;sea;false;ocean;0
16387;54;88;255;sea;true;ocean;0
16388;66;69;255;sea;false;ocean;0
16389;75;95;255;sea;true;ocean;0
16390;36;87;255;sea;false;ocean;0
16391;51;123;255;sea;true;ocean;0
16392;57;51;255;sea;true;ocean;0
16393;60;81;255;sea;true;ocean;0
16394;1;52;255;sea;true;ocean;0
16395;21;95;255;sea;false;ocean;0
16396;10;100;255;sea;true;ocean;0
16397;16;108;255;sea;false;ocean;0
16398;76;67;255;sea;true;ocean;0
16399;78;82;255;sea;true;ocean;0
16400;57;116;255;sea;false;ocean;0
16401;54;46;255;sea;true;ocean;0
16402;66;76;255;sea;false;ocean;0
16403;32;96;255;sea;true;ocean;0
16404;7;52;255;sea;false;ocean;0
16405;0;92;255;sea;true;ocean;0
16406;35;54;255;sea;false;ocean;0
16407;11;122;255;sea;false;ocean;0
16408;52;121;255;sea;false;ocean;0
16409;5;62;255;sea;true;ocean;0
16410;69;99;255;sea;false;ocean;0
16411;45;122;255;sea;false;ocean;0
16412;33;100;255;sea;true;ocean;0
16413;42;85;255;sea;false;ocean;0
16414;34;4;255;sea;false;ocean;0
16415;41;27;255;sea;false;ocean;0
16416;98;34;255;sea;false;ocean;0
16417;49;3;255;sea;false;ocean;0
16418;61;30;255;sea;false;ocean;0
16419;77;2;255;sea;false;ocean;0
16420;27;46;255;sea;false;ocean;0
16421;64;27;255;sea;false;ocean;0
16422;105;40;255;sea;false;ocean;0
16423;79;2;255;sea;false;ocean;0
16424;97;28;255;sea;false;ocean;0
16425;136;100;255;sea;true;ocean;0
16426;141;75;255;sea;false;ocean;0
16427;155;119;255;sea;false;ocean;0
16428;107;150;255;sea;false;ocean;0
16429;130;124;255;sea;false;ocean;0
16430;156;111;255;sea;true;ocean;0
16431;143;107;255;sea;true;ocean;0
16432;106;69;255;sea;false;ocean;0
16433;103;105;255;sea;false;ocean;0
16434;75;75;255;sea;false;ocean;0
16435;127;90;255;sea;false;ocean;0
16436;98;137;255;sea;false;ocean;0
16437;123;131;255;sea;false;ocean;0
16438;132;84;255;sea;false;ocean;0
16439;142;116;255;sea;false;ocean;0
16440;108;95;255;sea;false;ocean;0
16441;66;92;255;sea;false;ocean;0
16442;71;71;255;sea;false;ocean;0
16443;120;71;255;sea;false;ocean;0
16444;134;111;255;sea;false;ocean;0
16445;129;77;255;sea;false;ocean;0
16446;86;105;255;sea;false;ocean;0
16447;103;113;255;sea;false;ocean;0
16448;9;136;255;sea;false;ocean;0
16449;38;114;255;sea;false;ocean;0
16450;40;160;255;sea;false;ocean;0
16451;55;138;255;sea;false;ocean;0
16452;9;107;255;sea;false;ocean;0
16453;65;144;255;sea;false;ocean;0
16454;2;90;255;sea;false;ocean;0
16455;56;140;255;sea;false;ocean;0
16456;14;111;255;sea;false;ocean;0
16457;12;112;255;sea;false;ocean;0
16458;30;109;255;sea;false;ocean;0
16459;30;11;255;sea;false;ocean;0
16460;12;40;255;sea;true;ocean;0
16461;18;16;255;sea;false;ocean;0
16462;23;14;255;sea;false;ocean;0
16463;43;28;255;sea;true;ocean;0
16464;17;22;255;sea;true;ocean;0
16465;35;29;255;sea;true;ocean;0
16466;25;42;255;sea;true;ocean;0
16467;34;20;255;sea;false;ocean;0
16468;48;3;255;sea;true;ocean;0
16469;17;8;255;sea;false;ocean;0
16470;37;8;255;sea;true;ocean;0
16471;1;26;255;sea;true;ocean;0
16472;21;1;255;sea;false;ocean;0
16473;16;42;255;sea;true;ocean;0
16474;9;4;255;sea;true;ocean;0
16475;5;18;255;sea;true;ocean;0
16476;28;3;255;sea;true;ocean;0
16477;24;18;255;sea;false;ocean;0
16478;12;45;255;sea;false;ocean;0
16479;33;35;255;sea;true;ocean;0
16480;46;87;255;sea;false;ocean;0
16481;41;90;255;sea;true;ocean;0
16482;40;115;255;sea;false;ocean;0
16483;79;127;255;sea;true;ocean;0
16484;84;137;255;sea;true;ocean;0
16485;90;126;255;sea;false;ocean;0
16486;63;137;255;sea;false;ocean;0
16487;45;124;255;sea;false;ocean;0
16488;69;137;255;sea;false;ocean;0
16489;74;140;255;sea;true;ocean;0
16490;77;40;255;sea;false;ocean;0
16491;35;30;255;sea;false;ocean;0
16492;42;75;255;sea;false;ocean;0
16493;25;60;255;sea;false;ocean;0
16494;70;66;255;sea;false;ocean;0
16495;98;44;255;sea;true;ocean;0
16496;63;43;255;sea;false;ocean;0
16497;59;48;255;sea;false;ocean;0
16498;59;78;255;sea;false;ocean;0
16499;28;85;255;sea;false;ocean;0
16500;52;43;255;sea;false;ocean;0
16501;49;18;255;sea;false;ocean;0
16502;49;52;255;sea;false;ocean;0
16503;51;53;255;sea;true;ocean;0
16504;69;21;255;sea;false;ocean;0
16505;42;15;255;sea;false;ocean;0
16506;47;60;255;sea;false;ocean;0
16507;57;41;255;sea;false;ocean;0
16508;26;29;255;sea;false;ocean;0
16509;50;72;255;sea;false;ocean;0
16510;24;83;255;sea;false;ocean;0
16511;97;37;255;sea;false;ocean;0
16512;61;9;255;sea;false;ocean;0
